---------------------------------------
Begin Slurm Prolog: Mar-17-2026 15:58:24
Job ID:    5018858
User ID:   hjiang378
Account:   gts-vfung3
Job name:  rmc
Partition: gpu-v100
QOS:       inferno
---------------------------------------
/storage/home/hcoda1/7/hjiang378/conda_envs/torchsim/lib/python3.11/site-packages/e3nn/o3/_wigner.py:10: FutureWarning: You are using `torch.load` with `weights_only=False` (the current default value), which uses the default pickle module implicitly. It is possible to construct malicious pickle data which will execute arbitrary code during unpickling (See https://github.com/pytorch/pytorch/blob/main/SECURITY.md#untrusted-models for more details). In a future release, the default value for `weights_only` will be flipped to `True`. This limits the functions that could be executed during unpickling. Arbitrary objects will no longer be allowed to be loaded via this mode unless they are explicitly allowlisted by the user via `torch.serialization.add_safe_globals`. We recommend you start setting `weights_only=True` for any use case where you don't have full control of the loaded file. Please open an issue on GitHub for any issues related to this experimental feature.
  _Jd, _W3j_flat, _W3j_indices = torch.load(os.path.join(os.path.dirname(__file__), 'constants.pt'))
/storage/home/hcoda1/7/hjiang378/MSP_PSO/scripts/rmc.py:344: FutureWarning: You are using `torch.load` with `weights_only=False` (the current default value), which uses the default pickle module implicitly. It is possible to construct malicious pickle data which will execute arbitrary code during unpickling (See https://github.com/pytorch/pytorch/blob/main/SECURITY.md#untrusted-models for more details). In a future release, the default value for `weights_only` will be flipped to `True`. This limits the functions that could be executed during unpickling. Arbitrary objects will no longer be allowed to be loaded via this mode unless they are explicitly allowlisted by the user via `torch.serialization.add_safe_globals`. We recommend you start setting `weights_only=True` for any use case where you don't have full control of the loaded file. Please open an issue on GitHub for any issues related to this experimental feature.
  ckpt = torch.load("mattersim-v1.0.0-5M.pth", map_location=device)
/storage/home/hcoda1/7/hjiang378/conda_envs/torchsim/lib/python3.11/site-packages/pymatgen/core/structure.py:2872: EncodingWarning: We strongly encourage explicit `encoding`, and we would use UTF-8 by default as per PEP 686
  with zopen(filename, "rt", errors="replace") as f:
/storage/home/hcoda1/7/hjiang378/conda_envs/torchsim/lib/python3.11/site-packages/pymatgen/io/cif.py:1221: UserWarning: Issues encountered while parsing CIF: 18 fractional coordinates rounded to ideal values to avoid issues with finite precision.
  warnings.warn("Issues encountered while parsing CIF: " + "\n".join(self.warnings))
/storage/home/hcoda1/7/hjiang378/MSP_PSO/scripts/rmc.py:62: FutureWarning: You are using `torch.load` with `weights_only=False` (the current default value), which uses the default pickle module implicitly. It is possible to construct malicious pickle data which will execute arbitrary code during unpickling (See https://github.com/pytorch/pytorch/blob/main/SECURITY.md#untrusted-models for more details). In a future release, the default value for `weights_only` will be flipped to `True`. This limits the functions that could be executed during unpickling. Arbitrary objects will no longer be allowed to be loaded via this mode unless they are explicitly allowlisted by the user via `torch.serialization.add_safe_globals`. We recommend you start setting `weights_only=True` for any use case where you don't have full control of the loaded file. Please open an issue on GitHub for any issues related to this experimental feature.
  ckpt = torch.load("mattersim-v1.0.0-5M.pth", map_location=device)
/storage/home/hcoda1/7/hjiang378/conda_envs/torchsim/lib/python3.11/site-packages/pymatgen/core/structure.py:2872: EncodingWarning: We strongly encourage explicit `encoding`, and we would use UTF-8 by default as per PEP 686
  with zopen(filename, "rt", errors="replace") as f:
/storage/home/hcoda1/7/hjiang378/conda_envs/torchsim/lib/python3.11/site-packages/pymatgen/io/cif.py:1221: UserWarning: Issues encountered while parsing CIF: 18 fractional coordinates rounded to ideal values to avoid issues with finite precision.
  warnings.warn("Issues encountered while parsing CIF: " + "\n".join(self.warnings))
/storage/home/hcoda1/7/hjiang378/MSP_PSO/scripts/rmc.py:163: UserWarning: Optimize has reached max steps: 51
  optimized_state = ts.optimize(
cuequivariance or cuequivariance_torch is not available. Cuequivariance acceleration will be disabled.
Initial energy: -79.6953353881836
  *** New best: -87.0298 eV
Iteration 10/5000: Ground Truth: -87.0155, Best: -87.0298, Current: -86.3819, Acceptance: 60.00%, Time: 0.04 s
Iteration 20/5000: Ground Truth: -87.0155, Best: -87.0298, Current: -85.4014, Acceptance: 70.00%, Time: 0.07 s
Iteration 30/5000: Ground Truth: -87.0155, Best: -87.0298, Current: -85.8149, Acceptance: 66.67%, Time: 0.06 s
Iteration 40/5000: Ground Truth: -87.0155, Best: -87.0298, Current: -84.9860, Acceptance: 75.00%, Time: 0.06 s
Iteration 50/5000: Ground Truth: -87.0155, Best: -87.0298, Current: -84.8298, Acceptance: 76.00%, Time: 0.06 s
Iteration 60/5000: Ground Truth: -87.0155, Best: -87.0298, Current: -85.6359, Acceptance: 78.33%, Time: 0.04 s
Iteration 70/5000: Ground Truth: -87.0155, Best: -87.0298, Current: -86.5669, Acceptance: 77.14%, Time: 0.04 s
Iteration 80/5000: Ground Truth: -87.0155, Best: -87.0298, Current: -84.5827, Acceptance: 80.00%, Time: 0.06 s
Iteration 90/5000: Ground Truth: -87.0155, Best: -87.0298, Current: -86.0611, Acceptance: 81.11%, Time: 0.04 s
Iteration 100/5000: Ground Truth: -87.0155, Best: -87.0298, Current: -86.0548, Acceptance: 80.00%, Time: 0.04 s
Iteration 110/5000: Ground Truth: -87.0155, Best: -87.0298, Current: -86.0490, Acceptance: 78.18%, Time: 0.07 s
Iteration 120/5000: Ground Truth: -87.0155, Best: -87.0298, Current: -85.2051, Acceptance: 79.17%, Time: 0.04 s
Iteration 130/5000: Ground Truth: -87.0155, Best: -87.0298, Current: -86.1907, Acceptance: 77.69%, Time: 0.07 s
Iteration 140/5000: Ground Truth: -87.0155, Best: -87.0298, Current: -85.0386, Acceptance: 77.86%, Time: 0.06 s
Iteration 150/5000: Ground Truth: -87.0155, Best: -87.0298, Current: -84.6376, Acceptance: 79.33%, Time: 0.06 s
Iteration 160/5000: Ground Truth: -87.0155, Best: -87.0298, Current: -85.8293, Acceptance: 78.75%, Time: 0.04 s
Iteration 170/5000: Ground Truth: -87.0155, Best: -87.0298, Current: -85.6707, Acceptance: 78.24%, Time: 0.06 s
Iteration 180/5000: Ground Truth: -87.0155, Best: -87.0298, Current: -85.1492, Acceptance: 77.22%, Time: 0.06 s
Iteration 190/5000: Ground Truth: -87.0155, Best: -87.0298, Current: -85.9021, Acceptance: 76.84%, Time: 0.04 s
Iteration 200/5000: Ground Truth: -87.0155, Best: -87.0298, Current: -84.7350, Acceptance: 77.50%, Time: 0.06 s
Iteration 210/5000: Ground Truth: -87.0155, Best: -87.0298, Current: -84.7239, Acceptance: 77.14%, Time: 0.04 s
Iteration 220/5000: Ground Truth: -87.0155, Best: -87.0298, Current: -84.8904, Acceptance: 77.27%, Time: 0.06 s
Iteration 230/5000: Ground Truth: -87.0155, Best: -87.0298, Current: -85.7582, Acceptance: 76.52%, Time: 0.06 s
Iteration 240/5000: Ground Truth: -87.0155, Best: -87.0298, Current: -86.5827, Acceptance: 76.67%, Time: 0.04 s
Iteration 250/5000: Ground Truth: -87.0155, Best: -87.0298, Current: -85.5734, Acceptance: 77.20%, Time: 0.04 s
Iteration 260/5000: Ground Truth: -87.0155, Best: -87.0298, Current: -82.6676, Acceptance: 77.31%, Time: 0.06 s
Iteration 270/5000: Ground Truth: -87.0155, Best: -87.0298, Current: -85.8561, Acceptance: 77.41%, Time: 0.06 s
Iteration 280/5000: Ground Truth: -87.0155, Best: -87.0298, Current: -84.8427, Acceptance: 77.50%, Time: 0.04 s
Iteration 290/5000: Ground Truth: -87.0155, Best: -87.0298, Current: -85.0262, Acceptance: 77.59%, Time: 0.06 s
Iteration 300/5000: Ground Truth: -87.0155, Best: -87.0298, Current: -85.5873, Acceptance: 77.00%, Time: 0.07 s
Iteration 310/5000: Ground Truth: -87.0155, Best: -87.0298, Current: -85.3540, Acceptance: 76.77%, Time: 0.07 s
Iteration 320/5000: Ground Truth: -87.0155, Best: -87.0298, Current: -84.4328, Acceptance: 77.19%, Time: 0.06 s
Iteration 330/5000: Ground Truth: -87.0155, Best: -87.0298, Current: -85.0345, Acceptance: 76.97%, Time: 0.04 s
Iteration 340/5000: Ground Truth: -87.0155, Best: -87.0298, Current: -84.5419, Acceptance: 77.06%, Time: 0.04 s
Iteration 350/5000: Ground Truth: -87.0155, Best: -87.0298, Current: -86.4083, Acceptance: 76.29%, Time: 0.04 s
Iteration 360/5000: Ground Truth: -87.0155, Best: -87.0298, Current: -84.7021, Acceptance: 76.94%, Time: 0.07 s
Iteration 370/5000: Ground Truth: -87.0155, Best: -87.0298, Current: -85.7380, Acceptance: 76.76%, Time: 0.04 s
Iteration 380/5000: Ground Truth: -87.0155, Best: -87.0298, Current: -85.3926, Acceptance: 77.11%, Time: 0.04 s
Iteration 390/5000: Ground Truth: -87.0155, Best: -87.0298, Current: -85.5405, Acceptance: 76.15%, Time: 0.04 s
Iteration 400/5000: Ground Truth: -87.0155, Best: -87.0298, Current: -83.4773, Acceptance: 76.75%, Time: 0.07 s
Iteration 410/5000: Ground Truth: -87.0155, Best: -87.0298, Current: -84.9250, Acceptance: 77.32%, Time: 0.07 s
Iteration 420/5000: Ground Truth: -87.0155, Best: -87.0298, Current: -85.9286, Acceptance: 76.90%, Time: 0.04 s
Iteration 430/5000: Ground Truth: -87.0155, Best: -87.0298, Current: -84.7092, Acceptance: 76.98%, Time: 0.04 s
Iteration 440/5000: Ground Truth: -87.0155, Best: -87.0298, Current: -84.9615, Acceptance: 77.27%, Time: 0.04 s
Iteration 450/5000: Ground Truth: -87.0155, Best: -87.0298, Current: -85.4468, Acceptance: 77.11%, Time: 0.06 s
Iteration 460/5000: Ground Truth: -87.0155, Best: -87.0298, Current: -85.6286, Acceptance: 76.96%, Time: 0.04 s
Iteration 470/5000: Ground Truth: -87.0155, Best: -87.0298, Current: -86.0439, Acceptance: 76.81%, Time: 0.04 s
Iteration 480/5000: Ground Truth: -87.0155, Best: -87.0298, Current: -84.6563, Acceptance: 77.29%, Time: 0.06 s
Iteration 490/5000: Ground Truth: -87.0155, Best: -87.0298, Current: -84.2686, Acceptance: 77.35%, Time: 0.06 s
Iteration 500/5000: Ground Truth: -87.0155, Best: -87.0298, Current: -85.0442, Acceptance: 77.60%, Time: 0.04 s
Iteration 510/5000: Ground Truth: -87.0155, Best: -87.0298, Current: -84.5174, Acceptance: 78.04%, Time: 0.07 s
Iteration 520/5000: Ground Truth: -87.0155, Best: -87.0298, Current: -85.9497, Acceptance: 78.27%, Time: 0.04 s
Iteration 530/5000: Ground Truth: -87.0155, Best: -87.0298, Current: -85.3121, Acceptance: 78.11%, Time: 0.04 s
Iteration 540/5000: Ground Truth: -87.0155, Best: -87.0298, Current: -85.8570, Acceptance: 77.96%, Time: 0.04 s
Iteration 550/5000: Ground Truth: -87.0155, Best: -87.0298, Current: -84.8263, Acceptance: 77.82%, Time: 0.06 s
Iteration 560/5000: Ground Truth: -87.0155, Best: -87.0298, Current: -86.6636, Acceptance: 77.50%, Time: 0.04 s
Iteration 570/5000: Ground Truth: -87.0155, Best: -87.0298, Current: -84.4453, Acceptance: 77.54%, Time: 0.04 s
Iteration 580/5000: Ground Truth: -87.0155, Best: -87.0298, Current: -85.5540, Acceptance: 77.59%, Time: 0.04 s
Iteration 590/5000: Ground Truth: -87.0155, Best: -87.0298, Current: -85.4910, Acceptance: 77.97%, Time: 0.04 s
Iteration 600/5000: Ground Truth: -87.0155, Best: -87.0298, Current: -85.6716, Acceptance: 77.67%, Time: 0.06 s
Iteration 610/5000: Ground Truth: -87.0155, Best: -87.0298, Current: -85.8078, Acceptance: 77.70%, Time: 0.04 s
Iteration 620/5000: Ground Truth: -87.0155, Best: -87.0298, Current: -85.2935, Acceptance: 77.42%, Time: 0.06 s
Iteration 630/5000: Ground Truth: -87.0155, Best: -87.0298, Current: -84.3713, Acceptance: 77.46%, Time: 0.06 s
Iteration 640/5000: Ground Truth: -87.0155, Best: -87.0298, Current: -85.9161, Acceptance: 77.03%, Time: 0.04 s
Iteration 650/5000: Ground Truth: -87.0155, Best: -87.0298, Current: -85.6846, Acceptance: 77.23%, Time: 0.04 s
Iteration 660/5000: Ground Truth: -87.0155, Best: -87.0298, Current: -83.3154, Acceptance: 76.97%, Time: 0.06 s
Iteration 670/5000: Ground Truth: -87.0155, Best: -87.0298, Current: -84.1494, Acceptance: 77.31%, Time: 0.06 s
Iteration 680/5000: Ground Truth: -87.0155, Best: -87.0298, Current: -84.9431, Acceptance: 77.50%, Time: 0.06 s
Iteration 690/5000: Ground Truth: -87.0155, Best: -87.0298, Current: -86.1520, Acceptance: 77.39%, Time: 0.04 s
Iteration 700/5000: Ground Truth: -87.0155, Best: -87.0298, Current: -84.3796, Acceptance: 77.71%, Time: 0.06 s
Iteration 710/5000: Ground Truth: -87.0155, Best: -87.0298, Current: -85.2127, Acceptance: 77.61%, Time: 0.06 s
Iteration 720/5000: Ground Truth: -87.0155, Best: -87.0298, Current: -85.2458, Acceptance: 77.64%, Time: 0.04 s
Iteration 730/5000: Ground Truth: -87.0155, Best: -87.0298, Current: -85.7513, Acceptance: 77.53%, Time: 0.04 s
Iteration 740/5000: Ground Truth: -87.0155, Best: -87.0298, Current: -85.2065, Acceptance: 77.57%, Time: 0.05 s
Iteration 750/5000: Ground Truth: -87.0155, Best: -87.0298, Current: -85.9295, Acceptance: 77.73%, Time: 0.04 s
Iteration 760/5000: Ground Truth: -87.0155, Best: -87.0298, Current: -85.2617, Acceptance: 77.89%, Time: 0.04 s
Iteration 770/5000: Ground Truth: -87.0155, Best: -87.0298, Current: -85.4681, Acceptance: 77.92%, Time: 0.07 s
Iteration 780/5000: Ground Truth: -87.0155, Best: -87.0298, Current: -85.6029, Acceptance: 77.69%, Time: 0.07 s
Iteration 790/5000: Ground Truth: -87.0155, Best: -87.0298, Current: -85.1716, Acceptance: 77.72%, Time: 0.04 s
Iteration 800/5000: Ground Truth: -87.0155, Best: -87.0298, Current: -85.2863, Acceptance: 77.75%, Time: 0.04 s
Iteration 810/5000: Ground Truth: -87.0155, Best: -87.0298, Current: -85.5477, Acceptance: 77.53%, Time: 0.05 s
Iteration 820/5000: Ground Truth: -87.0155, Best: -87.0298, Current: -84.5708, Acceptance: 77.56%, Time: 0.04 s
Iteration 830/5000: Ground Truth: -87.0155, Best: -87.0298, Current: -84.9858, Acceptance: 77.47%, Time: 0.06 s
Iteration 840/5000: Ground Truth: -87.0155, Best: -87.0298, Current: -85.6783, Acceptance: 77.38%, Time: 0.07 s
Iteration 850/5000: Ground Truth: -87.0155, Best: -87.0298, Current: -85.9540, Acceptance: 77.41%, Time: 0.04 s
Iteration 860/5000: Ground Truth: -87.0155, Best: -87.0298, Current: -85.2923, Acceptance: 77.56%, Time: 0.06 s
Iteration 870/5000: Ground Truth: -87.0155, Best: -87.0298, Current: -84.7703, Acceptance: 77.70%, Time: 0.04 s
Iteration 880/5000: Ground Truth: -87.0155, Best: -87.0298, Current: -85.6524, Acceptance: 77.61%, Time: 0.06 s
Iteration 890/5000: Ground Truth: -87.0155, Best: -87.0298, Current: -85.4003, Acceptance: 77.42%, Time: 0.06 s
Iteration 900/5000: Ground Truth: -87.0155, Best: -87.0298, Current: -85.2091, Acceptance: 77.56%, Time: 0.07 s
Iteration 910/5000: Ground Truth: -87.0155, Best: -87.0298, Current: -86.2813, Acceptance: 77.47%, Time: 0.07 s
Iteration 920/5000: Ground Truth: -87.0155, Best: -87.0298, Current: -85.7527, Acceptance: 77.61%, Time: 0.04 s
Iteration 930/5000: Ground Truth: -87.0155, Best: -87.0298, Current: -86.0565, Acceptance: 77.74%, Time: 0.04 s
Iteration 940/5000: Ground Truth: -87.0155, Best: -87.0298, Current: -85.9329, Acceptance: 77.66%, Time: 0.04 s
Iteration 950/5000: Ground Truth: -87.0155, Best: -87.0298, Current: -85.7987, Acceptance: 77.47%, Time: 0.04 s
Iteration 960/5000: Ground Truth: -87.0155, Best: -87.0298, Current: -85.4987, Acceptance: 77.50%, Time: 0.04 s
Iteration 970/5000: Ground Truth: -87.0155, Best: -87.0298, Current: -85.8210, Acceptance: 77.42%, Time: 0.04 s
Iteration 980/5000: Ground Truth: -87.0155, Best: -87.0298, Current: -85.8509, Acceptance: 77.35%, Time: 0.04 s
Iteration 990/5000: Ground Truth: -87.0155, Best: -87.0298, Current: -84.8962, Acceptance: 77.37%, Time: 0.07 s
Iteration 1000/5000: Ground Truth: -87.0155, Best: -87.0298, Current: -84.6156, Acceptance: 77.40%, Time: 0.06 s
Iteration 1010/5000: Ground Truth: -87.0155, Best: -87.0298, Current: -85.2703, Acceptance: 77.23%, Time: 0.04 s
Iteration 1020/5000: Ground Truth: -87.0155, Best: -87.0298, Current: -84.8763, Acceptance: 77.35%, Time: 0.07 s
Iteration 1030/5000: Ground Truth: -87.0155, Best: -87.0298, Current: -85.9739, Acceptance: 77.28%, Time: 0.04 s
Iteration 1040/5000: Ground Truth: -87.0155, Best: -87.0298, Current: -85.3127, Acceptance: 77.21%, Time: 0.07 s
Iteration 1050/5000: Ground Truth: -87.0155, Best: -87.0298, Current: -85.1064, Acceptance: 76.86%, Time: 0.06 s
Iteration 1060/5000: Ground Truth: -87.0155, Best: -87.0298, Current: -85.4554, Acceptance: 76.89%, Time: 0.07 s
Iteration 1070/5000: Ground Truth: -87.0155, Best: -87.0298, Current: -85.5188, Acceptance: 76.82%, Time: 0.06 s
Iteration 1080/5000: Ground Truth: -87.0155, Best: -87.0298, Current: -84.9500, Acceptance: 77.04%, Time: 0.04 s
Iteration 1090/5000: Ground Truth: -87.0155, Best: -87.0298, Current: -85.0374, Acceptance: 76.97%, Time: 0.07 s
Iteration 1100/5000: Ground Truth: -87.0155, Best: -87.0298, Current: -86.2843, Acceptance: 77.00%, Time: 0.04 s
Iteration 1110/5000: Ground Truth: -87.0155, Best: -87.0298, Current: -85.9103, Acceptance: 77.12%, Time: 0.04 s
Iteration 1120/5000: Ground Truth: -87.0155, Best: -87.0298, Current: -85.7284, Acceptance: 77.05%, Time: 0.07 s
Iteration 1130/5000: Ground Truth: -87.0155, Best: -87.0298, Current: -85.7957, Acceptance: 76.99%, Time: 0.04 s
Iteration 1140/5000: Ground Truth: -87.0155, Best: -87.0298, Current: -86.1356, Acceptance: 77.11%, Time: 0.07 s
Iteration 1150/5000: Ground Truth: -87.0155, Best: -87.0298, Current: -85.8375, Acceptance: 77.04%, Time: 0.07 s
Iteration 1160/5000: Ground Truth: -87.0155, Best: -87.0298, Current: -86.5312, Acceptance: 76.90%, Time: 0.04 s
Iteration 1170/5000: Ground Truth: -87.0155, Best: -87.0298, Current: -84.6263, Acceptance: 77.01%, Time: 0.06 s
Iteration 1180/5000: Ground Truth: -87.0155, Best: -87.0298, Current: -85.7936, Acceptance: 76.95%, Time: 0.04 s
Iteration 1190/5000: Ground Truth: -87.0155, Best: -87.0298, Current: -85.9525, Acceptance: 76.81%, Time: 0.04 s
Iteration 1200/5000: Ground Truth: -87.0155, Best: -87.0298, Current: -86.1886, Acceptance: 76.83%, Time: 0.04 s
Iteration 1210/5000: Ground Truth: -87.0155, Best: -87.0298, Current: -86.2993, Acceptance: 76.69%, Time: 0.04 s
Iteration 1220/5000: Ground Truth: -87.0155, Best: -87.0298, Current: -83.2811, Acceptance: 76.72%, Time: 0.07 s
Iteration 1230/5000: Ground Truth: -87.0155, Best: -87.0298, Current: -86.2519, Acceptance: 76.67%, Time: 0.04 s
Iteration 1240/5000: Ground Truth: -87.0155, Best: -87.0298, Current: -86.4746, Acceptance: 76.69%, Time: 0.04 s
Iteration 1250/5000: Ground Truth: -87.0155, Best: -87.0298, Current: -86.1389, Acceptance: 76.64%, Time: 0.04 s
Iteration 1260/5000: Ground Truth: -87.0155, Best: -87.0298, Current: -86.4881, Acceptance: 76.59%, Time: 0.07 s
  *** New best: -87.0299 eV
Iteration 1270/5000: Ground Truth: -87.0155, Best: -87.0299, Current: -85.7029, Acceptance: 76.61%, Time: 0.07 s
Iteration 1280/5000: Ground Truth: -87.0155, Best: -87.0299, Current: -85.0532, Acceptance: 76.48%, Time: 0.04 s
Iteration 1290/5000: Ground Truth: -87.0155, Best: -87.0299, Current: -86.0396, Acceptance: 76.51%, Time: 0.04 s
Iteration 1300/5000: Ground Truth: -87.0155, Best: -87.0299, Current: -84.6843, Acceptance: 76.46%, Time: 0.04 s
Iteration 1310/5000: Ground Truth: -87.0155, Best: -87.0299, Current: -85.1296, Acceptance: 76.56%, Time: 0.07 s
Iteration 1320/5000: Ground Truth: -87.0155, Best: -87.0299, Current: -84.7617, Acceptance: 76.59%, Time: 0.06 s
Iteration 1330/5000: Ground Truth: -87.0155, Best: -87.0299, Current: -86.1802, Acceptance: 76.47%, Time: 0.07 s
Iteration 1340/5000: Ground Truth: -87.0155, Best: -87.0299, Current: -86.1284, Acceptance: 76.49%, Time: 0.04 s
Iteration 1350/5000: Ground Truth: -87.0155, Best: -87.0299, Current: -86.0743, Acceptance: 76.44%, Time: 0.04 s
Iteration 1360/5000: Ground Truth: -87.0155, Best: -87.0299, Current: -85.3306, Acceptance: 76.47%, Time: 0.07 s
Iteration 1370/5000: Ground Truth: -87.0155, Best: -87.0299, Current: -85.7117, Acceptance: 76.42%, Time: 0.07 s
Iteration 1380/5000: Ground Truth: -87.0155, Best: -87.0299, Current: -84.7000, Acceptance: 76.38%, Time: 0.06 s
Iteration 1390/5000: Ground Truth: -87.0155, Best: -87.0299, Current: -85.6136, Acceptance: 76.26%, Time: 0.07 s
Iteration 1400/5000: Ground Truth: -87.0155, Best: -87.0299, Current: -86.0237, Acceptance: 76.29%, Time: 0.04 s
Iteration 1410/5000: Ground Truth: -87.0155, Best: -87.0299, Current: -84.6446, Acceptance: 76.24%, Time: 0.04 s
Iteration 1420/5000: Ground Truth: -87.0155, Best: -87.0299, Current: -85.1899, Acceptance: 76.34%, Time: 0.04 s
Iteration 1430/5000: Ground Truth: -87.0155, Best: -87.0299, Current: -85.7691, Acceptance: 76.29%, Time: 0.04 s
Iteration 1440/5000: Ground Truth: -87.0155, Best: -87.0299, Current: -86.4411, Acceptance: 76.04%, Time: 0.04 s
Iteration 1450/5000: Ground Truth: -87.0155, Best: -87.0299, Current: -85.2603, Acceptance: 76.00%, Time: 0.06 s
Iteration 1460/5000: Ground Truth: -87.0155, Best: -87.0299, Current: -85.3590, Acceptance: 75.89%, Time: 0.07 s
Iteration 1470/5000: Ground Truth: -87.0155, Best: -87.0299, Current: -85.7548, Acceptance: 75.85%, Time: 0.04 s
Iteration 1480/5000: Ground Truth: -87.0155, Best: -87.0299, Current: -84.1504, Acceptance: 75.81%, Time: 0.06 s
Iteration 1490/5000: Ground Truth: -87.0155, Best: -87.0299, Current: -84.9734, Acceptance: 75.77%, Time: 0.04 s
Iteration 1500/5000: Ground Truth: -87.0155, Best: -87.0299, Current: -84.2332, Acceptance: 75.80%, Time: 0.07 s
Iteration 1510/5000: Ground Truth: -87.0155, Best: -87.0299, Current: -85.5518, Acceptance: 75.83%, Time: 0.07 s
Iteration 1520/5000: Ground Truth: -87.0155, Best: -87.0299, Current: -84.8482, Acceptance: 75.79%, Time: 0.07 s
Iteration 1530/5000: Ground Truth: -87.0155, Best: -87.0299, Current: -84.8291, Acceptance: 75.88%, Time: 0.07 s
Iteration 1540/5000: Ground Truth: -87.0155, Best: -87.0299, Current: -85.6398, Acceptance: 75.97%, Time: 0.04 s
Iteration 1550/5000: Ground Truth: -87.0155, Best: -87.0299, Current: -85.3843, Acceptance: 76.00%, Time: 0.07 s
Iteration 1560/5000: Ground Truth: -87.0155, Best: -87.0299, Current: -86.0476, Acceptance: 76.03%, Time: 0.04 s
Iteration 1570/5000: Ground Truth: -87.0155, Best: -87.0299, Current: -85.9850, Acceptance: 76.05%, Time: 0.04 s
Iteration 1580/5000: Ground Truth: -87.0155, Best: -87.0299, Current: -86.2140, Acceptance: 76.01%, Time: 0.04 s
Iteration 1590/5000: Ground Truth: -87.0155, Best: -87.0299, Current: -85.7776, Acceptance: 76.04%, Time: 0.04 s
Iteration 1600/5000: Ground Truth: -87.0155, Best: -87.0299, Current: -85.6488, Acceptance: 76.06%, Time: 0.07 s
Iteration 1610/5000: Ground Truth: -87.0155, Best: -87.0299, Current: -85.9942, Acceptance: 76.09%, Time: 0.04 s
Iteration 1620/5000: Ground Truth: -87.0155, Best: -87.0299, Current: -84.9621, Acceptance: 76.11%, Time: 0.06 s
Iteration 1630/5000: Ground Truth: -87.0155, Best: -87.0299, Current: -84.2099, Acceptance: 76.20%, Time: 0.05 s
Iteration 1640/5000: Ground Truth: -87.0155, Best: -87.0299, Current: -85.9962, Acceptance: 76.22%, Time: 0.04 s
Iteration 1650/5000: Ground Truth: -87.0155, Best: -87.0299, Current: -86.2908, Acceptance: 76.18%, Time: 0.04 s
Iteration 1660/5000: Ground Truth: -87.0155, Best: -87.0299, Current: -85.0211, Acceptance: 76.33%, Time: 0.06 s
Iteration 1670/5000: Ground Truth: -87.0155, Best: -87.0299, Current: -85.7816, Acceptance: 76.23%, Time: 0.06 s
Iteration 1680/5000: Ground Truth: -87.0155, Best: -87.0299, Current: -83.9506, Acceptance: 76.37%, Time: 0.06 s
Iteration 1690/5000: Ground Truth: -87.0155, Best: -87.0299, Current: -86.1469, Acceptance: 76.39%, Time: 0.04 s
Iteration 1700/5000: Ground Truth: -87.0155, Best: -87.0299, Current: -85.6017, Acceptance: 76.47%, Time: 0.06 s
Iteration 1710/5000: Ground Truth: -87.0155, Best: -87.0299, Current: -84.0314, Acceptance: 76.43%, Time: 0.07 s
Iteration 1720/5000: Ground Truth: -87.0155, Best: -87.0299, Current: -84.1159, Acceptance: 76.51%, Time: 0.04 s
Iteration 1730/5000: Ground Truth: -87.0155, Best: -87.0299, Current: -86.5914, Acceptance: 76.47%, Time: 0.04 s
Iteration 1740/5000: Ground Truth: -87.0155, Best: -87.0299, Current: -85.2305, Acceptance: 76.55%, Time: 0.07 s
Iteration 1750/5000: Ground Truth: -87.0155, Best: -87.0299, Current: -85.4679, Acceptance: 76.57%, Time: 0.07 s
Iteration 1760/5000: Ground Truth: -87.0155, Best: -87.0299, Current: -85.1440, Acceptance: 76.59%, Time: 0.07 s
Iteration 1770/5000: Ground Truth: -87.0155, Best: -87.0299, Current: -86.0349, Acceptance: 76.50%, Time: 0.04 s
Iteration 1780/5000: Ground Truth: -87.0155, Best: -87.0299, Current: -85.3700, Acceptance: 76.46%, Time: 0.07 s
Iteration 1790/5000: Ground Truth: -87.0155, Best: -87.0299, Current: -85.6387, Acceptance: 76.54%, Time: 0.04 s
Iteration 1800/5000: Ground Truth: -87.0155, Best: -87.0299, Current: -85.7314, Acceptance: 76.61%, Time: 0.04 s
Iteration 1810/5000: Ground Truth: -87.0155, Best: -87.0299, Current: -86.3728, Acceptance: 76.46%, Time: 0.04 s
Iteration 1820/5000: Ground Truth: -87.0155, Best: -87.0299, Current: -86.2557, Acceptance: 76.43%, Time: 0.04 s
Iteration 1830/5000: Ground Truth: -87.0155, Best: -87.0299, Current: -84.8587, Acceptance: 76.56%, Time: 0.07 s
Iteration 1840/5000: Ground Truth: -87.0155, Best: -87.0299, Current: -86.0523, Acceptance: 76.47%, Time: 0.04 s
Iteration 1850/5000: Ground Truth: -87.0155, Best: -87.0299, Current: -84.5824, Acceptance: 76.49%, Time: 0.06 s
Iteration 1860/5000: Ground Truth: -87.0155, Best: -87.0299, Current: -84.8360, Acceptance: 76.45%, Time: 0.06 s
Iteration 1870/5000: Ground Truth: -87.0155, Best: -87.0299, Current: -86.3040, Acceptance: 76.31%, Time: 0.04 s
Iteration 1880/5000: Ground Truth: -87.0155, Best: -87.0299, Current: -84.8751, Acceptance: 76.38%, Time: 0.07 s
Iteration 1890/5000: Ground Truth: -87.0155, Best: -87.0299, Current: -84.7247, Acceptance: 76.40%, Time: 0.04 s
Iteration 1900/5000: Ground Truth: -87.0155, Best: -87.0299, Current: -84.5081, Acceptance: 76.47%, Time: 0.06 s
Iteration 1910/5000: Ground Truth: -87.0155, Best: -87.0299, Current: -85.9266, Acceptance: 76.44%, Time: 0.07 s
Iteration 1920/5000: Ground Truth: -87.0155, Best: -87.0299, Current: -85.0024, Acceptance: 76.56%, Time: 0.08 s
Iteration 1930/5000: Ground Truth: -87.0155, Best: -87.0299, Current: -86.2160, Acceptance: 76.53%, Time: 0.04 s
Iteration 1940/5000: Ground Truth: -87.0155, Best: -87.0299, Current: -85.6215, Acceptance: 76.44%, Time: 0.04 s
Iteration 1950/5000: Ground Truth: -87.0155, Best: -87.0299, Current: -84.6124, Acceptance: 76.41%, Time: 0.06 s
Iteration 1960/5000: Ground Truth: -87.0155, Best: -87.0299, Current: -85.5205, Acceptance: 76.43%, Time: 0.06 s
Iteration 1970/5000: Ground Truth: -87.0155, Best: -87.0299, Current: -85.2556, Acceptance: 76.45%, Time: 0.06 s
Iteration 1980/5000: Ground Truth: -87.0155, Best: -87.0299, Current: -85.3766, Acceptance: 76.52%, Time: 0.04 s
Iteration 1990/5000: Ground Truth: -87.0155, Best: -87.0299, Current: -84.7868, Acceptance: 76.53%, Time: 0.04 s
Iteration 2000/5000: Ground Truth: -87.0155, Best: -87.0299, Current: -85.2269, Acceptance: 76.55%, Time: 0.04 s
Iteration 2010/5000: Ground Truth: -87.0155, Best: -87.0299, Current: -86.1739, Acceptance: 76.47%, Time: 0.04 s
Iteration 2020/5000: Ground Truth: -87.0155, Best: -87.0299, Current: -86.0783, Acceptance: 76.34%, Time: 0.04 s
Iteration 2030/5000: Ground Truth: -87.0155, Best: -87.0299, Current: -86.0063, Acceptance: 76.45%, Time: 0.07 s
Iteration 2040/5000: Ground Truth: -87.0155, Best: -87.0299, Current: -85.9279, Acceptance: 76.52%, Time: 0.07 s
Iteration 2050/5000: Ground Truth: -87.0155, Best: -87.0299, Current: -84.7995, Acceptance: 76.49%, Time: 0.04 s
Iteration 2060/5000: Ground Truth: -87.0155, Best: -87.0299, Current: -86.8272, Acceptance: 76.31%, Time: 0.07 s
Iteration 2070/5000: Ground Truth: -87.0155, Best: -87.0299, Current: -85.6278, Acceptance: 76.28%, Time: 0.04 s
Iteration 2080/5000: Ground Truth: -87.0155, Best: -87.0299, Current: -84.2378, Acceptance: 76.25%, Time: 0.07 s
Iteration 2090/5000: Ground Truth: -87.0155, Best: -87.0299, Current: -86.3869, Acceptance: 76.12%, Time: 0.07 s
Iteration 2100/5000: Ground Truth: -87.0155, Best: -87.0299, Current: -84.0980, Acceptance: 76.19%, Time: 0.07 s
Iteration 2110/5000: Ground Truth: -87.0155, Best: -87.0299, Current: -86.2515, Acceptance: 76.11%, Time: 0.04 s
Iteration 2120/5000: Ground Truth: -87.0155, Best: -87.0299, Current: -85.3923, Acceptance: 76.08%, Time: 0.04 s
Iteration 2130/5000: Ground Truth: -87.0155, Best: -87.0299, Current: -83.2920, Acceptance: 76.01%, Time: 0.04 s
Iteration 2140/5000: Ground Truth: -87.0155, Best: -87.0299, Current: -86.0319, Acceptance: 75.98%, Time: 0.04 s
Iteration 2150/5000: Ground Truth: -87.0155, Best: -87.0299, Current: -86.2805, Acceptance: 75.86%, Time: 0.07 s
Iteration 2160/5000: Ground Truth: -87.0155, Best: -87.0299, Current: -85.9409, Acceptance: 75.93%, Time: 0.04 s
Iteration 2170/5000: Ground Truth: -87.0155, Best: -87.0299, Current: -83.9223, Acceptance: 75.99%, Time: 0.04 s
Iteration 2180/5000: Ground Truth: -87.0155, Best: -87.0299, Current: -85.7034, Acceptance: 76.06%, Time: 0.06 s
Iteration 2190/5000: Ground Truth: -87.0155, Best: -87.0299, Current: -85.3665, Acceptance: 76.03%, Time: 0.06 s
Iteration 2200/5000: Ground Truth: -87.0155, Best: -87.0299, Current: -85.7724, Acceptance: 76.09%, Time: 0.04 s
Iteration 2210/5000: Ground Truth: -87.0155, Best: -87.0299, Current: -84.2831, Acceptance: 76.02%, Time: 0.07 s
Iteration 2220/5000: Ground Truth: -87.0155, Best: -87.0299, Current: -85.5815, Acceptance: 75.95%, Time: 0.06 s
Iteration 2230/5000: Ground Truth: -87.0155, Best: -87.0299, Current: -86.1748, Acceptance: 75.87%, Time: 0.08 s
Iteration 2240/5000: Ground Truth: -87.0155, Best: -87.0299, Current: -85.8593, Acceptance: 75.76%, Time: 0.06 s
Iteration 2250/5000: Ground Truth: -87.0155, Best: -87.0299, Current: -85.5307, Acceptance: 75.82%, Time: 0.04 s
Iteration 2260/5000: Ground Truth: -87.0155, Best: -87.0299, Current: -85.2589, Acceptance: 75.84%, Time: 0.06 s
Iteration 2270/5000: Ground Truth: -87.0155, Best: -87.0299, Current: -85.1385, Acceptance: 75.95%, Time: 0.06 s
Iteration 2280/5000: Ground Truth: -87.0155, Best: -87.0299, Current: -84.8842, Acceptance: 75.88%, Time: 0.04 s
Iteration 2290/5000: Ground Truth: -87.0155, Best: -87.0299, Current: -85.4809, Acceptance: 75.85%, Time: 0.04 s
Iteration 2300/5000: Ground Truth: -87.0155, Best: -87.0299, Current: -86.4192, Acceptance: 75.74%, Time: 0.07 s
Iteration 2310/5000: Ground Truth: -87.0155, Best: -87.0299, Current: -85.2258, Acceptance: 75.67%, Time: 0.04 s
Iteration 2320/5000: Ground Truth: -87.0155, Best: -87.0299, Current: -85.6461, Acceptance: 75.65%, Time: 0.04 s
Iteration 2330/5000: Ground Truth: -87.0155, Best: -87.0299, Current: -85.7482, Acceptance: 75.62%, Time: 0.07 s
Iteration 2340/5000: Ground Truth: -87.0155, Best: -87.0299, Current: -85.9630, Acceptance: 75.68%, Time: 0.04 s
Iteration 2350/5000: Ground Truth: -87.0155, Best: -87.0299, Current: -82.5494, Acceptance: 75.70%, Time: 0.06 s
Iteration 2360/5000: Ground Truth: -87.0155, Best: -87.0299, Current: -85.8667, Acceptance: 75.76%, Time: 0.04 s
Iteration 2370/5000: Ground Truth: -87.0155, Best: -87.0299, Current: -85.8705, Acceptance: 75.70%, Time: 0.06 s
Iteration 2380/5000: Ground Truth: -87.0155, Best: -87.0299, Current: -85.7538, Acceptance: 75.76%, Time: 0.04 s
Iteration 2390/5000: Ground Truth: -87.0155, Best: -87.0299, Current: -84.2766, Acceptance: 75.77%, Time: 0.06 s
Iteration 2400/5000: Ground Truth: -87.0155, Best: -87.0299, Current: -85.1534, Acceptance: 75.83%, Time: 0.04 s
Iteration 2410/5000: Ground Truth: -87.0155, Best: -87.0299, Current: -85.4810, Acceptance: 75.81%, Time: 0.04 s
Iteration 2420/5000: Ground Truth: -87.0155, Best: -87.0299, Current: -85.6017, Acceptance: 75.79%, Time: 0.07 s
Iteration 2430/5000: Ground Truth: -87.0155, Best: -87.0299, Current: -85.2633, Acceptance: 75.72%, Time: 0.07 s
Iteration 2440/5000: Ground Truth: -87.0155, Best: -87.0299, Current: -86.2537, Acceptance: 75.66%, Time: 0.04 s
Iteration 2450/5000: Ground Truth: -87.0155, Best: -87.0299, Current: -85.1079, Acceptance: 75.67%, Time: 0.04 s
Iteration 2460/5000: Ground Truth: -87.0155, Best: -87.0299, Current: -85.5929, Acceptance: 75.61%, Time: 0.04 s
Iteration 2470/5000: Ground Truth: -87.0155, Best: -87.0299, Current: -85.4462, Acceptance: 75.59%, Time: 0.06 s
Iteration 2480/5000: Ground Truth: -87.0155, Best: -87.0299, Current: -85.2775, Acceptance: 75.65%, Time: 0.04 s
Iteration 2490/5000: Ground Truth: -87.0155, Best: -87.0299, Current: -86.1884, Acceptance: 75.66%, Time: 0.04 s
Iteration 2500/5000: Ground Truth: -87.0155, Best: -87.0299, Current: -85.8650, Acceptance: 75.64%, Time: 0.04 s
Iteration 2510/5000: Ground Truth: -87.0155, Best: -87.0299, Current: -84.3143, Acceptance: 75.74%, Time: 0.06 s
Iteration 2520/5000: Ground Truth: -87.0155, Best: -87.0299, Current: -86.0812, Acceptance: 75.79%, Time: 0.04 s
Iteration 2530/5000: Ground Truth: -87.0155, Best: -87.0299, Current: -85.0317, Acceptance: 75.69%, Time: 0.06 s
Iteration 2540/5000: Ground Truth: -87.0155, Best: -87.0299, Current: -85.4366, Acceptance: 75.71%, Time: 0.04 s
Iteration 2550/5000: Ground Truth: -87.0155, Best: -87.0299, Current: -85.7934, Acceptance: 75.69%, Time: 0.04 s
Iteration 2560/5000: Ground Truth: -87.0155, Best: -87.0299, Current: -86.3133, Acceptance: 75.66%, Time: 0.07 s
Iteration 2570/5000: Ground Truth: -87.0155, Best: -87.0299, Current: -85.1801, Acceptance: 75.68%, Time: 0.04 s
Iteration 2580/5000: Ground Truth: -87.0155, Best: -87.0299, Current: -85.1384, Acceptance: 75.66%, Time: 0.04 s
Iteration 2590/5000: Ground Truth: -87.0155, Best: -87.0299, Current: -86.4745, Acceptance: 75.64%, Time: 0.07 s
Iteration 2600/5000: Ground Truth: -87.0155, Best: -87.0299, Current: -86.0781, Acceptance: 75.69%, Time: 0.04 s
Iteration 2610/5000: Ground Truth: -87.0155, Best: -87.0299, Current: -85.9946, Acceptance: 75.67%, Time: 0.04 s
Iteration 2620/5000: Ground Truth: -87.0155, Best: -87.0299, Current: -84.7891, Acceptance: 75.73%, Time: 0.04 s
Iteration 2630/5000: Ground Truth: -87.0155, Best: -87.0299, Current: -85.3107, Acceptance: 75.63%, Time: 0.07 s
Iteration 2640/5000: Ground Truth: -87.0155, Best: -87.0299, Current: -86.1240, Acceptance: 75.64%, Time: 0.07 s
Iteration 2650/5000: Ground Truth: -87.0155, Best: -87.0299, Current: -86.0864, Acceptance: 75.70%, Time: 0.04 s
Iteration 2660/5000: Ground Truth: -87.0155, Best: -87.0299, Current: -85.4696, Acceptance: 75.79%, Time: 0.04 s
Iteration 2670/5000: Ground Truth: -87.0155, Best: -87.0299, Current: -85.7343, Acceptance: 75.77%, Time: 0.06 s
Iteration 2680/5000: Ground Truth: -87.0155, Best: -87.0299, Current: -85.4914, Acceptance: 75.75%, Time: 0.06 s
Iteration 2690/5000: Ground Truth: -87.0155, Best: -87.0299, Current: -85.1358, Acceptance: 75.80%, Time: 0.04 s
Iteration 2700/5000: Ground Truth: -87.0155, Best: -87.0299, Current: -86.4471, Acceptance: 75.74%, Time: 0.04 s
Iteration 2710/5000: Ground Truth: -87.0155, Best: -87.0299, Current: -84.2664, Acceptance: 75.76%, Time: 0.06 s
Iteration 2720/5000: Ground Truth: -87.0155, Best: -87.0299, Current: -86.2466, Acceptance: 75.70%, Time: 0.04 s
Iteration 2730/5000: Ground Truth: -87.0155, Best: -87.0299, Current: -83.8388, Acceptance: 75.75%, Time: 0.06 s
Iteration 2740/5000: Ground Truth: -87.0155, Best: -87.0299, Current: -84.3439, Acceptance: 75.77%, Time: 0.07 s
Iteration 2750/5000: Ground Truth: -87.0155, Best: -87.0299, Current: -85.8004, Acceptance: 75.78%, Time: 0.06 s
Iteration 2760/5000: Ground Truth: -87.0155, Best: -87.0299, Current: -84.7255, Acceptance: 75.76%, Time: 0.07 s
Iteration 2770/5000: Ground Truth: -87.0155, Best: -87.0299, Current: -85.2235, Acceptance: 75.67%, Time: 0.06 s
Iteration 2780/5000: Ground Truth: -87.0155, Best: -87.0299, Current: -85.3646, Acceptance: 75.65%, Time: 0.04 s
Iteration 2790/5000: Ground Truth: -87.0155, Best: -87.0299, Current: -85.6772, Acceptance: 75.73%, Time: 0.06 s
Iteration 2800/5000: Ground Truth: -87.0155, Best: -87.0299, Current: -83.1860, Acceptance: 75.71%, Time: 0.06 s
Iteration 2810/5000: Ground Truth: -87.0155, Best: -87.0299, Current: -85.5142, Acceptance: 75.77%, Time: 0.06 s
Iteration 2820/5000: Ground Truth: -87.0155, Best: -87.0299, Current: -85.4558, Acceptance: 75.78%, Time: 0.04 s
Iteration 2830/5000: Ground Truth: -87.0155, Best: -87.0299, Current: -85.7442, Acceptance: 75.72%, Time: 0.04 s
Iteration 2840/5000: Ground Truth: -87.0155, Best: -87.0299, Current: -85.2940, Acceptance: 75.77%, Time: 0.04 s
Iteration 2850/5000: Ground Truth: -87.0155, Best: -87.0299, Current: -86.6865, Acceptance: 75.72%, Time: 0.04 s
Iteration 2860/5000: Ground Truth: -87.0155, Best: -87.0299, Current: -86.5735, Acceptance: 75.66%, Time: 0.06 s
Iteration 2870/5000: Ground Truth: -87.0155, Best: -87.0299, Current: -86.8214, Acceptance: 75.64%, Time: 0.04 s
Iteration 2880/5000: Ground Truth: -87.0155, Best: -87.0299, Current: -85.5034, Acceptance: 75.66%, Time: 0.06 s
Iteration 2890/5000: Ground Truth: -87.0155, Best: -87.0299, Current: -84.9697, Acceptance: 75.64%, Time: 0.06 s
Iteration 2900/5000: Ground Truth: -87.0155, Best: -87.0299, Current: -86.1281, Acceptance: 75.55%, Time: 0.04 s
Iteration 2910/5000: Ground Truth: -87.0155, Best: -87.0299, Current: -85.0475, Acceptance: 75.53%, Time: 0.06 s
Iteration 2920/5000: Ground Truth: -87.0155, Best: -87.0299, Current: -86.3527, Acceptance: 75.41%, Time: 0.06 s
Iteration 2930/5000: Ground Truth: -87.0155, Best: -87.0299, Current: -84.2723, Acceptance: 75.43%, Time: 0.06 s
Iteration 2940/5000: Ground Truth: -87.0155, Best: -87.0299, Current: -85.5243, Acceptance: 75.41%, Time: 0.06 s
Iteration 2950/5000: Ground Truth: -87.0155, Best: -87.0299, Current: -85.2207, Acceptance: 75.39%, Time: 0.07 s
Iteration 2960/5000: Ground Truth: -87.0155, Best: -87.0299, Current: -85.5537, Acceptance: 75.30%, Time: 0.06 s
Iteration 2970/5000: Ground Truth: -87.0155, Best: -87.0299, Current: -85.0337, Acceptance: 75.29%, Time: 0.06 s
Iteration 2980/5000: Ground Truth: -87.0155, Best: -87.0299, Current: -85.8783, Acceptance: 75.23%, Time: 0.06 s
Iteration 2990/5000: Ground Truth: -87.0155, Best: -87.0299, Current: -82.0803, Acceptance: 75.25%, Time: 0.06 s
Iteration 3000/5000: Ground Truth: -87.0155, Best: -87.0299, Current: -83.6199, Acceptance: 75.30%, Time: 0.04 s
Iteration 3010/5000: Ground Truth: -87.0155, Best: -87.0299, Current: -86.4994, Acceptance: 75.28%, Time: 0.04 s
Iteration 3020/5000: Ground Truth: -87.0155, Best: -87.0299, Current: -84.9726, Acceptance: 75.33%, Time: 0.06 s
Iteration 3030/5000: Ground Truth: -87.0155, Best: -87.0299, Current: -85.7026, Acceptance: 75.31%, Time: 0.06 s
Iteration 3040/5000: Ground Truth: -87.0155, Best: -87.0299, Current: -86.0030, Acceptance: 75.33%, Time: 0.04 s
Iteration 3050/5000: Ground Truth: -87.0155, Best: -87.0299, Current: -85.9079, Acceptance: 75.28%, Time: 0.07 s
Iteration 3060/5000: Ground Truth: -87.0155, Best: -87.0299, Current: -85.3039, Acceptance: 75.23%, Time: 0.06 s
Iteration 3070/5000: Ground Truth: -87.0155, Best: -87.0299, Current: -86.1211, Acceptance: 75.21%, Time: 0.04 s
Iteration 3080/5000: Ground Truth: -87.0155, Best: -87.0299, Current: -84.7203, Acceptance: 75.19%, Time: 0.07 s
Iteration 3090/5000: Ground Truth: -87.0155, Best: -87.0299, Current: -84.7134, Acceptance: 75.15%, Time: 0.04 s
Iteration 3100/5000: Ground Truth: -87.0155, Best: -87.0299, Current: -85.6926, Acceptance: 75.13%, Time: 0.07 s
Iteration 3110/5000: Ground Truth: -87.0155, Best: -87.0299, Current: -83.9847, Acceptance: 75.18%, Time: 0.06 s
Iteration 3120/5000: Ground Truth: -87.0155, Best: -87.0299, Current: -84.4991, Acceptance: 75.19%, Time: 0.06 s
Iteration 3130/5000: Ground Truth: -87.0155, Best: -87.0299, Current: -84.8668, Acceptance: 75.24%, Time: 0.06 s
Iteration 3140/5000: Ground Truth: -87.0155, Best: -87.0299, Current: -85.0414, Acceptance: 75.25%, Time: 0.06 s
Iteration 3150/5000: Ground Truth: -87.0155, Best: -87.0299, Current: -86.2335, Acceptance: 75.21%, Time: 0.04 s
Iteration 3160/5000: Ground Truth: -87.0155, Best: -87.0299, Current: -85.2498, Acceptance: 75.22%, Time: 0.06 s
Iteration 3170/5000: Ground Truth: -87.0155, Best: -87.0299, Current: -84.6482, Acceptance: 75.24%, Time: 0.06 s
Iteration 3180/5000: Ground Truth: -87.0155, Best: -87.0299, Current: -84.1821, Acceptance: 75.31%, Time: 0.06 s
Iteration 3190/5000: Ground Truth: -87.0155, Best: -87.0299, Current: -86.3149, Acceptance: 75.36%, Time: 0.04 s
Iteration 3200/5000: Ground Truth: -87.0155, Best: -87.0299, Current: -84.9739, Acceptance: 75.38%, Time: 0.06 s
Iteration 3210/5000: Ground Truth: -87.0155, Best: -87.0299, Current: -84.3103, Acceptance: 75.39%, Time: 0.06 s
Iteration 3220/5000: Ground Truth: -87.0155, Best: -87.0299, Current: -85.8633, Acceptance: 75.34%, Time: 0.07 s
Iteration 3230/5000: Ground Truth: -87.0155, Best: -87.0299, Current: -85.8513, Acceptance: 75.36%, Time: 0.04 s
Iteration 3240/5000: Ground Truth: -87.0155, Best: -87.0299, Current: -86.3736, Acceptance: 75.37%, Time: 0.04 s
Iteration 3250/5000: Ground Truth: -87.0155, Best: -87.0299, Current: -85.0056, Acceptance: 75.38%, Time: 0.07 s
Iteration 3260/5000: Ground Truth: -87.0155, Best: -87.0299, Current: -85.1921, Acceptance: 75.37%, Time: 0.06 s
Iteration 3270/5000: Ground Truth: -87.0155, Best: -87.0299, Current: -86.1941, Acceptance: 75.32%, Time: 0.06 s
Iteration 3280/5000: Ground Truth: -87.0155, Best: -87.0299, Current: -85.1184, Acceptance: 75.34%, Time: 0.06 s
Iteration 3290/5000: Ground Truth: -87.0155, Best: -87.0299, Current: -85.8204, Acceptance: 75.32%, Time: 0.04 s
Iteration 3300/5000: Ground Truth: -87.0155, Best: -87.0299, Current: -85.2057, Acceptance: 75.30%, Time: 0.04 s
Iteration 3310/5000: Ground Truth: -87.0155, Best: -87.0299, Current: -86.8796, Acceptance: 75.26%, Time: 0.04 s
Iteration 3320/5000: Ground Truth: -87.0155, Best: -87.0299, Current: -86.4411, Acceptance: 75.27%, Time: 0.04 s
Iteration 3330/5000: Ground Truth: -87.0155, Best: -87.0299, Current: -85.0569, Acceptance: 75.32%, Time: 0.06 s
Iteration 3340/5000: Ground Truth: -87.0155, Best: -87.0299, Current: -85.3969, Acceptance: 75.36%, Time: 0.07 s
Iteration 3350/5000: Ground Truth: -87.0155, Best: -87.0299, Current: -84.5336, Acceptance: 75.28%, Time: 0.06 s
Iteration 3360/5000: Ground Truth: -87.0155, Best: -87.0299, Current: -85.9615, Acceptance: 75.27%, Time: 0.04 s
  *** New best: -87.0301 eV
Iteration 3370/5000: Ground Truth: -87.0155, Best: -87.0301, Current: -86.3470, Acceptance: 75.25%, Time: 0.06 s
Iteration 3380/5000: Ground Truth: -87.0155, Best: -87.0301, Current: -84.6707, Acceptance: 75.30%, Time: 0.06 s
Iteration 3390/5000: Ground Truth: -87.0155, Best: -87.0301, Current: -86.1687, Acceptance: 75.25%, Time: 0.04 s
Iteration 3400/5000: Ground Truth: -87.0155, Best: -87.0301, Current: -85.2222, Acceptance: 75.32%, Time: 0.06 s
Iteration 3410/5000: Ground Truth: -87.0155, Best: -87.0301, Current: -84.9126, Acceptance: 75.31%, Time: 0.06 s
Iteration 3420/5000: Ground Truth: -87.0155, Best: -87.0301, Current: -85.2158, Acceptance: 75.32%, Time: 0.04 s
Iteration 3430/5000: Ground Truth: -87.0155, Best: -87.0301, Current: -86.0594, Acceptance: 75.28%, Time: 0.06 s
Iteration 3440/5000: Ground Truth: -87.0155, Best: -87.0301, Current: -85.8602, Acceptance: 75.26%, Time: 0.07 s
Iteration 3450/5000: Ground Truth: -87.0155, Best: -87.0301, Current: -85.0884, Acceptance: 75.28%, Time: 0.04 s
Iteration 3460/5000: Ground Truth: -87.0155, Best: -87.0301, Current: -86.5699, Acceptance: 75.23%, Time: 0.04 s
Iteration 3470/5000: Ground Truth: -87.0155, Best: -87.0301, Current: -85.1055, Acceptance: 75.24%, Time: 0.06 s
Iteration 3480/5000: Ground Truth: -87.0155, Best: -87.0301, Current: -86.6774, Acceptance: 75.29%, Time: 0.04 s
Iteration 3490/5000: Ground Truth: -87.0155, Best: -87.0301, Current: -84.6879, Acceptance: 75.36%, Time: 0.06 s
Iteration 3500/5000: Ground Truth: -87.0155, Best: -87.0301, Current: -85.4957, Acceptance: 75.34%, Time: 0.06 s
Iteration 3510/5000: Ground Truth: -87.0155, Best: -87.0301, Current: -85.6408, Acceptance: 75.27%, Time: 0.07 s
Iteration 3520/5000: Ground Truth: -87.0155, Best: -87.0301, Current: -85.7048, Acceptance: 75.23%, Time: 0.07 s
Iteration 3530/5000: Ground Truth: -87.0155, Best: -87.0301, Current: -84.8699, Acceptance: 75.27%, Time: 0.04 s
Iteration 3540/5000: Ground Truth: -87.0155, Best: -87.0301, Current: -86.3284, Acceptance: 75.23%, Time: 0.04 s
Iteration 3550/5000: Ground Truth: -87.0155, Best: -87.0301, Current: -85.3087, Acceptance: 75.21%, Time: 0.07 s
Iteration 3560/5000: Ground Truth: -87.0155, Best: -87.0301, Current: -85.8732, Acceptance: 75.20%, Time: 0.04 s
Iteration 3570/5000: Ground Truth: -87.0155, Best: -87.0301, Current: -84.2467, Acceptance: 75.18%, Time: 0.07 s
Iteration 3580/5000: Ground Truth: -87.0155, Best: -87.0301, Current: -85.6537, Acceptance: 75.22%, Time: 0.04 s
Iteration 3590/5000: Ground Truth: -87.0155, Best: -87.0301, Current: -85.5112, Acceptance: 75.21%, Time: 0.04 s
Iteration 3600/5000: Ground Truth: -87.0155, Best: -87.0301, Current: -84.5308, Acceptance: 75.19%, Time: 0.06 s
Iteration 3610/5000: Ground Truth: -87.0155, Best: -87.0301, Current: -85.2122, Acceptance: 75.21%, Time: 0.06 s
Iteration 3620/5000: Ground Truth: -87.0155, Best: -87.0301, Current: -84.6525, Acceptance: 75.28%, Time: 0.04 s
Iteration 3630/5000: Ground Truth: -87.0155, Best: -87.0301, Current: -83.1546, Acceptance: 75.29%, Time: 0.06 s
Iteration 3640/5000: Ground Truth: -87.0155, Best: -87.0301, Current: -85.7187, Acceptance: 75.30%, Time: 0.04 s
Iteration 3650/5000: Ground Truth: -87.0155, Best: -87.0301, Current: -84.7796, Acceptance: 75.29%, Time: 0.06 s
Iteration 3660/5000: Ground Truth: -87.0155, Best: -87.0301, Current: -85.8248, Acceptance: 75.30%, Time: 0.04 s
Iteration 3670/5000: Ground Truth: -87.0155, Best: -87.0301, Current: -86.6280, Acceptance: 75.20%, Time: 0.04 s
Iteration 3680/5000: Ground Truth: -87.0155, Best: -87.0301, Current: -85.3747, Acceptance: 75.19%, Time: 0.06 s
Iteration 3690/5000: Ground Truth: -87.0155, Best: -87.0301, Current: -84.4494, Acceptance: 75.20%, Time: 0.04 s
Iteration 3700/5000: Ground Truth: -87.0155, Best: -87.0301, Current: -86.5928, Acceptance: 75.19%, Time: 0.04 s
Iteration 3710/5000: Ground Truth: -87.0155, Best: -87.0301, Current: -86.0412, Acceptance: 75.20%, Time: 0.06 s
Iteration 3720/5000: Ground Truth: -87.0155, Best: -87.0301, Current: -85.8844, Acceptance: 75.16%, Time: 0.06 s
Iteration 3730/5000: Ground Truth: -87.0155, Best: -87.0301, Current: -85.1834, Acceptance: 75.17%, Time: 0.04 s
Iteration 3740/5000: Ground Truth: -87.0155, Best: -87.0301, Current: -86.1920, Acceptance: 75.21%, Time: 0.04 s
Iteration 3750/5000: Ground Truth: -87.0155, Best: -87.0301, Current: -84.9983, Acceptance: 75.17%, Time: 0.06 s
Iteration 3760/5000: Ground Truth: -87.0155, Best: -87.0301, Current: -86.2706, Acceptance: 75.16%, Time: 0.04 s
Iteration 3770/5000: Ground Truth: -87.0155, Best: -87.0301, Current: -86.2976, Acceptance: 75.09%, Time: 0.04 s
Iteration 3780/5000: Ground Truth: -87.0155, Best: -87.0301, Current: -85.8394, Acceptance: 75.16%, Time: 0.04 s
Iteration 3790/5000: Ground Truth: -87.0155, Best: -87.0301, Current: -86.2746, Acceptance: 75.12%, Time: 0.04 s
Iteration 3800/5000: Ground Truth: -87.0155, Best: -87.0301, Current: -85.7722, Acceptance: 75.16%, Time: 0.06 s
Iteration 3810/5000: Ground Truth: -87.0155, Best: -87.0301, Current: -85.8495, Acceptance: 75.12%, Time: 0.06 s
Iteration 3820/5000: Ground Truth: -87.0155, Best: -87.0301, Current: -86.6559, Acceptance: 75.08%, Time: 0.06 s
Iteration 3830/5000: Ground Truth: -87.0155, Best: -87.0301, Current: -86.0728, Acceptance: 75.07%, Time: 0.04 s
Iteration 3840/5000: Ground Truth: -87.0155, Best: -87.0301, Current: -84.9122, Acceptance: 75.08%, Time: 0.07 s
Iteration 3850/5000: Ground Truth: -87.0155, Best: -87.0301, Current: -84.0520, Acceptance: 75.12%, Time: 0.04 s
Iteration 3860/5000: Ground Truth: -87.0155, Best: -87.0301, Current: -85.3734, Acceptance: 75.08%, Time: 0.06 s
Iteration 3870/5000: Ground Truth: -87.0155, Best: -87.0301, Current: -84.4404, Acceptance: 75.09%, Time: 0.06 s
Iteration 3880/5000: Ground Truth: -87.0155, Best: -87.0301, Current: -85.4134, Acceptance: 75.13%, Time: 0.07 s
Iteration 3890/5000: Ground Truth: -87.0155, Best: -87.0301, Current: -83.8673, Acceptance: 75.17%, Time: 0.06 s
Iteration 3900/5000: Ground Truth: -87.0155, Best: -87.0301, Current: -86.5874, Acceptance: 75.10%, Time: 0.04 s
Iteration 3910/5000: Ground Truth: -87.0155, Best: -87.0301, Current: -85.8981, Acceptance: 75.09%, Time: 0.04 s
Iteration 3920/5000: Ground Truth: -87.0155, Best: -87.0301, Current: -86.0198, Acceptance: 75.10%, Time: 0.04 s
Iteration 3930/5000: Ground Truth: -87.0155, Best: -87.0301, Current: -84.2786, Acceptance: 75.17%, Time: 0.06 s
Iteration 3940/5000: Ground Truth: -87.0155, Best: -87.0301, Current: -85.1457, Acceptance: 75.23%, Time: 0.04 s
Iteration 3950/5000: Ground Truth: -87.0155, Best: -87.0301, Current: -85.7940, Acceptance: 75.16%, Time: 0.07 s
Iteration 3960/5000: Ground Truth: -87.0155, Best: -87.0301, Current: -85.8124, Acceptance: 75.13%, Time: 0.06 s
Iteration 3970/5000: Ground Truth: -87.0155, Best: -87.0301, Current: -85.5890, Acceptance: 75.19%, Time: 0.07 s
Iteration 3980/5000: Ground Truth: -87.0155, Best: -87.0301, Current: -84.7899, Acceptance: 75.18%, Time: 0.06 s
Iteration 3990/5000: Ground Truth: -87.0155, Best: -87.0301, Current: -84.9900, Acceptance: 75.19%, Time: 0.06 s
Iteration 4000/5000: Ground Truth: -87.0155, Best: -87.0301, Current: -85.5157, Acceptance: 75.17%, Time: 0.04 s
Iteration 4010/5000: Ground Truth: -87.0155, Best: -87.0301, Current: -83.8261, Acceptance: 75.16%, Time: 0.06 s
Iteration 4020/5000: Ground Truth: -87.0155, Best: -87.0301, Current: -85.5383, Acceptance: 75.12%, Time: 0.07 s
Iteration 4030/5000: Ground Truth: -87.0155, Best: -87.0301, Current: -85.7226, Acceptance: 75.06%, Time: 0.04 s
Iteration 4040/5000: Ground Truth: -87.0155, Best: -87.0301, Current: -85.4248, Acceptance: 75.07%, Time: 0.04 s
Iteration 4050/5000: Ground Truth: -87.0155, Best: -87.0301, Current: -85.4548, Acceptance: 75.01%, Time: 0.04 s
Iteration 4060/5000: Ground Truth: -87.0155, Best: -87.0301, Current: -85.8390, Acceptance: 74.98%, Time: 0.04 s
Iteration 4070/5000: Ground Truth: -87.0155, Best: -87.0301, Current: -86.0744, Acceptance: 74.96%, Time: 0.04 s
Iteration 4080/5000: Ground Truth: -87.0155, Best: -87.0301, Current: -86.0348, Acceptance: 74.98%, Time: 0.06 s
Iteration 4090/5000: Ground Truth: -87.0155, Best: -87.0301, Current: -86.2383, Acceptance: 74.94%, Time: 0.07 s
Iteration 4100/5000: Ground Truth: -87.0155, Best: -87.0301, Current: -84.3941, Acceptance: 74.95%, Time: 0.04 s
Iteration 4110/5000: Ground Truth: -87.0155, Best: -87.0301, Current: -85.0527, Acceptance: 74.96%, Time: 0.06 s
Iteration 4120/5000: Ground Truth: -87.0155, Best: -87.0301, Current: -85.3687, Acceptance: 74.90%, Time: 0.06 s
Iteration 4130/5000: Ground Truth: -87.0155, Best: -87.0301, Current: -84.8931, Acceptance: 74.92%, Time: 0.06 s
Iteration 4140/5000: Ground Truth: -87.0155, Best: -87.0301, Current: -85.4558, Acceptance: 74.93%, Time: 0.04 s
Iteration 4150/5000: Ground Truth: -87.0155, Best: -87.0301, Current: -84.9766, Acceptance: 74.94%, Time: 0.06 s
Iteration 4160/5000: Ground Truth: -87.0155, Best: -87.0301, Current: -85.3624, Acceptance: 74.93%, Time: 0.04 s
Iteration 4170/5000: Ground Truth: -87.0155, Best: -87.0301, Current: -84.5841, Acceptance: 74.99%, Time: 0.07 s
Iteration 4180/5000: Ground Truth: -87.0155, Best: -87.0301, Current: -82.9961, Acceptance: 75.05%, Time: 0.06 s
Iteration 4190/5000: Ground Truth: -87.0155, Best: -87.0301, Current: -86.3491, Acceptance: 74.99%, Time: 0.06 s
Iteration 4200/5000: Ground Truth: -87.0155, Best: -87.0301, Current: -83.4197, Acceptance: 75.00%, Time: 0.06 s
Iteration 4210/5000: Ground Truth: -87.0155, Best: -87.0301, Current: -85.9086, Acceptance: 75.01%, Time: 0.04 s
Iteration 4220/5000: Ground Truth: -87.0155, Best: -87.0301, Current: -85.8689, Acceptance: 75.02%, Time: 0.06 s
Iteration 4230/5000: Ground Truth: -87.0155, Best: -87.0301, Current: -86.0441, Acceptance: 75.06%, Time: 0.04 s
Iteration 4240/5000: Ground Truth: -87.0155, Best: -87.0301, Current: -86.5036, Acceptance: 75.07%, Time: 0.04 s
Iteration 4250/5000: Ground Truth: -87.0155, Best: -87.0301, Current: -85.8185, Acceptance: 75.06%, Time: 0.04 s
Iteration 4260/5000: Ground Truth: -87.0155, Best: -87.0301, Current: -85.4905, Acceptance: 75.00%, Time: 0.06 s
Iteration 4270/5000: Ground Truth: -87.0155, Best: -87.0301, Current: -86.5890, Acceptance: 75.01%, Time: 0.04 s
Iteration 4280/5000: Ground Truth: -87.0155, Best: -87.0301, Current: -85.7389, Acceptance: 75.05%, Time: 0.06 s
Iteration 4290/5000: Ground Truth: -87.0155, Best: -87.0301, Current: -84.6033, Acceptance: 75.03%, Time: 0.06 s
Iteration 4300/5000: Ground Truth: -87.0155, Best: -87.0301, Current: -85.0691, Acceptance: 75.05%, Time: 0.07 s
Iteration 4310/5000: Ground Truth: -87.0155, Best: -87.0301, Current: -86.2266, Acceptance: 75.06%, Time: 0.04 s
Iteration 4320/5000: Ground Truth: -87.0155, Best: -87.0301, Current: -86.4733, Acceptance: 75.05%, Time: 0.04 s
Iteration 4330/5000: Ground Truth: -87.0155, Best: -87.0301, Current: -84.5208, Acceptance: 75.06%, Time: 0.06 s
Iteration 4340/5000: Ground Truth: -87.0155, Best: -87.0301, Current: -86.0748, Acceptance: 75.05%, Time: 0.04 s
Iteration 4350/5000: Ground Truth: -87.0155, Best: -87.0301, Current: -86.3511, Acceptance: 75.01%, Time: 0.04 s
Iteration 4360/5000: Ground Truth: -87.0155, Best: -87.0301, Current: -85.6848, Acceptance: 74.98%, Time: 0.06 s
Iteration 4370/5000: Ground Truth: -87.0155, Best: -87.0301, Current: -85.4225, Acceptance: 74.97%, Time: 0.06 s
Iteration 4380/5000: Ground Truth: -87.0155, Best: -87.0301, Current: -85.1830, Acceptance: 74.98%, Time: 0.07 s
Iteration 4390/5000: Ground Truth: -87.0155, Best: -87.0301, Current: -85.9135, Acceptance: 74.87%, Time: 0.04 s
Iteration 4400/5000: Ground Truth: -87.0155, Best: -87.0301, Current: -84.7726, Acceptance: 74.93%, Time: 0.06 s
Iteration 4410/5000: Ground Truth: -87.0155, Best: -87.0301, Current: -85.7087, Acceptance: 74.92%, Time: 0.04 s
Iteration 4420/5000: Ground Truth: -87.0155, Best: -87.0301, Current: -85.7377, Acceptance: 74.91%, Time: 0.06 s
Iteration 4430/5000: Ground Truth: -87.0155, Best: -87.0301, Current: -85.3998, Acceptance: 74.94%, Time: 0.04 s
Iteration 4440/5000: Ground Truth: -87.0155, Best: -87.0301, Current: -85.6064, Acceptance: 74.95%, Time: 0.07 s
Iteration 4450/5000: Ground Truth: -87.0155, Best: -87.0301, Current: -85.3453, Acceptance: 74.94%, Time: 0.07 s
Iteration 4460/5000: Ground Truth: -87.0155, Best: -87.0301, Current: -85.1315, Acceptance: 74.93%, Time: 0.06 s
Iteration 4470/5000: Ground Truth: -87.0155, Best: -87.0301, Current: -83.4322, Acceptance: 74.97%, Time: 0.06 s
Iteration 4480/5000: Ground Truth: -87.0155, Best: -87.0301, Current: -84.2838, Acceptance: 74.96%, Time: 0.06 s
Iteration 4490/5000: Ground Truth: -87.0155, Best: -87.0301, Current: -85.6723, Acceptance: 75.01%, Time: 0.06 s
Iteration 4500/5000: Ground Truth: -87.0155, Best: -87.0301, Current: -84.4148, Acceptance: 75.04%, Time: 0.04 s
Iteration 4510/5000: Ground Truth: -87.0155, Best: -87.0301, Current: -83.9642, Acceptance: 75.03%, Time: 0.06 s
Iteration 4520/5000: Ground Truth: -87.0155, Best: -87.0301, Current: -86.0418, Acceptance: 75.00%, Time: 0.04 s
Iteration 4530/5000: Ground Truth: -87.0155, Best: -87.0301, Current: -84.7506, Acceptance: 75.03%, Time: 0.04 s
Iteration 4540/5000: Ground Truth: -87.0155, Best: -87.0301, Current: -85.7107, Acceptance: 75.09%, Time: 0.04 s
Iteration 4550/5000: Ground Truth: -87.0155, Best: -87.0301, Current: -86.3696, Acceptance: 74.99%, Time: 0.04 s
Iteration 4560/5000: Ground Truth: -87.0155, Best: -87.0301, Current: -86.3729, Acceptance: 75.00%, Time: 0.07 s
Iteration 4570/5000: Ground Truth: -87.0155, Best: -87.0301, Current: -85.0063, Acceptance: 75.03%, Time: 0.04 s
Iteration 4580/5000: Ground Truth: -87.0155, Best: -87.0301, Current: -85.0774, Acceptance: 75.00%, Time: 0.06 s
Iteration 4590/5000: Ground Truth: -87.0155, Best: -87.0301, Current: -85.7680, Acceptance: 75.01%, Time: 0.04 s
Iteration 4600/5000: Ground Truth: -87.0155, Best: -87.0301, Current: -86.2443, Acceptance: 75.02%, Time: 0.04 s
Iteration 4610/5000: Ground Truth: -87.0155, Best: -87.0301, Current: -86.1626, Acceptance: 75.08%, Time: 0.04 s
Iteration 4620/5000: Ground Truth: -87.0155, Best: -87.0301, Current: -85.2931, Acceptance: 75.11%, Time: 0.04 s
Iteration 4630/5000: Ground Truth: -87.0155, Best: -87.0301, Current: -85.2230, Acceptance: 75.10%, Time: 0.06 s
Iteration 4640/5000: Ground Truth: -87.0155, Best: -87.0301, Current: -84.5124, Acceptance: 75.06%, Time: 0.06 s
Iteration 4650/5000: Ground Truth: -87.0155, Best: -87.0301, Current: -85.7603, Acceptance: 75.05%, Time: 0.06 s
Iteration 4660/5000: Ground Truth: -87.0155, Best: -87.0301, Current: -84.9352, Acceptance: 75.06%, Time: 0.07 s
Iteration 4670/5000: Ground Truth: -87.0155, Best: -87.0301, Current: -85.4512, Acceptance: 75.10%, Time: 0.06 s
Iteration 4680/5000: Ground Truth: -87.0155, Best: -87.0301, Current: -84.6800, Acceptance: 75.06%, Time: 0.06 s
Iteration 4690/5000: Ground Truth: -87.0155, Best: -87.0301, Current: -86.3484, Acceptance: 75.01%, Time: 0.06 s
Iteration 4700/5000: Ground Truth: -87.0155, Best: -87.0301, Current: -85.1876, Acceptance: 75.02%, Time: 0.06 s
Iteration 4710/5000: Ground Truth: -87.0155, Best: -87.0301, Current: -84.5343, Acceptance: 75.05%, Time: 0.06 s
Iteration 4720/5000: Ground Truth: -87.0155, Best: -87.0301, Current: -86.4207, Acceptance: 75.00%, Time: 0.04 s
Iteration 4730/5000: Ground Truth: -87.0155, Best: -87.0301, Current: -86.2076, Acceptance: 75.03%, Time: 0.04 s
Iteration 4740/5000: Ground Truth: -87.0155, Best: -87.0301, Current: -84.8245, Acceptance: 75.06%, Time: 0.06 s
Iteration 4750/5000: Ground Truth: -87.0155, Best: -87.0301, Current: -84.3016, Acceptance: 75.12%, Time: 0.06 s
Iteration 4760/5000: Ground Truth: -87.0155, Best: -87.0301, Current: -86.2755, Acceptance: 75.06%, Time: 0.04 s
Iteration 4770/5000: Ground Truth: -87.0155, Best: -87.0301, Current: -85.5334, Acceptance: 75.05%, Time: 0.04 s
Iteration 4780/5000: Ground Truth: -87.0155, Best: -87.0301, Current: -85.5953, Acceptance: 75.04%, Time: 0.04 s
Iteration 4790/5000: Ground Truth: -87.0155, Best: -87.0301, Current: -84.7599, Acceptance: 75.01%, Time: 0.06 s
Iteration 4800/5000: Ground Truth: -87.0155, Best: -87.0301, Current: -86.0480, Acceptance: 74.98%, Time: 0.06 s
Iteration 4810/5000: Ground Truth: -87.0155, Best: -87.0301, Current: -84.7417, Acceptance: 74.99%, Time: 0.06 s
Iteration 4820/5000: Ground Truth: -87.0155, Best: -87.0301, Current: -84.2041, Acceptance: 75.00%, Time: 0.04 s
Iteration 4830/5000: Ground Truth: -87.0155, Best: -87.0301, Current: -84.2757, Acceptance: 75.05%, Time: 0.06 s
Iteration 4840/5000: Ground Truth: -87.0155, Best: -87.0301, Current: -86.8466, Acceptance: 75.02%, Time: 0.06 s
Iteration 4850/5000: Ground Truth: -87.0155, Best: -87.0301, Current: -85.7546, Acceptance: 75.05%, Time: 0.04 s
Iteration 4860/5000: Ground Truth: -87.0155, Best: -87.0301, Current: -86.5363, Acceptance: 74.96%, Time: 0.04 s
Iteration 4870/5000: Ground Truth: -87.0155, Best: -87.0301, Current: -85.8270, Acceptance: 74.93%, Time: 0.04 s
Iteration 4880/5000: Ground Truth: -87.0155, Best: -87.0301, Current: -84.2879, Acceptance: 74.96%, Time: 0.04 s
Iteration 4890/5000: Ground Truth: -87.0155, Best: -87.0301, Current: -84.9940, Acceptance: 74.99%, Time: 0.06 s
Iteration 4900/5000: Ground Truth: -87.0155, Best: -87.0301, Current: -86.1339, Acceptance: 74.96%, Time: 0.04 s
Iteration 4910/5000: Ground Truth: -87.0155, Best: -87.0301, Current: -85.0199, Acceptance: 74.97%, Time: 0.06 s
Iteration 4920/5000: Ground Truth: -87.0155, Best: -87.0301, Current: -85.1989, Acceptance: 74.98%, Time: 0.06 s
Iteration 4930/5000: Ground Truth: -87.0155, Best: -87.0301, Current: -85.1600, Acceptance: 74.97%, Time: 0.06 s
Iteration 4940/5000: Ground Truth: -87.0155, Best: -87.0301, Current: -85.3665, Acceptance: 74.96%, Time: 0.06 s
Iteration 4950/5000: Ground Truth: -87.0155, Best: -87.0301, Current: -85.7261, Acceptance: 74.95%, Time: 0.06 s
Iteration 4960/5000: Ground Truth: -87.0155, Best: -87.0301, Current: -85.4798, Acceptance: 74.94%, Time: 0.04 s
Iteration 4970/5000: Ground Truth: -87.0155, Best: -87.0301, Current: -86.2260, Acceptance: 74.95%, Time: 0.04 s
Iteration 4980/5000: Ground Truth: -87.0155, Best: -87.0301, Current: -85.0594, Acceptance: 74.94%, Time: 0.06 s
Iteration 4990/5000: Ground Truth: -87.0155, Best: -87.0301, Current: -85.4248, Acceptance: 74.97%, Time: 0.04 s
Iteration 5000/5000: Ground Truth: -87.0155, Best: -87.0301, Current: -84.3785, Acceptance: 75.00%, Time: 0.06 s
Matched for mp-10781: RMSD = 0.002, ΔE = 0.015 eV
mp-10781 match: True
Initial energy: -87.56729125976562
  *** New best: -93.4109 eV
Iteration 10/5000: Ground Truth: -93.3096, Best: -93.4109, Current: -89.9226, Acceptance: 80.00%, Time: 0.08 s
Iteration 20/5000: Ground Truth: -93.3096, Best: -93.4109, Current: -92.7916, Acceptance: 70.00%, Time: 0.04 s
Iteration 30/5000: Ground Truth: -93.3096, Best: -93.4109, Current: -92.1085, Acceptance: 70.00%, Time: 0.07 s
Iteration 40/5000: Ground Truth: -93.3096, Best: -93.4109, Current: -92.4488, Acceptance: 72.50%, Time: 0.04 s
  *** New best: -93.4196 eV
Iteration 50/5000: Ground Truth: -93.3096, Best: -93.4196, Current: -93.1134, Acceptance: 68.00%, Time: 0.04 s
Iteration 60/5000: Ground Truth: -93.3096, Best: -93.4196, Current: -92.0628, Acceptance: 63.33%, Time: 0.07 s
Iteration 70/5000: Ground Truth: -93.3096, Best: -93.4196, Current: -90.3072, Acceptance: 65.71%, Time: 0.08 s
Iteration 80/5000: Ground Truth: -93.3096, Best: -93.4196, Current: -90.0983, Acceptance: 67.50%, Time: 0.08 s
Iteration 90/5000: Ground Truth: -93.3096, Best: -93.4196, Current: -89.4418, Acceptance: 68.89%, Time: 0.07 s
Iteration 100/5000: Ground Truth: -93.3096, Best: -93.4196, Current: -90.7928, Acceptance: 70.00%, Time: 0.07 s
Iteration 110/5000: Ground Truth: -93.3096, Best: -93.4196, Current: -91.1398, Acceptance: 71.82%, Time: 0.07 s
Iteration 120/5000: Ground Truth: -93.3096, Best: -93.4196, Current: -92.6164, Acceptance: 70.83%, Time: 0.04 s
Iteration 130/5000: Ground Truth: -93.3096, Best: -93.4196, Current: -92.4916, Acceptance: 69.23%, Time: 0.04 s
Iteration 140/5000: Ground Truth: -93.3096, Best: -93.4196, Current: -90.4661, Acceptance: 69.29%, Time: 0.08 s
Iteration 150/5000: Ground Truth: -93.3096, Best: -93.4196, Current: -90.9109, Acceptance: 70.67%, Time: 0.07 s
Iteration 160/5000: Ground Truth: -93.3096, Best: -93.4196, Current: -92.5714, Acceptance: 68.75%, Time: 0.07 s
Iteration 170/5000: Ground Truth: -93.3096, Best: -93.4196, Current: -91.3406, Acceptance: 69.41%, Time: 0.07 s
  *** New best: -93.4208 eV
Iteration 180/5000: Ground Truth: -93.3096, Best: -93.4208, Current: -92.2845, Acceptance: 68.33%, Time: 0.04 s
Iteration 190/5000: Ground Truth: -93.3096, Best: -93.4208, Current: -90.6566, Acceptance: 67.89%, Time: 0.07 s
Iteration 200/5000: Ground Truth: -93.3096, Best: -93.4208, Current: -89.8199, Acceptance: 68.50%, Time: 0.07 s
Iteration 210/5000: Ground Truth: -93.3096, Best: -93.4208, Current: -90.5214, Acceptance: 68.10%, Time: 0.07 s
Iteration 220/5000: Ground Truth: -93.3096, Best: -93.4208, Current: -91.5983, Acceptance: 68.18%, Time: 0.07 s
Iteration 230/5000: Ground Truth: -93.3096, Best: -93.4208, Current: -90.5637, Acceptance: 69.13%, Time: 0.07 s
Iteration 240/5000: Ground Truth: -93.3096, Best: -93.4208, Current: -89.8147, Acceptance: 69.58%, Time: 0.07 s
Iteration 250/5000: Ground Truth: -93.3096, Best: -93.4208, Current: -91.6576, Acceptance: 69.20%, Time: 0.07 s
Iteration 260/5000: Ground Truth: -93.3096, Best: -93.4208, Current: -91.5417, Acceptance: 68.85%, Time: 0.07 s
Iteration 270/5000: Ground Truth: -93.3096, Best: -93.4208, Current: -91.6589, Acceptance: 68.52%, Time: 0.07 s
Iteration 280/5000: Ground Truth: -93.3096, Best: -93.4208, Current: -89.2138, Acceptance: 68.57%, Time: 0.08 s
Iteration 290/5000: Ground Truth: -93.3096, Best: -93.4208, Current: -90.9466, Acceptance: 67.93%, Time: 0.07 s
Iteration 300/5000: Ground Truth: -93.3096, Best: -93.4208, Current: -91.5012, Acceptance: 68.00%, Time: 0.07 s
Iteration 310/5000: Ground Truth: -93.3096, Best: -93.4208, Current: -91.6446, Acceptance: 67.74%, Time: 0.07 s
Iteration 320/5000: Ground Truth: -93.3096, Best: -93.4208, Current: -93.1629, Acceptance: 66.88%, Time: 0.04 s
Iteration 330/5000: Ground Truth: -93.3096, Best: -93.4208, Current: -91.0944, Acceptance: 66.67%, Time: 0.07 s
Iteration 340/5000: Ground Truth: -93.3096, Best: -93.4208, Current: -90.7707, Acceptance: 67.06%, Time: 0.07 s
Iteration 350/5000: Ground Truth: -93.3096, Best: -93.4208, Current: -90.8353, Acceptance: 67.71%, Time: 0.07 s
Iteration 360/5000: Ground Truth: -93.3096, Best: -93.4208, Current: -90.5823, Acceptance: 68.61%, Time: 0.07 s
Iteration 370/5000: Ground Truth: -93.3096, Best: -93.4208, Current: -92.0179, Acceptance: 68.38%, Time: 0.07 s
Iteration 380/5000: Ground Truth: -93.3096, Best: -93.4208, Current: -92.5809, Acceptance: 67.89%, Time: 0.07 s
Iteration 390/5000: Ground Truth: -93.3096, Best: -93.4208, Current: -91.9332, Acceptance: 67.95%, Time: 0.04 s
  *** New best: -93.4209 eV
Iteration 400/5000: Ground Truth: -93.3096, Best: -93.4209, Current: -89.0480, Acceptance: 68.25%, Time: 0.07 s
Iteration 410/5000: Ground Truth: -93.3096, Best: -93.4209, Current: -92.1589, Acceptance: 68.05%, Time: 0.07 s
Iteration 420/5000: Ground Truth: -93.3096, Best: -93.4209, Current: -90.3808, Acceptance: 68.33%, Time: 0.07 s
Iteration 430/5000: Ground Truth: -93.3096, Best: -93.4209, Current: -92.6019, Acceptance: 67.67%, Time: 0.07 s
Iteration 440/5000: Ground Truth: -93.3096, Best: -93.4209, Current: -89.8971, Acceptance: 68.18%, Time: 0.07 s
Iteration 450/5000: Ground Truth: -93.3096, Best: -93.4209, Current: -92.3300, Acceptance: 67.56%, Time: 0.07 s
Iteration 460/5000: Ground Truth: -93.3096, Best: -93.4209, Current: -92.1594, Acceptance: 67.39%, Time: 0.07 s
Iteration 470/5000: Ground Truth: -93.3096, Best: -93.4209, Current: -90.3313, Acceptance: 67.66%, Time: 0.07 s
Iteration 480/5000: Ground Truth: -93.3096, Best: -93.4209, Current: -92.3394, Acceptance: 67.29%, Time: 0.07 s
Iteration 490/5000: Ground Truth: -93.3096, Best: -93.4209, Current: -90.0308, Acceptance: 67.14%, Time: 0.07 s
Iteration 500/5000: Ground Truth: -93.3096, Best: -93.4209, Current: -91.2422, Acceptance: 67.20%, Time: 0.07 s
Iteration 510/5000: Ground Truth: -93.3096, Best: -93.4209, Current: -91.3126, Acceptance: 67.65%, Time: 0.07 s
Iteration 520/5000: Ground Truth: -93.3096, Best: -93.4209, Current: -91.2359, Acceptance: 67.69%, Time: 0.07 s
Iteration 530/5000: Ground Truth: -93.3096, Best: -93.4209, Current: -90.8723, Acceptance: 68.11%, Time: 0.07 s
Iteration 540/5000: Ground Truth: -93.3096, Best: -93.4209, Current: -90.7060, Acceptance: 68.15%, Time: 0.04 s
Iteration 550/5000: Ground Truth: -93.3096, Best: -93.4209, Current: -89.6344, Acceptance: 68.18%, Time: 0.07 s
Iteration 560/5000: Ground Truth: -93.3096, Best: -93.4209, Current: -91.8970, Acceptance: 68.04%, Time: 0.08 s
Iteration 570/5000: Ground Truth: -93.3096, Best: -93.4209, Current: -91.4165, Acceptance: 67.72%, Time: 0.07 s
Iteration 580/5000: Ground Truth: -93.3096, Best: -93.4209, Current: -91.6118, Acceptance: 67.76%, Time: 0.07 s
Iteration 590/5000: Ground Truth: -93.3096, Best: -93.4209, Current: -91.8987, Acceptance: 67.63%, Time: 0.07 s
Iteration 600/5000: Ground Truth: -93.3096, Best: -93.4209, Current: -91.3823, Acceptance: 67.50%, Time: 0.04 s
Iteration 610/5000: Ground Truth: -93.3096, Best: -93.4209, Current: -91.7649, Acceptance: 67.38%, Time: 0.07 s
Iteration 620/5000: Ground Truth: -93.3096, Best: -93.4209, Current: -90.4403, Acceptance: 67.42%, Time: 0.07 s
Iteration 630/5000: Ground Truth: -93.3096, Best: -93.4209, Current: -91.8047, Acceptance: 66.98%, Time: 0.04 s
Iteration 640/5000: Ground Truth: -93.3096, Best: -93.4209, Current: -91.9079, Acceptance: 67.19%, Time: 0.07 s
Iteration 650/5000: Ground Truth: -93.3096, Best: -93.4209, Current: -92.0410, Acceptance: 67.08%, Time: 0.04 s
Iteration 660/5000: Ground Truth: -93.3096, Best: -93.4209, Current: -91.9017, Acceptance: 66.97%, Time: 0.07 s
Iteration 670/5000: Ground Truth: -93.3096, Best: -93.4209, Current: -92.3101, Acceptance: 67.01%, Time: 0.04 s
Iteration 680/5000: Ground Truth: -93.3096, Best: -93.4209, Current: -91.2937, Acceptance: 67.50%, Time: 0.05 s
Iteration 690/5000: Ground Truth: -93.3096, Best: -93.4209, Current: -92.7954, Acceptance: 67.10%, Time: 0.04 s
Iteration 700/5000: Ground Truth: -93.3096, Best: -93.4209, Current: -92.6532, Acceptance: 66.71%, Time: 0.07 s
Iteration 710/5000: Ground Truth: -93.3096, Best: -93.4209, Current: -91.8710, Acceptance: 66.90%, Time: 0.07 s
Iteration 720/5000: Ground Truth: -93.3096, Best: -93.4209, Current: -91.5594, Acceptance: 66.53%, Time: 0.07 s
Iteration 730/5000: Ground Truth: -93.3096, Best: -93.4209, Current: -90.2475, Acceptance: 66.58%, Time: 0.07 s
Iteration 740/5000: Ground Truth: -93.3096, Best: -93.4209, Current: -90.5658, Acceptance: 66.76%, Time: 0.07 s
Iteration 750/5000: Ground Truth: -93.3096, Best: -93.4209, Current: -92.1334, Acceptance: 66.53%, Time: 0.07 s
Iteration 760/5000: Ground Truth: -93.3096, Best: -93.4209, Current: -91.5152, Acceptance: 66.71%, Time: 0.07 s
Iteration 770/5000: Ground Truth: -93.3096, Best: -93.4209, Current: -92.3428, Acceptance: 66.75%, Time: 0.07 s
Iteration 780/5000: Ground Truth: -93.3096, Best: -93.4209, Current: -91.4825, Acceptance: 66.79%, Time: 0.07 s
Iteration 790/5000: Ground Truth: -93.3096, Best: -93.4209, Current: -91.2965, Acceptance: 66.71%, Time: 0.07 s
Iteration 800/5000: Ground Truth: -93.3096, Best: -93.4209, Current: -90.5725, Acceptance: 66.62%, Time: 0.07 s
Iteration 810/5000: Ground Truth: -93.3096, Best: -93.4209, Current: -91.3051, Acceptance: 66.54%, Time: 0.07 s
Iteration 820/5000: Ground Truth: -93.3096, Best: -93.4209, Current: -92.5404, Acceptance: 66.59%, Time: 0.04 s
Iteration 830/5000: Ground Truth: -93.3096, Best: -93.4209, Current: -92.0707, Acceptance: 66.51%, Time: 0.04 s
Iteration 840/5000: Ground Truth: -93.3096, Best: -93.4209, Current: -91.5361, Acceptance: 66.67%, Time: 0.07 s
Iteration 850/5000: Ground Truth: -93.3096, Best: -93.4209, Current: -90.2790, Acceptance: 66.82%, Time: 0.04 s
Iteration 860/5000: Ground Truth: -93.3096, Best: -93.4209, Current: -91.2611, Acceptance: 66.74%, Time: 0.07 s
Iteration 870/5000: Ground Truth: -93.3096, Best: -93.4209, Current: -91.4488, Acceptance: 66.78%, Time: 0.07 s
Iteration 880/5000: Ground Truth: -93.3096, Best: -93.4209, Current: -90.7260, Acceptance: 66.70%, Time: 0.07 s
Iteration 890/5000: Ground Truth: -93.3096, Best: -93.4209, Current: -92.0633, Acceptance: 66.63%, Time: 0.07 s
Iteration 900/5000: Ground Truth: -93.3096, Best: -93.4209, Current: -91.1220, Acceptance: 66.78%, Time: 0.04 s
Iteration 910/5000: Ground Truth: -93.3096, Best: -93.4209, Current: -91.4784, Acceptance: 66.92%, Time: 0.04 s
Iteration 920/5000: Ground Truth: -93.3096, Best: -93.4209, Current: -91.1822, Acceptance: 66.52%, Time: 0.04 s
  *** New best: -93.4210 eV
Iteration 930/5000: Ground Truth: -93.3096, Best: -93.4210, Current: -92.0057, Acceptance: 66.56%, Time: 0.07 s
Iteration 940/5000: Ground Truth: -93.3096, Best: -93.4210, Current: -91.9866, Acceptance: 66.49%, Time: 0.07 s
Iteration 950/5000: Ground Truth: -93.3096, Best: -93.4210, Current: -90.6281, Acceptance: 66.63%, Time: 0.07 s
Iteration 960/5000: Ground Truth: -93.3096, Best: -93.4210, Current: -91.7889, Acceptance: 66.67%, Time: 0.04 s
Iteration 970/5000: Ground Truth: -93.3096, Best: -93.4210, Current: -87.6143, Acceptance: 66.91%, Time: 0.07 s
Iteration 980/5000: Ground Truth: -93.3096, Best: -93.4210, Current: -91.3034, Acceptance: 66.84%, Time: 0.07 s
Iteration 990/5000: Ground Truth: -93.3096, Best: -93.4210, Current: -92.3257, Acceptance: 66.77%, Time: 0.07 s
Iteration 1000/5000: Ground Truth: -93.3096, Best: -93.4210, Current: -91.9274, Acceptance: 66.80%, Time: 0.07 s
Iteration 1010/5000: Ground Truth: -93.3096, Best: -93.4210, Current: -89.0178, Acceptance: 67.13%, Time: 0.07 s
Iteration 1020/5000: Ground Truth: -93.3096, Best: -93.4210, Current: -91.9512, Acceptance: 67.35%, Time: 0.04 s
Iteration 1030/5000: Ground Truth: -93.3096, Best: -93.4210, Current: -90.3243, Acceptance: 67.38%, Time: 0.07 s
Iteration 1040/5000: Ground Truth: -93.3096, Best: -93.4210, Current: -91.9771, Acceptance: 67.31%, Time: 0.04 s
Iteration 1050/5000: Ground Truth: -93.3096, Best: -93.4210, Current: -92.4021, Acceptance: 67.43%, Time: 0.04 s
Iteration 1060/5000: Ground Truth: -93.3096, Best: -93.4210, Current: -91.6046, Acceptance: 67.26%, Time: 0.07 s
Iteration 1070/5000: Ground Truth: -93.3096, Best: -93.4210, Current: -91.2629, Acceptance: 67.38%, Time: 0.07 s
Iteration 1080/5000: Ground Truth: -93.3096, Best: -93.4210, Current: -90.1008, Acceptance: 67.59%, Time: 0.07 s
Iteration 1090/5000: Ground Truth: -93.3096, Best: -93.4210, Current: -91.1238, Acceptance: 67.61%, Time: 0.04 s
Iteration 1100/5000: Ground Truth: -93.3096, Best: -93.4210, Current: -92.0672, Acceptance: 67.55%, Time: 0.04 s
Iteration 1110/5000: Ground Truth: -93.3096, Best: -93.4210, Current: -92.1264, Acceptance: 67.39%, Time: 0.04 s
Iteration 1120/5000: Ground Truth: -93.3096, Best: -93.4210, Current: -89.7530, Acceptance: 67.59%, Time: 0.07 s
Iteration 1130/5000: Ground Truth: -93.3096, Best: -93.4210, Current: -90.5656, Acceptance: 67.43%, Time: 0.07 s
Iteration 1140/5000: Ground Truth: -93.3096, Best: -93.4210, Current: -91.6780, Acceptance: 67.37%, Time: 0.04 s
Iteration 1150/5000: Ground Truth: -93.3096, Best: -93.4210, Current: -90.7038, Acceptance: 67.57%, Time: 0.04 s
Iteration 1160/5000: Ground Truth: -93.3096, Best: -93.4210, Current: -91.7322, Acceptance: 67.59%, Time: 0.07 s
Iteration 1170/5000: Ground Truth: -93.3096, Best: -93.4210, Current: -91.5752, Acceptance: 67.52%, Time: 0.04 s
Iteration 1180/5000: Ground Truth: -93.3096, Best: -93.4210, Current: -92.7008, Acceptance: 67.20%, Time: 0.07 s
Iteration 1190/5000: Ground Truth: -93.3096, Best: -93.4210, Current: -90.9973, Acceptance: 67.23%, Time: 0.07 s
Iteration 1200/5000: Ground Truth: -93.3096, Best: -93.4210, Current: -92.8391, Acceptance: 67.00%, Time: 0.04 s
Iteration 1210/5000: Ground Truth: -93.3096, Best: -93.4210, Current: -91.3566, Acceptance: 66.69%, Time: 0.07 s
Iteration 1220/5000: Ground Truth: -93.3096, Best: -93.4210, Current: -92.9498, Acceptance: 66.48%, Time: 0.07 s
Iteration 1230/5000: Ground Truth: -93.3096, Best: -93.4210, Current: -90.8857, Acceptance: 66.42%, Time: 0.07 s
Iteration 1240/5000: Ground Truth: -93.3096, Best: -93.4210, Current: -92.3601, Acceptance: 66.37%, Time: 0.04 s
Iteration 1250/5000: Ground Truth: -93.3096, Best: -93.4210, Current: -90.2951, Acceptance: 66.56%, Time: 0.08 s
Iteration 1260/5000: Ground Truth: -93.3096, Best: -93.4210, Current: -92.2264, Acceptance: 66.67%, Time: 0.04 s
Iteration 1270/5000: Ground Truth: -93.3096, Best: -93.4210, Current: -91.6174, Acceptance: 66.69%, Time: 0.07 s
Iteration 1280/5000: Ground Truth: -93.3096, Best: -93.4210, Current: -92.9939, Acceptance: 66.64%, Time: 0.04 s
Iteration 1290/5000: Ground Truth: -93.3096, Best: -93.4210, Current: -90.5583, Acceptance: 66.90%, Time: 0.04 s
Iteration 1300/5000: Ground Truth: -93.3096, Best: -93.4210, Current: -93.1588, Acceptance: 66.62%, Time: 0.04 s
Iteration 1310/5000: Ground Truth: -93.3096, Best: -93.4210, Current: -91.0531, Acceptance: 66.72%, Time: 0.07 s
Iteration 1320/5000: Ground Truth: -93.3096, Best: -93.4210, Current: -92.6124, Acceptance: 66.82%, Time: 0.04 s
Iteration 1330/5000: Ground Truth: -93.3096, Best: -93.4210, Current: -89.9146, Acceptance: 66.84%, Time: 0.07 s
Iteration 1340/5000: Ground Truth: -93.3096, Best: -93.4210, Current: -92.0774, Acceptance: 66.94%, Time: 0.07 s
Iteration 1350/5000: Ground Truth: -93.3096, Best: -93.4210, Current: -91.8480, Acceptance: 66.89%, Time: 0.04 s
Iteration 1360/5000: Ground Truth: -93.3096, Best: -93.4210, Current: -92.8343, Acceptance: 66.91%, Time: 0.04 s
Iteration 1370/5000: Ground Truth: -93.3096, Best: -93.4210, Current: -91.4305, Acceptance: 67.08%, Time: 0.07 s
Iteration 1380/5000: Ground Truth: -93.3096, Best: -93.4210, Current: -91.8520, Acceptance: 67.10%, Time: 0.04 s
Iteration 1390/5000: Ground Truth: -93.3096, Best: -93.4210, Current: -93.0021, Acceptance: 66.83%, Time: 0.04 s
Iteration 1400/5000: Ground Truth: -93.3096, Best: -93.4210, Current: -90.7487, Acceptance: 67.07%, Time: 0.07 s
Iteration 1410/5000: Ground Truth: -93.3096, Best: -93.4210, Current: -91.9499, Acceptance: 67.16%, Time: 0.07 s
Iteration 1420/5000: Ground Truth: -93.3096, Best: -93.4210, Current: -92.2029, Acceptance: 67.25%, Time: 0.05 s
Iteration 1430/5000: Ground Truth: -93.3096, Best: -93.4210, Current: -92.4939, Acceptance: 67.20%, Time: 0.07 s
Iteration 1440/5000: Ground Truth: -93.3096, Best: -93.4210, Current: -89.4689, Acceptance: 67.22%, Time: 0.07 s
Iteration 1450/5000: Ground Truth: -93.3096, Best: -93.4210, Current: -93.2180, Acceptance: 67.10%, Time: 0.04 s
Iteration 1460/5000: Ground Truth: -93.3096, Best: -93.4210, Current: -92.5198, Acceptance: 67.05%, Time: 0.04 s
Iteration 1470/5000: Ground Truth: -93.3096, Best: -93.4210, Current: -90.2420, Acceptance: 67.14%, Time: 0.07 s
Iteration 1480/5000: Ground Truth: -93.3096, Best: -93.4210, Current: -89.2237, Acceptance: 67.23%, Time: 0.07 s
Iteration 1490/5000: Ground Truth: -93.3096, Best: -93.4210, Current: -91.3152, Acceptance: 67.25%, Time: 0.07 s
Iteration 1500/5000: Ground Truth: -93.3096, Best: -93.4210, Current: -90.5128, Acceptance: 67.33%, Time: 0.07 s
Iteration 1510/5000: Ground Truth: -93.3096, Best: -93.4210, Current: -90.2402, Acceptance: 67.22%, Time: 0.07 s
Iteration 1520/5000: Ground Truth: -93.3096, Best: -93.4210, Current: -91.4524, Acceptance: 67.24%, Time: 0.07 s
Iteration 1530/5000: Ground Truth: -93.3096, Best: -93.4210, Current: -91.8179, Acceptance: 67.25%, Time: 0.04 s
Iteration 1540/5000: Ground Truth: -93.3096, Best: -93.4210, Current: -91.1781, Acceptance: 67.34%, Time: 0.04 s
Iteration 1550/5000: Ground Truth: -93.3096, Best: -93.4210, Current: -89.6334, Acceptance: 67.35%, Time: 0.07 s
Iteration 1560/5000: Ground Truth: -93.3096, Best: -93.4210, Current: -88.0253, Acceptance: 67.44%, Time: 0.07 s
Iteration 1570/5000: Ground Truth: -93.3096, Best: -93.4210, Current: -89.5008, Acceptance: 67.45%, Time: 0.07 s
Iteration 1580/5000: Ground Truth: -93.3096, Best: -93.4210, Current: -92.9881, Acceptance: 67.28%, Time: 0.07 s
Iteration 1590/5000: Ground Truth: -93.3096, Best: -93.4210, Current: -89.7048, Acceptance: 67.36%, Time: 0.07 s
Iteration 1600/5000: Ground Truth: -93.3096, Best: -93.4210, Current: -91.7743, Acceptance: 67.38%, Time: 0.05 s
Iteration 1610/5000: Ground Truth: -93.3096, Best: -93.4210, Current: -92.0050, Acceptance: 67.33%, Time: 0.07 s
Iteration 1620/5000: Ground Truth: -93.3096, Best: -93.4210, Current: -91.9101, Acceptance: 67.41%, Time: 0.04 s
Iteration 1630/5000: Ground Truth: -93.3096, Best: -93.4210, Current: -91.9236, Acceptance: 67.24%, Time: 0.07 s
Iteration 1640/5000: Ground Truth: -93.3096, Best: -93.4210, Current: -91.2168, Acceptance: 67.26%, Time: 0.04 s
Iteration 1650/5000: Ground Truth: -93.3096, Best: -93.4210, Current: -92.4684, Acceptance: 67.21%, Time: 0.04 s
Iteration 1660/5000: Ground Truth: -93.3096, Best: -93.4210, Current: -91.3141, Acceptance: 67.41%, Time: 0.07 s
Iteration 1670/5000: Ground Truth: -93.3096, Best: -93.4210, Current: -91.5028, Acceptance: 67.49%, Time: 0.07 s
Iteration 1680/5000: Ground Truth: -93.3096, Best: -93.4210, Current: -91.1960, Acceptance: 67.44%, Time: 0.07 s
Iteration 1690/5000: Ground Truth: -93.3096, Best: -93.4210, Current: -92.0669, Acceptance: 67.34%, Time: 0.07 s
Iteration 1700/5000: Ground Truth: -93.3096, Best: -93.4210, Current: -92.1858, Acceptance: 67.47%, Time: 0.04 s
Iteration 1710/5000: Ground Truth: -93.3096, Best: -93.4210, Current: -90.6652, Acceptance: 67.43%, Time: 0.07 s
Iteration 1720/5000: Ground Truth: -93.3096, Best: -93.4210, Current: -90.9772, Acceptance: 67.44%, Time: 0.07 s
Iteration 1730/5000: Ground Truth: -93.3096, Best: -93.4210, Current: -90.9180, Acceptance: 67.57%, Time: 0.05 s
Iteration 1740/5000: Ground Truth: -93.3096, Best: -93.4210, Current: -91.2083, Acceptance: 67.53%, Time: 0.04 s
Iteration 1750/5000: Ground Truth: -93.3096, Best: -93.4210, Current: -93.1873, Acceptance: 67.43%, Time: 0.04 s
Iteration 1760/5000: Ground Truth: -93.3096, Best: -93.4210, Current: -90.9167, Acceptance: 67.61%, Time: 0.04 s
Iteration 1770/5000: Ground Truth: -93.3096, Best: -93.4210, Current: -88.4105, Acceptance: 67.68%, Time: 0.07 s
Iteration 1780/5000: Ground Truth: -93.3096, Best: -93.4210, Current: -92.6417, Acceptance: 67.64%, Time: 0.07 s
Iteration 1790/5000: Ground Truth: -93.3096, Best: -93.4210, Current: -93.2284, Acceptance: 67.60%, Time: 0.04 s
Iteration 1800/5000: Ground Truth: -93.3096, Best: -93.4210, Current: -91.0373, Acceptance: 67.67%, Time: 0.05 s
Iteration 1810/5000: Ground Truth: -93.3096, Best: -93.4210, Current: -91.0006, Acceptance: 67.62%, Time: 0.07 s
Iteration 1820/5000: Ground Truth: -93.3096, Best: -93.4210, Current: -92.5008, Acceptance: 67.64%, Time: 0.07 s
Iteration 1830/5000: Ground Truth: -93.3096, Best: -93.4210, Current: -91.5260, Acceptance: 67.54%, Time: 0.07 s
Iteration 1840/5000: Ground Truth: -93.3096, Best: -93.4210, Current: -90.3602, Acceptance: 67.45%, Time: 0.07 s
Iteration 1850/5000: Ground Truth: -93.3096, Best: -93.4210, Current: -91.7363, Acceptance: 67.51%, Time: 0.07 s
Iteration 1860/5000: Ground Truth: -93.3096, Best: -93.4210, Current: -91.5414, Acceptance: 67.63%, Time: 0.05 s
Iteration 1870/5000: Ground Truth: -93.3096, Best: -93.4210, Current: -91.7755, Acceptance: 67.65%, Time: 0.07 s
Iteration 1880/5000: Ground Truth: -93.3096, Best: -93.4210, Current: -91.8465, Acceptance: 67.61%, Time: 0.07 s
Iteration 1890/5000: Ground Truth: -93.3096, Best: -93.4210, Current: -91.3986, Acceptance: 67.67%, Time: 0.04 s
Iteration 1900/5000: Ground Truth: -93.3096, Best: -93.4210, Current: -90.4507, Acceptance: 67.63%, Time: 0.07 s
Iteration 1910/5000: Ground Truth: -93.3096, Best: -93.4210, Current: -91.4407, Acceptance: 67.64%, Time: 0.07 s
Iteration 1920/5000: Ground Truth: -93.3096, Best: -93.4210, Current: -90.6652, Acceptance: 67.71%, Time: 0.07 s
Iteration 1930/5000: Ground Truth: -93.3096, Best: -93.4210, Current: -91.7937, Acceptance: 67.67%, Time: 0.07 s
Iteration 1940/5000: Ground Truth: -93.3096, Best: -93.4210, Current: -91.3545, Acceptance: 67.73%, Time: 0.07 s
Iteration 1950/5000: Ground Truth: -93.3096, Best: -93.4210, Current: -88.3377, Acceptance: 67.90%, Time: 0.07 s
Iteration 1960/5000: Ground Truth: -93.3096, Best: -93.4210, Current: -91.7991, Acceptance: 67.91%, Time: 0.07 s
Iteration 1970/5000: Ground Truth: -93.3096, Best: -93.4210, Current: -91.9898, Acceptance: 67.92%, Time: 0.07 s
Iteration 1980/5000: Ground Truth: -93.3096, Best: -93.4210, Current: -91.7338, Acceptance: 67.98%, Time: 0.07 s
Iteration 1990/5000: Ground Truth: -93.3096, Best: -93.4210, Current: -91.0378, Acceptance: 68.04%, Time: 0.07 s
Iteration 2000/5000: Ground Truth: -93.3096, Best: -93.4210, Current: -91.5195, Acceptance: 68.15%, Time: 0.04 s
Iteration 2010/5000: Ground Truth: -93.3096, Best: -93.4210, Current: -92.0379, Acceptance: 68.16%, Time: 0.07 s
Iteration 2020/5000: Ground Truth: -93.3096, Best: -93.4210, Current: -91.2497, Acceptance: 68.17%, Time: 0.07 s
Iteration 2030/5000: Ground Truth: -93.3096, Best: -93.4210, Current: -90.2532, Acceptance: 68.18%, Time: 0.07 s
Iteration 2040/5000: Ground Truth: -93.3096, Best: -93.4210, Current: -90.8963, Acceptance: 68.24%, Time: 0.07 s
Iteration 2050/5000: Ground Truth: -93.3096, Best: -93.4210, Current: -92.2308, Acceptance: 68.20%, Time: 0.04 s
Iteration 2060/5000: Ground Truth: -93.3096, Best: -93.4210, Current: -92.3699, Acceptance: 68.16%, Time: 0.07 s
Iteration 2070/5000: Ground Truth: -93.3096, Best: -93.4210, Current: -91.5276, Acceptance: 68.16%, Time: 0.07 s
Iteration 2080/5000: Ground Truth: -93.3096, Best: -93.4210, Current: -91.9066, Acceptance: 68.12%, Time: 0.07 s
Iteration 2090/5000: Ground Truth: -93.3096, Best: -93.4210, Current: -90.4543, Acceptance: 68.13%, Time: 0.07 s
Iteration 2100/5000: Ground Truth: -93.3096, Best: -93.4210, Current: -91.2162, Acceptance: 68.10%, Time: 0.07 s
Iteration 2110/5000: Ground Truth: -93.3096, Best: -93.4210, Current: -91.1771, Acceptance: 68.15%, Time: 0.07 s
Iteration 2120/5000: Ground Truth: -93.3096, Best: -93.4210, Current: -91.5944, Acceptance: 68.30%, Time: 0.04 s
Iteration 2130/5000: Ground Truth: -93.3096, Best: -93.4210, Current: -92.5427, Acceptance: 68.31%, Time: 0.04 s
Iteration 2140/5000: Ground Truth: -93.3096, Best: -93.4210, Current: -92.2810, Acceptance: 68.32%, Time: 0.04 s
Iteration 2150/5000: Ground Truth: -93.3096, Best: -93.4210, Current: -92.3844, Acceptance: 68.28%, Time: 0.07 s
Iteration 2160/5000: Ground Truth: -93.3096, Best: -93.4210, Current: -90.6118, Acceptance: 68.38%, Time: 0.07 s
Iteration 2170/5000: Ground Truth: -93.3096, Best: -93.4210, Current: -90.7619, Acceptance: 68.34%, Time: 0.07 s
Iteration 2180/5000: Ground Truth: -93.3096, Best: -93.4210, Current: -91.7261, Acceptance: 68.35%, Time: 0.07 s
Iteration 2190/5000: Ground Truth: -93.3096, Best: -93.4210, Current: -91.5496, Acceptance: 68.31%, Time: 0.07 s
Iteration 2200/5000: Ground Truth: -93.3096, Best: -93.4210, Current: -92.2784, Acceptance: 68.23%, Time: 0.04 s
Iteration 2210/5000: Ground Truth: -93.3096, Best: -93.4210, Current: -91.7922, Acceptance: 68.24%, Time: 0.04 s
Iteration 2220/5000: Ground Truth: -93.3096, Best: -93.4210, Current: -91.0827, Acceptance: 68.33%, Time: 0.07 s
Iteration 2230/5000: Ground Truth: -93.3096, Best: -93.4210, Current: -92.3730, Acceptance: 68.39%, Time: 0.04 s
Iteration 2240/5000: Ground Truth: -93.3096, Best: -93.4210, Current: -90.7076, Acceptance: 68.39%, Time: 0.07 s
Iteration 2250/5000: Ground Truth: -93.3096, Best: -93.4210, Current: -89.4665, Acceptance: 68.40%, Time: 0.07 s
Iteration 2260/5000: Ground Truth: -93.3096, Best: -93.4210, Current: -92.8946, Acceptance: 68.36%, Time: 0.04 s
Iteration 2270/5000: Ground Truth: -93.3096, Best: -93.4210, Current: -91.0788, Acceptance: 68.37%, Time: 0.07 s
Iteration 2280/5000: Ground Truth: -93.3096, Best: -93.4210, Current: -92.8650, Acceptance: 68.42%, Time: 0.04 s
Iteration 2290/5000: Ground Truth: -93.3096, Best: -93.4210, Current: -90.6513, Acceptance: 68.47%, Time: 0.07 s
Iteration 2300/5000: Ground Truth: -93.3096, Best: -93.4210, Current: -91.5363, Acceptance: 68.48%, Time: 0.07 s
Iteration 2310/5000: Ground Truth: -93.3096, Best: -93.4210, Current: -91.1111, Acceptance: 68.35%, Time: 0.07 s
Iteration 2320/5000: Ground Truth: -93.3096, Best: -93.4210, Current: -90.4995, Acceptance: 68.41%, Time: 0.07 s
Iteration 2330/5000: Ground Truth: -93.3096, Best: -93.4210, Current: -91.7651, Acceptance: 68.37%, Time: 0.07 s
Iteration 2340/5000: Ground Truth: -93.3096, Best: -93.4210, Current: -91.7261, Acceptance: 68.42%, Time: 0.04 s
Iteration 2350/5000: Ground Truth: -93.3096, Best: -93.4210, Current: -89.9094, Acceptance: 68.43%, Time: 0.07 s
Iteration 2360/5000: Ground Truth: -93.3096, Best: -93.4210, Current: -90.8680, Acceptance: 68.39%, Time: 0.07 s
Iteration 2370/5000: Ground Truth: -93.3096, Best: -93.4210, Current: -91.4301, Acceptance: 68.35%, Time: 0.07 s
Iteration 2380/5000: Ground Truth: -93.3096, Best: -93.4210, Current: -92.0426, Acceptance: 68.32%, Time: 0.04 s
Iteration 2390/5000: Ground Truth: -93.3096, Best: -93.4210, Current: -89.9336, Acceptance: 68.33%, Time: 0.07 s
Iteration 2400/5000: Ground Truth: -93.3096, Best: -93.4210, Current: -92.4246, Acceptance: 68.29%, Time: 0.07 s
Iteration 2410/5000: Ground Truth: -93.3096, Best: -93.4210, Current: -91.1443, Acceptance: 68.34%, Time: 0.07 s
Iteration 2420/5000: Ground Truth: -93.3096, Best: -93.4210, Current: -92.2746, Acceptance: 68.22%, Time: 0.07 s
Iteration 2430/5000: Ground Truth: -93.3096, Best: -93.4210, Current: -91.7080, Acceptance: 68.19%, Time: 0.07 s
Iteration 2440/5000: Ground Truth: -93.3096, Best: -93.4210, Current: -91.1425, Acceptance: 68.24%, Time: 0.07 s
Iteration 2450/5000: Ground Truth: -93.3096, Best: -93.4210, Current: -90.1333, Acceptance: 68.24%, Time: 0.08 s
Iteration 2460/5000: Ground Truth: -93.3096, Best: -93.4210, Current: -91.7791, Acceptance: 68.29%, Time: 0.07 s
Iteration 2470/5000: Ground Truth: -93.3096, Best: -93.4210, Current: -91.7610, Acceptance: 68.30%, Time: 0.07 s
Iteration 2480/5000: Ground Truth: -93.3096, Best: -93.4210, Current: -92.0193, Acceptance: 68.27%, Time: 0.07 s
Iteration 2490/5000: Ground Truth: -93.3096, Best: -93.4210, Current: -91.9597, Acceptance: 68.27%, Time: 0.04 s
Iteration 2500/5000: Ground Truth: -93.3096, Best: -93.4210, Current: -90.7961, Acceptance: 68.28%, Time: 0.07 s
Iteration 2510/5000: Ground Truth: -93.3096, Best: -93.4210, Current: -91.0880, Acceptance: 68.41%, Time: 0.04 s
Iteration 2520/5000: Ground Truth: -93.3096, Best: -93.4210, Current: -91.9743, Acceptance: 68.41%, Time: 0.08 s
Iteration 2530/5000: Ground Truth: -93.3096, Best: -93.4210, Current: -91.9855, Acceptance: 68.34%, Time: 0.04 s
Iteration 2540/5000: Ground Truth: -93.3096, Best: -93.4210, Current: -91.6115, Acceptance: 68.27%, Time: 0.07 s
Iteration 2550/5000: Ground Truth: -93.3096, Best: -93.4210, Current: -91.7606, Acceptance: 68.20%, Time: 0.07 s
Iteration 2560/5000: Ground Truth: -93.3096, Best: -93.4210, Current: -91.8718, Acceptance: 68.12%, Time: 0.07 s
Iteration 2570/5000: Ground Truth: -93.3096, Best: -93.4210, Current: -92.9048, Acceptance: 68.09%, Time: 0.04 s
Iteration 2580/5000: Ground Truth: -93.3096, Best: -93.4210, Current: -91.0053, Acceptance: 68.14%, Time: 0.04 s
  *** New best: -93.4210 eV
Iteration 2590/5000: Ground Truth: -93.3096, Best: -93.4210, Current: -91.4528, Acceptance: 68.22%, Time: 0.04 s
Iteration 2600/5000: Ground Truth: -93.3096, Best: -93.4210, Current: -91.7964, Acceptance: 68.15%, Time: 0.04 s
Iteration 2610/5000: Ground Truth: -93.3096, Best: -93.4210, Current: -93.1396, Acceptance: 68.12%, Time: 0.04 s
Iteration 2620/5000: Ground Truth: -93.3096, Best: -93.4210, Current: -90.9046, Acceptance: 68.13%, Time: 0.07 s
Iteration 2630/5000: Ground Truth: -93.3096, Best: -93.4210, Current: -91.4858, Acceptance: 68.10%, Time: 0.07 s
Iteration 2640/5000: Ground Truth: -93.3096, Best: -93.4210, Current: -90.7248, Acceptance: 68.14%, Time: 0.07 s
Iteration 2650/5000: Ground Truth: -93.3096, Best: -93.4210, Current: -91.5376, Acceptance: 68.23%, Time: 0.07 s
Iteration 2660/5000: Ground Truth: -93.3096, Best: -93.4210, Current: -89.8863, Acceptance: 68.31%, Time: 0.07 s
Iteration 2670/5000: Ground Truth: -93.3096, Best: -93.4210, Current: -92.4694, Acceptance: 68.28%, Time: 0.04 s
Iteration 2680/5000: Ground Truth: -93.3096, Best: -93.4210, Current: -92.2189, Acceptance: 68.25%, Time: 0.07 s
Iteration 2690/5000: Ground Truth: -93.3096, Best: -93.4210, Current: -91.7960, Acceptance: 68.33%, Time: 0.07 s
Iteration 2700/5000: Ground Truth: -93.3096, Best: -93.4210, Current: -92.4767, Acceptance: 68.30%, Time: 0.07 s
Iteration 2710/5000: Ground Truth: -93.3096, Best: -93.4210, Current: -90.5471, Acceptance: 68.38%, Time: 0.07 s
Iteration 2720/5000: Ground Truth: -93.3096, Best: -93.4210, Current: -91.4269, Acceptance: 68.35%, Time: 0.07 s
Iteration 2730/5000: Ground Truth: -93.3096, Best: -93.4210, Current: -92.4424, Acceptance: 68.28%, Time: 0.04 s
Iteration 2740/5000: Ground Truth: -93.3096, Best: -93.4210, Current: -91.8643, Acceptance: 68.28%, Time: 0.07 s
Iteration 2750/5000: Ground Truth: -93.3096, Best: -93.4210, Current: -90.5958, Acceptance: 68.36%, Time: 0.07 s
Iteration 2760/5000: Ground Truth: -93.3096, Best: -93.4210, Current: -92.0566, Acceptance: 68.37%, Time: 0.04 s
Iteration 2770/5000: Ground Truth: -93.3096, Best: -93.4210, Current: -91.4988, Acceptance: 68.38%, Time: 0.07 s
Iteration 2780/5000: Ground Truth: -93.3096, Best: -93.4210, Current: -90.1199, Acceptance: 68.38%, Time: 0.04 s
Iteration 2790/5000: Ground Truth: -93.3096, Best: -93.4210, Current: -88.8824, Acceptance: 68.46%, Time: 0.07 s
Iteration 2800/5000: Ground Truth: -93.3096, Best: -93.4210, Current: -90.7782, Acceptance: 68.43%, Time: 0.07 s
Iteration 2810/5000: Ground Truth: -93.3096, Best: -93.4210, Current: -90.0190, Acceptance: 68.47%, Time: 0.07 s
Iteration 2820/5000: Ground Truth: -93.3096, Best: -93.4210, Current: -89.6255, Acceptance: 68.48%, Time: 0.07 s
Iteration 2830/5000: Ground Truth: -93.3096, Best: -93.4210, Current: -91.7176, Acceptance: 68.41%, Time: 0.07 s
Iteration 2840/5000: Ground Truth: -93.3096, Best: -93.4210, Current: -91.7601, Acceptance: 68.45%, Time: 0.07 s
Iteration 2850/5000: Ground Truth: -93.3096, Best: -93.4210, Current: -92.6092, Acceptance: 68.42%, Time: 0.07 s
Iteration 2860/5000: Ground Truth: -93.3096, Best: -93.4210, Current: -91.4295, Acceptance: 68.43%, Time: 0.07 s
Iteration 2870/5000: Ground Truth: -93.3096, Best: -93.4210, Current: -90.6332, Acceptance: 68.47%, Time: 0.07 s
Iteration 2880/5000: Ground Truth: -93.3096, Best: -93.4210, Current: -91.6248, Acceptance: 68.40%, Time: 0.05 s
Iteration 2890/5000: Ground Truth: -93.3096, Best: -93.4210, Current: -91.6911, Acceptance: 68.44%, Time: 0.04 s
Iteration 2900/5000: Ground Truth: -93.3096, Best: -93.4210, Current: -91.4953, Acceptance: 68.34%, Time: 0.07 s
Iteration 2910/5000: Ground Truth: -93.3096, Best: -93.4210, Current: -90.5587, Acceptance: 68.38%, Time: 0.07 s
Iteration 2920/5000: Ground Truth: -93.3096, Best: -93.4210, Current: -92.7696, Acceptance: 68.29%, Time: 0.07 s
Iteration 2930/5000: Ground Truth: -93.3096, Best: -93.4210, Current: -92.8355, Acceptance: 68.26%, Time: 0.04 s
Iteration 2940/5000: Ground Truth: -93.3096, Best: -93.4210, Current: -90.8817, Acceptance: 68.27%, Time: 0.07 s
Iteration 2950/5000: Ground Truth: -93.3096, Best: -93.4210, Current: -92.4970, Acceptance: 68.31%, Time: 0.04 s
Iteration 2960/5000: Ground Truth: -93.3096, Best: -93.4210, Current: -92.0336, Acceptance: 68.28%, Time: 0.07 s
Iteration 2970/5000: Ground Truth: -93.3096, Best: -93.4210, Current: -92.5070, Acceptance: 68.18%, Time: 0.07 s
Iteration 2980/5000: Ground Truth: -93.3096, Best: -93.4210, Current: -92.6316, Acceptance: 68.15%, Time: 0.07 s
Iteration 2990/5000: Ground Truth: -93.3096, Best: -93.4210, Current: -92.6626, Acceptance: 68.09%, Time: 0.07 s
Iteration 3000/5000: Ground Truth: -93.3096, Best: -93.4210, Current: -91.9477, Acceptance: 68.13%, Time: 0.07 s
Iteration 3010/5000: Ground Truth: -93.3096, Best: -93.4210, Current: -89.6904, Acceptance: 68.24%, Time: 0.07 s
Iteration 3020/5000: Ground Truth: -93.3096, Best: -93.4210, Current: -92.5338, Acceptance: 68.21%, Time: 0.07 s
Iteration 3030/5000: Ground Truth: -93.3096, Best: -93.4210, Current: -92.0319, Acceptance: 68.18%, Time: 0.07 s
Iteration 3040/5000: Ground Truth: -93.3096, Best: -93.4210, Current: -89.9483, Acceptance: 68.26%, Time: 0.07 s
Iteration 3050/5000: Ground Truth: -93.3096, Best: -93.4210, Current: -89.3468, Acceptance: 68.30%, Time: 0.07 s
Iteration 3060/5000: Ground Truth: -93.3096, Best: -93.4210, Current: -90.5826, Acceptance: 68.37%, Time: 0.07 s
Iteration 3070/5000: Ground Truth: -93.3096, Best: -93.4210, Current: -92.4575, Acceptance: 68.24%, Time: 0.04 s
Iteration 3080/5000: Ground Truth: -93.3096, Best: -93.4210, Current: -92.5791, Acceptance: 68.15%, Time: 0.07 s
Iteration 3090/5000: Ground Truth: -93.3096, Best: -93.4210, Current: -90.9197, Acceptance: 68.09%, Time: 0.07 s
Iteration 3100/5000: Ground Truth: -93.3096, Best: -93.4210, Current: -91.6682, Acceptance: 68.13%, Time: 0.07 s
Iteration 3110/5000: Ground Truth: -93.3096, Best: -93.4210, Current: -91.4787, Acceptance: 68.14%, Time: 0.04 s
Iteration 3120/5000: Ground Truth: -93.3096, Best: -93.4210, Current: -90.9318, Acceptance: 68.11%, Time: 0.07 s
Iteration 3130/5000: Ground Truth: -93.3096, Best: -93.4210, Current: -91.1191, Acceptance: 68.15%, Time: 0.07 s
Iteration 3140/5000: Ground Truth: -93.3096, Best: -93.4210, Current: -92.4979, Acceptance: 68.15%, Time: 0.04 s
Iteration 3150/5000: Ground Truth: -93.3096, Best: -93.4210, Current: -92.7624, Acceptance: 68.06%, Time: 0.04 s
Iteration 3160/5000: Ground Truth: -93.3096, Best: -93.4210, Current: -92.4808, Acceptance: 68.04%, Time: 0.04 s
Iteration 3170/5000: Ground Truth: -93.3096, Best: -93.4210, Current: -91.1722, Acceptance: 68.01%, Time: 0.07 s
Iteration 3180/5000: Ground Truth: -93.3096, Best: -93.4210, Current: -90.3822, Acceptance: 68.05%, Time: 0.07 s
Iteration 3190/5000: Ground Truth: -93.3096, Best: -93.4210, Current: -91.7575, Acceptance: 68.03%, Time: 0.07 s
Iteration 3200/5000: Ground Truth: -93.3096, Best: -93.4210, Current: -92.0075, Acceptance: 68.06%, Time: 0.06 s
Iteration 3210/5000: Ground Truth: -93.3096, Best: -93.4210, Current: -92.2635, Acceptance: 68.01%, Time: 0.07 s
Iteration 3220/5000: Ground Truth: -93.3096, Best: -93.4210, Current: -90.3407, Acceptance: 68.01%, Time: 0.08 s
Iteration 3230/5000: Ground Truth: -93.3096, Best: -93.4210, Current: -89.9405, Acceptance: 68.08%, Time: 0.04 s
Iteration 3240/5000: Ground Truth: -93.3096, Best: -93.4210, Current: -91.9334, Acceptance: 67.99%, Time: 0.07 s
Iteration 3250/5000: Ground Truth: -93.3096, Best: -93.4210, Current: -91.9600, Acceptance: 68.00%, Time: 0.07 s
Iteration 3260/5000: Ground Truth: -93.3096, Best: -93.4210, Current: -91.5301, Acceptance: 68.01%, Time: 0.06 s
Iteration 3270/5000: Ground Truth: -93.3096, Best: -93.4210, Current: -90.5587, Acceptance: 68.07%, Time: 0.07 s
Iteration 3280/5000: Ground Truth: -93.3096, Best: -93.4210, Current: -90.8441, Acceptance: 68.11%, Time: 0.07 s
Iteration 3290/5000: Ground Truth: -93.3096, Best: -93.4210, Current: -91.0772, Acceptance: 68.15%, Time: 0.04 s
Iteration 3300/5000: Ground Truth: -93.3096, Best: -93.4210, Current: -92.9504, Acceptance: 68.15%, Time: 0.04 s
Iteration 3310/5000: Ground Truth: -93.3096, Best: -93.4210, Current: -89.1687, Acceptance: 68.19%, Time: 0.07 s
Iteration 3320/5000: Ground Truth: -93.3096, Best: -93.4210, Current: -92.7988, Acceptance: 68.13%, Time: 0.04 s
Iteration 3330/5000: Ground Truth: -93.3096, Best: -93.4210, Current: -92.8697, Acceptance: 68.14%, Time: 0.07 s
Iteration 3340/5000: Ground Truth: -93.3096, Best: -93.4210, Current: -90.7013, Acceptance: 68.17%, Time: 0.07 s
Iteration 3350/5000: Ground Truth: -93.3096, Best: -93.4210, Current: -91.9923, Acceptance: 68.15%, Time: 0.04 s
Iteration 3360/5000: Ground Truth: -93.3096, Best: -93.4210, Current: -90.7420, Acceptance: 68.21%, Time: 0.04 s
Iteration 3370/5000: Ground Truth: -93.3096, Best: -93.4210, Current: -89.8493, Acceptance: 68.28%, Time: 0.07 s
Iteration 3380/5000: Ground Truth: -93.3096, Best: -93.4210, Current: -92.3306, Acceptance: 68.25%, Time: 0.07 s
Iteration 3390/5000: Ground Truth: -93.3096, Best: -93.4210, Current: -91.2269, Acceptance: 68.26%, Time: 0.04 s
Iteration 3400/5000: Ground Truth: -93.3096, Best: -93.4210, Current: -90.1050, Acceptance: 68.29%, Time: 0.04 s
Iteration 3410/5000: Ground Truth: -93.3096, Best: -93.4210, Current: -91.9274, Acceptance: 68.27%, Time: 0.07 s
Iteration 3420/5000: Ground Truth: -93.3096, Best: -93.4210, Current: -89.7969, Acceptance: 68.30%, Time: 0.07 s
Iteration 3430/5000: Ground Truth: -93.3096, Best: -93.4210, Current: -91.8631, Acceptance: 68.31%, Time: 0.07 s
Iteration 3440/5000: Ground Truth: -93.3096, Best: -93.4210, Current: -91.6756, Acceptance: 68.28%, Time: 0.07 s
Iteration 3450/5000: Ground Truth: -93.3096, Best: -93.4210, Current: -91.7760, Acceptance: 68.23%, Time: 0.06 s
Iteration 3460/5000: Ground Truth: -93.3096, Best: -93.4210, Current: -92.7216, Acceptance: 68.21%, Time: 0.04 s
Iteration 3470/5000: Ground Truth: -93.3096, Best: -93.4210, Current: -90.9145, Acceptance: 68.21%, Time: 0.06 s
Iteration 3480/5000: Ground Truth: -93.3096, Best: -93.4210, Current: -90.8408, Acceptance: 68.22%, Time: 0.07 s
Iteration 3490/5000: Ground Truth: -93.3096, Best: -93.4210, Current: -92.7196, Acceptance: 68.14%, Time: 0.04 s
Iteration 3500/5000: Ground Truth: -93.3096, Best: -93.4210, Current: -91.4831, Acceptance: 68.14%, Time: 0.07 s
Iteration 3510/5000: Ground Truth: -93.3096, Best: -93.4210, Current: -90.0949, Acceptance: 68.21%, Time: 0.07 s
Iteration 3520/5000: Ground Truth: -93.3096, Best: -93.4210, Current: -91.1174, Acceptance: 68.18%, Time: 0.07 s
Iteration 3530/5000: Ground Truth: -93.3096, Best: -93.4210, Current: -90.9237, Acceptance: 68.16%, Time: 0.07 s
Iteration 3540/5000: Ground Truth: -93.3096, Best: -93.4210, Current: -91.7301, Acceptance: 68.11%, Time: 0.07 s
Iteration 3550/5000: Ground Truth: -93.3096, Best: -93.4210, Current: -91.3237, Acceptance: 68.08%, Time: 0.07 s
Iteration 3560/5000: Ground Truth: -93.3096, Best: -93.4210, Current: -91.9835, Acceptance: 68.15%, Time: 0.07 s
Iteration 3570/5000: Ground Truth: -93.3096, Best: -93.4210, Current: -91.0830, Acceptance: 68.15%, Time: 0.07 s
Iteration 3580/5000: Ground Truth: -93.3096, Best: -93.4210, Current: -88.1063, Acceptance: 68.24%, Time: 0.07 s
Iteration 3590/5000: Ground Truth: -93.3096, Best: -93.4210, Current: -91.6942, Acceptance: 68.30%, Time: 0.07 s
Iteration 3600/5000: Ground Truth: -93.3096, Best: -93.4210, Current: -91.9928, Acceptance: 68.28%, Time: 0.04 s
Iteration 3610/5000: Ground Truth: -93.3096, Best: -93.4210, Current: -92.7241, Acceptance: 68.28%, Time: 0.07 s
Iteration 3620/5000: Ground Truth: -93.3096, Best: -93.4210, Current: -92.0679, Acceptance: 68.23%, Time: 0.07 s
Iteration 3630/5000: Ground Truth: -93.3096, Best: -93.4210, Current: -90.3174, Acceptance: 68.29%, Time: 0.04 s
Iteration 3640/5000: Ground Truth: -93.3096, Best: -93.4210, Current: -92.2571, Acceptance: 68.27%, Time: 0.06 s
Iteration 3650/5000: Ground Truth: -93.3096, Best: -93.4210, Current: -92.1468, Acceptance: 68.27%, Time: 0.07 s
Iteration 3660/5000: Ground Truth: -93.3096, Best: -93.4210, Current: -92.3574, Acceptance: 68.33%, Time: 0.04 s
Iteration 3670/5000: Ground Truth: -93.3096, Best: -93.4210, Current: -91.3931, Acceptance: 68.37%, Time: 0.07 s
Iteration 3680/5000: Ground Truth: -93.3096, Best: -93.4210, Current: -91.6599, Acceptance: 68.32%, Time: 0.04 s
Iteration 3690/5000: Ground Truth: -93.3096, Best: -93.4210, Current: -92.1869, Acceptance: 68.27%, Time: 0.07 s
Iteration 3700/5000: Ground Truth: -93.3096, Best: -93.4210, Current: -90.6977, Acceptance: 68.27%, Time: 0.07 s
Iteration 3710/5000: Ground Truth: -93.3096, Best: -93.4210, Current: -91.7387, Acceptance: 68.25%, Time: 0.07 s
Iteration 3720/5000: Ground Truth: -93.3096, Best: -93.4210, Current: -91.7487, Acceptance: 68.25%, Time: 0.07 s
Iteration 3730/5000: Ground Truth: -93.3096, Best: -93.4210, Current: -92.0593, Acceptance: 68.20%, Time: 0.07 s
Iteration 3740/5000: Ground Truth: -93.3096, Best: -93.4210, Current: -91.4602, Acceptance: 68.16%, Time: 0.07 s
Iteration 3750/5000: Ground Truth: -93.3096, Best: -93.4210, Current: -89.5610, Acceptance: 68.21%, Time: 0.04 s
Iteration 3760/5000: Ground Truth: -93.3096, Best: -93.4210, Current: -91.0668, Acceptance: 68.22%, Time: 0.07 s
Iteration 3770/5000: Ground Truth: -93.3096, Best: -93.4210, Current: -92.5868, Acceptance: 68.22%, Time: 0.04 s
Iteration 3780/5000: Ground Truth: -93.3096, Best: -93.4210, Current: -92.1700, Acceptance: 68.23%, Time: 0.04 s
Iteration 3790/5000: Ground Truth: -93.3096, Best: -93.4210, Current: -89.5782, Acceptance: 68.26%, Time: 0.07 s
Iteration 3800/5000: Ground Truth: -93.3096, Best: -93.4210, Current: -90.5315, Acceptance: 68.24%, Time: 0.07 s
Iteration 3810/5000: Ground Truth: -93.3096, Best: -93.4210, Current: -92.8725, Acceptance: 68.22%, Time: 0.04 s
Iteration 3820/5000: Ground Truth: -93.3096, Best: -93.4210, Current: -92.1484, Acceptance: 68.19%, Time: 0.07 s
Iteration 3830/5000: Ground Truth: -93.3096, Best: -93.4210, Current: -91.6279, Acceptance: 68.17%, Time: 0.07 s
Iteration 3840/5000: Ground Truth: -93.3096, Best: -93.4210, Current: -91.6344, Acceptance: 68.12%, Time: 0.07 s
Iteration 3850/5000: Ground Truth: -93.3096, Best: -93.4210, Current: -89.6573, Acceptance: 68.18%, Time: 0.07 s
Iteration 3860/5000: Ground Truth: -93.3096, Best: -93.4210, Current: -91.4175, Acceptance: 68.19%, Time: 0.07 s
Iteration 3870/5000: Ground Truth: -93.3096, Best: -93.4210, Current: -90.2369, Acceptance: 68.17%, Time: 0.07 s
Iteration 3880/5000: Ground Truth: -93.3096, Best: -93.4210, Current: -90.4866, Acceptance: 68.20%, Time: 0.07 s
Iteration 3890/5000: Ground Truth: -93.3096, Best: -93.4210, Current: -91.3404, Acceptance: 68.23%, Time: 0.07 s
Iteration 3900/5000: Ground Truth: -93.3096, Best: -93.4210, Current: -92.0309, Acceptance: 68.21%, Time: 0.07 s
Iteration 3910/5000: Ground Truth: -93.3096, Best: -93.4210, Current: -91.1700, Acceptance: 68.21%, Time: 0.07 s
Iteration 3920/5000: Ground Truth: -93.3096, Best: -93.4210, Current: -91.3914, Acceptance: 68.24%, Time: 0.07 s
Iteration 3930/5000: Ground Truth: -93.3096, Best: -93.4210, Current: -90.8337, Acceptance: 68.24%, Time: 0.07 s
Iteration 3940/5000: Ground Truth: -93.3096, Best: -93.4210, Current: -89.7265, Acceptance: 68.22%, Time: 0.07 s
Iteration 3950/5000: Ground Truth: -93.3096, Best: -93.4210, Current: -91.3344, Acceptance: 68.30%, Time: 0.07 s
Iteration 3960/5000: Ground Truth: -93.3096, Best: -93.4210, Current: -90.2385, Acceptance: 68.31%, Time: 0.07 s
Iteration 3970/5000: Ground Truth: -93.3096, Best: -93.4210, Current: -91.2418, Acceptance: 68.29%, Time: 0.07 s
Iteration 3980/5000: Ground Truth: -93.3096, Best: -93.4210, Current: -90.8749, Acceptance: 68.29%, Time: 0.07 s
Iteration 3990/5000: Ground Truth: -93.3096, Best: -93.4210, Current: -90.3078, Acceptance: 68.30%, Time: 0.07 s
Iteration 4000/5000: Ground Truth: -93.3096, Best: -93.4210, Current: -93.2913, Acceptance: 68.30%, Time: 0.07 s
Iteration 4010/5000: Ground Truth: -93.3096, Best: -93.4210, Current: -92.3789, Acceptance: 68.33%, Time: 0.07 s
Iteration 4020/5000: Ground Truth: -93.3096, Best: -93.4210, Current: -92.3641, Acceptance: 68.31%, Time: 0.07 s
Iteration 4030/5000: Ground Truth: -93.3096, Best: -93.4210, Current: -92.8071, Acceptance: 68.26%, Time: 0.07 s
Iteration 4040/5000: Ground Truth: -93.3096, Best: -93.4210, Current: -92.3807, Acceptance: 68.27%, Time: 0.04 s
Iteration 4050/5000: Ground Truth: -93.3096, Best: -93.4210, Current: -89.7850, Acceptance: 68.27%, Time: 0.07 s
Iteration 4060/5000: Ground Truth: -93.3096, Best: -93.4210, Current: -92.1804, Acceptance: 68.20%, Time: 0.04 s
Iteration 4070/5000: Ground Truth: -93.3096, Best: -93.4210, Current: -91.7956, Acceptance: 68.23%, Time: 0.04 s
Iteration 4080/5000: Ground Truth: -93.3096, Best: -93.4210, Current: -92.0527, Acceptance: 68.24%, Time: 0.04 s
Iteration 4090/5000: Ground Truth: -93.3096, Best: -93.4210, Current: -92.5464, Acceptance: 68.22%, Time: 0.07 s
Iteration 4100/5000: Ground Truth: -93.3096, Best: -93.4210, Current: -90.2162, Acceptance: 68.24%, Time: 0.07 s
Iteration 4110/5000: Ground Truth: -93.3096, Best: -93.4210, Current: -90.9223, Acceptance: 68.22%, Time: 0.07 s
Iteration 4120/5000: Ground Truth: -93.3096, Best: -93.4210, Current: -90.7960, Acceptance: 68.23%, Time: 0.04 s
Iteration 4130/5000: Ground Truth: -93.3096, Best: -93.4210, Current: -91.5935, Acceptance: 68.23%, Time: 0.07 s
Iteration 4140/5000: Ground Truth: -93.3096, Best: -93.4210, Current: -91.1785, Acceptance: 68.29%, Time: 0.04 s
Iteration 4150/5000: Ground Truth: -93.3096, Best: -93.4210, Current: -91.7631, Acceptance: 68.27%, Time: 0.07 s
Iteration 4160/5000: Ground Truth: -93.3096, Best: -93.4210, Current: -89.2813, Acceptance: 68.29%, Time: 0.07 s
Iteration 4170/5000: Ground Truth: -93.3096, Best: -93.4210, Current: -91.4462, Acceptance: 68.27%, Time: 0.07 s
Iteration 4180/5000: Ground Truth: -93.3096, Best: -93.4210, Current: -92.5936, Acceptance: 68.28%, Time: 0.07 s
Iteration 4190/5000: Ground Truth: -93.3096, Best: -93.4210, Current: -90.1729, Acceptance: 68.31%, Time: 0.05 s
Iteration 4200/5000: Ground Truth: -93.3096, Best: -93.4210, Current: -90.7448, Acceptance: 68.31%, Time: 0.07 s
Iteration 4210/5000: Ground Truth: -93.3096, Best: -93.4210, Current: -91.5486, Acceptance: 68.31%, Time: 0.06 s
Iteration 4220/5000: Ground Truth: -93.3096, Best: -93.4210, Current: -91.1779, Acceptance: 68.32%, Time: 0.04 s
Iteration 4230/5000: Ground Truth: -93.3096, Best: -93.4210, Current: -91.8023, Acceptance: 68.30%, Time: 0.07 s
Iteration 4240/5000: Ground Truth: -93.3096, Best: -93.4210, Current: -92.4771, Acceptance: 68.23%, Time: 0.07 s
Iteration 4250/5000: Ground Truth: -93.3096, Best: -93.4210, Current: -90.9582, Acceptance: 68.26%, Time: 0.04 s
Iteration 4260/5000: Ground Truth: -93.3096, Best: -93.4210, Current: -90.4538, Acceptance: 68.29%, Time: 0.07 s
Iteration 4270/5000: Ground Truth: -93.3096, Best: -93.4210, Current: -91.8942, Acceptance: 68.31%, Time: 0.07 s
Iteration 4280/5000: Ground Truth: -93.3096, Best: -93.4210, Current: -91.6822, Acceptance: 68.29%, Time: 0.07 s
Iteration 4290/5000: Ground Truth: -93.3096, Best: -93.4210, Current: -91.4001, Acceptance: 68.25%, Time: 0.07 s
Iteration 4300/5000: Ground Truth: -93.3096, Best: -93.4210, Current: -91.3403, Acceptance: 68.28%, Time: 0.04 s
Iteration 4310/5000: Ground Truth: -93.3096, Best: -93.4210, Current: -90.5625, Acceptance: 68.31%, Time: 0.07 s
Iteration 4320/5000: Ground Truth: -93.3096, Best: -93.4210, Current: -88.3328, Acceptance: 68.33%, Time: 0.07 s
Iteration 4330/5000: Ground Truth: -93.3096, Best: -93.4210, Current: -90.7908, Acceptance: 68.36%, Time: 0.07 s
Iteration 4340/5000: Ground Truth: -93.3096, Best: -93.4210, Current: -92.2317, Acceptance: 68.32%, Time: 0.04 s
Iteration 4350/5000: Ground Truth: -93.3096, Best: -93.4210, Current: -91.6861, Acceptance: 68.28%, Time: 0.07 s
Iteration 4360/5000: Ground Truth: -93.3096, Best: -93.4210, Current: -91.8449, Acceptance: 68.21%, Time: 0.07 s
Iteration 4370/5000: Ground Truth: -93.3096, Best: -93.4210, Current: -91.6018, Acceptance: 68.17%, Time: 0.04 s
Iteration 4380/5000: Ground Truth: -93.3096, Best: -93.4210, Current: -92.8633, Acceptance: 68.15%, Time: 0.04 s
Iteration 4390/5000: Ground Truth: -93.3096, Best: -93.4210, Current: -91.5750, Acceptance: 68.15%, Time: 0.07 s
Iteration 4400/5000: Ground Truth: -93.3096, Best: -93.4210, Current: -91.5755, Acceptance: 68.11%, Time: 0.06 s
Iteration 4410/5000: Ground Truth: -93.3096, Best: -93.4210, Current: -90.8681, Acceptance: 68.16%, Time: 0.07 s
Iteration 4420/5000: Ground Truth: -93.3096, Best: -93.4210, Current: -92.0113, Acceptance: 68.21%, Time: 0.07 s
Iteration 4430/5000: Ground Truth: -93.3096, Best: -93.4210, Current: -90.3818, Acceptance: 68.22%, Time: 0.07 s
Iteration 4440/5000: Ground Truth: -93.3096, Best: -93.4210, Current: -90.8298, Acceptance: 68.20%, Time: 0.04 s
Iteration 4450/5000: Ground Truth: -93.3096, Best: -93.4210, Current: -91.1565, Acceptance: 68.16%, Time: 0.07 s
Iteration 4460/5000: Ground Truth: -93.3096, Best: -93.4210, Current: -92.5203, Acceptance: 68.16%, Time: 0.04 s
Iteration 4470/5000: Ground Truth: -93.3096, Best: -93.4210, Current: -90.5304, Acceptance: 68.12%, Time: 0.07 s
Iteration 4480/5000: Ground Truth: -93.3096, Best: -93.4210, Current: -88.6678, Acceptance: 68.15%, Time: 0.07 s
Iteration 4490/5000: Ground Truth: -93.3096, Best: -93.4210, Current: -89.8490, Acceptance: 68.20%, Time: 0.07 s
Iteration 4500/5000: Ground Truth: -93.3096, Best: -93.4210, Current: -90.1768, Acceptance: 68.22%, Time: 0.07 s
Iteration 4510/5000: Ground Truth: -93.3096, Best: -93.4210, Current: -90.8977, Acceptance: 68.25%, Time: 0.07 s
Iteration 4520/5000: Ground Truth: -93.3096, Best: -93.4210, Current: -92.2531, Acceptance: 68.25%, Time: 0.07 s
Iteration 4530/5000: Ground Truth: -93.3096, Best: -93.4210, Current: -93.0084, Acceptance: 68.23%, Time: 0.04 s
Iteration 4540/5000: Ground Truth: -93.3096, Best: -93.4210, Current: -92.6520, Acceptance: 68.17%, Time: 0.07 s
Iteration 4550/5000: Ground Truth: -93.3096, Best: -93.4210, Current: -90.3939, Acceptance: 68.20%, Time: 0.07 s
Iteration 4560/5000: Ground Truth: -93.3096, Best: -93.4210, Current: -90.9693, Acceptance: 68.16%, Time: 0.04 s
Iteration 4570/5000: Ground Truth: -93.3096, Best: -93.4210, Current: -92.2811, Acceptance: 68.14%, Time: 0.07 s
Iteration 4580/5000: Ground Truth: -93.3096, Best: -93.4210, Current: -92.4315, Acceptance: 68.10%, Time: 0.04 s
Iteration 4590/5000: Ground Truth: -93.3096, Best: -93.4210, Current: -91.4036, Acceptance: 68.15%, Time: 0.07 s
Iteration 4600/5000: Ground Truth: -93.3096, Best: -93.4210, Current: -92.2083, Acceptance: 68.11%, Time: 0.07 s
Iteration 4610/5000: Ground Truth: -93.3096, Best: -93.4210, Current: -91.0982, Acceptance: 68.11%, Time: 0.05 s
Iteration 4620/5000: Ground Truth: -93.3096, Best: -93.4210, Current: -90.5419, Acceptance: 68.14%, Time: 0.07 s
Iteration 4630/5000: Ground Truth: -93.3096, Best: -93.4210, Current: -92.2011, Acceptance: 68.10%, Time: 0.04 s
Iteration 4640/5000: Ground Truth: -93.3096, Best: -93.4210, Current: -91.6697, Acceptance: 68.08%, Time: 0.07 s
Iteration 4650/5000: Ground Truth: -93.3096, Best: -93.4210, Current: -89.0080, Acceptance: 68.13%, Time: 0.07 s
Iteration 4660/5000: Ground Truth: -93.3096, Best: -93.4210, Current: -89.8004, Acceptance: 68.18%, Time: 0.06 s
Iteration 4670/5000: Ground Truth: -93.3096, Best: -93.4210, Current: -90.7712, Acceptance: 68.18%, Time: 0.04 s
Iteration 4680/5000: Ground Truth: -93.3096, Best: -93.4210, Current: -90.4059, Acceptance: 68.23%, Time: 0.04 s
Iteration 4690/5000: Ground Truth: -93.3096, Best: -93.4210, Current: -90.4544, Acceptance: 68.25%, Time: 0.07 s
Iteration 4700/5000: Ground Truth: -93.3096, Best: -93.4210, Current: -92.2279, Acceptance: 68.28%, Time: 0.07 s
Iteration 4710/5000: Ground Truth: -93.3096, Best: -93.4210, Current: -91.2331, Acceptance: 68.26%, Time: 0.07 s
Iteration 4720/5000: Ground Truth: -93.3096, Best: -93.4210, Current: -92.1589, Acceptance: 68.22%, Time: 0.04 s
Iteration 4730/5000: Ground Truth: -93.3096, Best: -93.4210, Current: -91.3627, Acceptance: 68.25%, Time: 0.07 s
Iteration 4740/5000: Ground Truth: -93.3096, Best: -93.4210, Current: -92.1961, Acceptance: 68.29%, Time: 0.04 s
Iteration 4750/5000: Ground Truth: -93.3096, Best: -93.4210, Current: -92.2234, Acceptance: 68.27%, Time: 0.07 s
Iteration 4760/5000: Ground Truth: -93.3096, Best: -93.4210, Current: -91.2982, Acceptance: 68.28%, Time: 0.04 s
Iteration 4770/5000: Ground Truth: -93.3096, Best: -93.4210, Current: -91.2869, Acceptance: 68.24%, Time: 0.07 s
Iteration 4780/5000: Ground Truth: -93.3096, Best: -93.4210, Current: -91.2182, Acceptance: 68.24%, Time: 0.07 s
Iteration 4790/5000: Ground Truth: -93.3096, Best: -93.4210, Current: -91.6970, Acceptance: 68.25%, Time: 0.04 s
Iteration 4800/5000: Ground Truth: -93.3096, Best: -93.4210, Current: -89.4601, Acceptance: 68.27%, Time: 0.07 s
Iteration 4810/5000: Ground Truth: -93.3096, Best: -93.4210, Current: -92.1480, Acceptance: 68.27%, Time: 0.07 s
Iteration 4820/5000: Ground Truth: -93.3096, Best: -93.4210, Current: -90.7647, Acceptance: 68.26%, Time: 0.07 s
Iteration 4830/5000: Ground Truth: -93.3096, Best: -93.4210, Current: -92.3637, Acceptance: 68.20%, Time: 0.04 s
Iteration 4840/5000: Ground Truth: -93.3096, Best: -93.4210, Current: -93.3149, Acceptance: 68.14%, Time: 0.04 s
Iteration 4850/5000: Ground Truth: -93.3096, Best: -93.4210, Current: -88.0707, Acceptance: 68.19%, Time: 0.07 s
Iteration 4860/5000: Ground Truth: -93.3096, Best: -93.4210, Current: -90.9422, Acceptance: 68.23%, Time: 0.07 s
Iteration 4870/5000: Ground Truth: -93.3096, Best: -93.4210, Current: -92.3234, Acceptance: 68.25%, Time: 0.04 s
Iteration 4880/5000: Ground Truth: -93.3096, Best: -93.4210, Current: -91.8422, Acceptance: 68.26%, Time: 0.04 s
Iteration 4890/5000: Ground Truth: -93.3096, Best: -93.4210, Current: -92.4121, Acceptance: 68.22%, Time: 0.04 s
Iteration 4900/5000: Ground Truth: -93.3096, Best: -93.4210, Current: -91.4836, Acceptance: 68.20%, Time: 0.04 s
Iteration 4910/5000: Ground Truth: -93.3096, Best: -93.4210, Current: -92.3222, Acceptance: 68.17%, Time: 0.07 s
Iteration 4920/5000: Ground Truth: -93.3096, Best: -93.4210, Current: -89.5895, Acceptance: 68.19%, Time: 0.07 s
Iteration 4930/5000: Ground Truth: -93.3096, Best: -93.4210, Current: -90.1131, Acceptance: 68.24%, Time: 0.07 s
Iteration 4940/5000: Ground Truth: -93.3096, Best: -93.4210, Current: -90.8591, Acceptance: 68.22%, Time: 0.07 s
Iteration 4950/5000: Ground Truth: -93.3096, Best: -93.4210, Current: -91.9330, Acceptance: 68.24%, Time: 0.04 s
Iteration 4960/5000: Ground Truth: -93.3096, Best: -93.4210, Current: -90.4416, Acceptance: 68.27%, Time: 0.05 s
Iteration 4970/5000: Ground Truth: -93.3096, Best: -93.4210, Current: -89.5852, Acceptance: 68.27%, Time: 0.07 s
Iteration 4980/5000: Ground Truth: -93.3096, Best: -93.4210, Current: -92.5607, Acceptance: 68.21%, Time: 0.04 s
Iteration 4990/5000: Ground Truth: -93.3096, Best: -93.4210, Current: -92.4276, Acceptance: 68.22%, Time: 0.04 s
Iteration 5000/5000: Ground Truth: -93.3096, Best: -93.4210, Current: -91.3284, Acceptance: 68.24%, Time: 0.07 s
Lower energy for mp-12007: RMSD = 0.001, ΔE = 0.111 eV
mp-12007 match: True
Initial energy: -72.94126892089844
  *** New best: -81.5877 eV
Iteration 10/5000: Ground Truth: -120.6254, Best: -81.5877, Current: -80.9327, Acceptance: 70.00%, Time: 0.04 s
  *** New best: -91.9932 eV
Iteration 20/5000: Ground Truth: -120.6254, Best: -91.9932, Current: -89.7233, Acceptance: 75.00%, Time: 0.04 s
  *** New best: -95.9074 eV
Iteration 30/5000: Ground Truth: -120.6254, Best: -95.9074, Current: -94.0644, Acceptance: 80.00%, Time: 0.07 s
  *** New best: -97.5198 eV
Iteration 40/5000: Ground Truth: -120.6254, Best: -97.5198, Current: -95.7804, Acceptance: 80.00%, Time: 0.04 s
  *** New best: -97.6332 eV
Iteration 50/5000: Ground Truth: -120.6254, Best: -97.6332, Current: -96.2346, Acceptance: 78.00%, Time: 0.04 s
  *** New best: -97.6765 eV
Iteration 60/5000: Ground Truth: -120.6254, Best: -97.6765, Current: -96.8682, Acceptance: 80.00%, Time: 0.04 s
  *** New best: -98.2042 eV
Iteration 70/5000: Ground Truth: -120.6254, Best: -98.2042, Current: -96.7065, Acceptance: 81.43%, Time: 0.04 s
  *** New best: -99.1647 eV
Iteration 80/5000: Ground Truth: -120.6254, Best: -99.1647, Current: -97.9906, Acceptance: 82.50%, Time: 0.04 s
  *** New best: -99.2808 eV
Iteration 90/5000: Ground Truth: -120.6254, Best: -99.2808, Current: -97.9907, Acceptance: 82.22%, Time: 0.04 s
  *** New best: -99.4348 eV
Iteration 100/5000: Ground Truth: -120.6254, Best: -99.4348, Current: -97.3484, Acceptance: 80.00%, Time: 0.04 s
  *** New best: -99.5217 eV
Iteration 110/5000: Ground Truth: -120.6254, Best: -99.5217, Current: -98.6724, Acceptance: 80.91%, Time: 0.04 s
  *** New best: -99.5776 eV
Iteration 120/5000: Ground Truth: -120.6254, Best: -99.5776, Current: -97.7484, Acceptance: 80.00%, Time: 0.04 s
Iteration 130/5000: Ground Truth: -120.6254, Best: -99.5776, Current: -99.1607, Acceptance: 80.00%, Time: 0.04 s
  *** New best: -99.6075 eV
Iteration 140/5000: Ground Truth: -120.6254, Best: -99.6075, Current: -98.8900, Acceptance: 79.29%, Time: 0.04 s
Iteration 150/5000: Ground Truth: -120.6254, Best: -99.6075, Current: -97.4560, Acceptance: 80.00%, Time: 0.04 s
  *** New best: -99.6109 eV
Iteration 160/5000: Ground Truth: -120.6254, Best: -99.6109, Current: -99.3891, Acceptance: 78.75%, Time: 0.04 s
  *** New best: -99.6340 eV
Iteration 170/5000: Ground Truth: -120.6254, Best: -99.6340, Current: -98.4479, Acceptance: 78.82%, Time: 0.04 s
  *** New best: -99.6437 eV
Iteration 180/5000: Ground Truth: -120.6254, Best: -99.6437, Current: -97.9441, Acceptance: 80.00%, Time: 0.04 s
Iteration 190/5000: Ground Truth: -120.6254, Best: -99.6437, Current: -98.8260, Acceptance: 80.00%, Time: 0.04 s
  *** New best: -99.6705 eV
Iteration 200/5000: Ground Truth: -120.6254, Best: -99.6705, Current: -98.1337, Acceptance: 80.50%, Time: 0.04 s
Iteration 210/5000: Ground Truth: -120.6254, Best: -99.6705, Current: -97.9081, Acceptance: 80.95%, Time: 0.04 s
Iteration 220/5000: Ground Truth: -120.6254, Best: -99.6705, Current: -98.6768, Acceptance: 81.36%, Time: 0.04 s
Iteration 230/5000: Ground Truth: -120.6254, Best: -99.6705, Current: -98.9992, Acceptance: 81.30%, Time: 0.04 s
  *** New best: -99.7072 eV
Iteration 240/5000: Ground Truth: -120.6254, Best: -99.7072, Current: -98.4513, Acceptance: 81.25%, Time: 0.04 s
Iteration 250/5000: Ground Truth: -120.6254, Best: -99.7072, Current: -98.7976, Acceptance: 81.20%, Time: 0.04 s
Iteration 260/5000: Ground Truth: -120.6254, Best: -99.7072, Current: -98.7243, Acceptance: 81.54%, Time: 0.04 s
  *** New best: -99.7125 eV
Iteration 270/5000: Ground Truth: -120.6254, Best: -99.7125, Current: -99.1217, Acceptance: 81.85%, Time: 0.04 s
  *** New best: -99.7402 eV
Iteration 280/5000: Ground Truth: -120.6254, Best: -99.7402, Current: -98.5128, Acceptance: 81.43%, Time: 0.04 s
Iteration 290/5000: Ground Truth: -120.6254, Best: -99.7402, Current: -97.9472, Acceptance: 81.38%, Time: 0.07 s
  *** New best: -99.7594 eV
Iteration 300/5000: Ground Truth: -120.6254, Best: -99.7594, Current: -97.5216, Acceptance: 81.33%, Time: 0.04 s
  *** New best: -99.7647 eV
Iteration 310/5000: Ground Truth: -120.6254, Best: -99.7647, Current: -98.9790, Acceptance: 80.00%, Time: 0.07 s
Iteration 320/5000: Ground Truth: -120.6254, Best: -99.7647, Current: -98.5454, Acceptance: 80.62%, Time: 0.04 s
  *** New best: -99.7966 eV
Iteration 330/5000: Ground Truth: -120.6254, Best: -99.7966, Current: -97.9941, Acceptance: 80.91%, Time: 0.07 s
Iteration 340/5000: Ground Truth: -120.6254, Best: -99.7966, Current: -97.7590, Acceptance: 80.88%, Time: 0.04 s
Iteration 350/5000: Ground Truth: -120.6254, Best: -99.7966, Current: -97.2647, Acceptance: 80.57%, Time: 0.04 s
Iteration 360/5000: Ground Truth: -120.6254, Best: -99.7966, Current: -98.4396, Acceptance: 80.83%, Time: 0.04 s
Iteration 370/5000: Ground Truth: -120.6254, Best: -99.7966, Current: -99.3887, Acceptance: 80.27%, Time: 0.04 s
Iteration 380/5000: Ground Truth: -120.6254, Best: -99.7966, Current: -99.0413, Acceptance: 79.47%, Time: 0.04 s
Iteration 390/5000: Ground Truth: -120.6254, Best: -99.7966, Current: -97.9734, Acceptance: 78.97%, Time: 0.04 s
Iteration 400/5000: Ground Truth: -120.6254, Best: -99.7966, Current: -98.5841, Acceptance: 78.75%, Time: 0.04 s
Iteration 410/5000: Ground Truth: -120.6254, Best: -99.7966, Current: -99.1633, Acceptance: 78.78%, Time: 0.04 s
Iteration 420/5000: Ground Truth: -120.6254, Best: -99.7966, Current: -98.1578, Acceptance: 79.05%, Time: 0.07 s
Iteration 430/5000: Ground Truth: -120.6254, Best: -99.7966, Current: -98.9817, Acceptance: 78.84%, Time: 0.04 s
Iteration 440/5000: Ground Truth: -120.6254, Best: -99.7966, Current: -97.2986, Acceptance: 78.41%, Time: 0.07 s
  *** New best: -99.8134 eV
Iteration 450/5000: Ground Truth: -120.6254, Best: -99.8134, Current: -98.2206, Acceptance: 78.22%, Time: 0.07 s
  *** New best: -99.8299 eV
Iteration 460/5000: Ground Truth: -120.6254, Best: -99.8299, Current: -96.9811, Acceptance: 78.04%, Time: 0.07 s
Iteration 470/5000: Ground Truth: -120.6254, Best: -99.8299, Current: -99.1767, Acceptance: 77.66%, Time: 0.07 s
  *** New best: -99.8302 eV
Iteration 480/5000: Ground Truth: -120.6254, Best: -99.8302, Current: -99.2980, Acceptance: 77.50%, Time: 0.04 s
  *** New best: -99.8372 eV
Iteration 490/5000: Ground Truth: -120.6254, Best: -99.8372, Current: -98.8089, Acceptance: 76.94%, Time: 0.04 s
Iteration 500/5000: Ground Truth: -120.6254, Best: -99.8372, Current: -96.2751, Acceptance: 77.00%, Time: 0.04 s
Iteration 510/5000: Ground Truth: -120.6254, Best: -99.8372, Current: -98.6357, Acceptance: 77.06%, Time: 0.04 s
  *** New best: -99.9822 eV
Iteration 520/5000: Ground Truth: -120.6254, Best: -99.9822, Current: -97.7616, Acceptance: 77.12%, Time: 0.07 s
  *** New best: -100.0088 eV
Iteration 530/5000: Ground Truth: -120.6254, Best: -100.0088, Current: -99.4199, Acceptance: 76.98%, Time: 0.04 s
Iteration 540/5000: Ground Truth: -120.6254, Best: -100.0088, Current: -99.5287, Acceptance: 76.67%, Time: 0.04 s
  *** New best: -100.0290 eV
Iteration 550/5000: Ground Truth: -120.6254, Best: -100.0290, Current: -99.1267, Acceptance: 76.36%, Time: 0.04 s
Iteration 560/5000: Ground Truth: -120.6254, Best: -100.0290, Current: -98.7078, Acceptance: 76.43%, Time: 0.04 s
  *** New best: -100.0320 eV
Iteration 570/5000: Ground Truth: -120.6254, Best: -100.0320, Current: -98.1860, Acceptance: 76.32%, Time: 0.04 s
Iteration 580/5000: Ground Truth: -120.6254, Best: -100.0320, Current: -96.8940, Acceptance: 76.55%, Time: 0.04 s
Iteration 590/5000: Ground Truth: -120.6254, Best: -100.0320, Current: -99.0811, Acceptance: 76.61%, Time: 0.04 s
Iteration 600/5000: Ground Truth: -120.6254, Best: -100.0320, Current: -98.8881, Acceptance: 76.67%, Time: 0.04 s
  *** New best: -100.0463 eV
Iteration 610/5000: Ground Truth: -120.6254, Best: -100.0463, Current: -97.9457, Acceptance: 76.56%, Time: 0.04 s
Iteration 620/5000: Ground Truth: -120.6254, Best: -100.0463, Current: -99.3910, Acceptance: 76.13%, Time: 0.04 s
Iteration 630/5000: Ground Truth: -120.6254, Best: -100.0463, Current: -99.1254, Acceptance: 76.19%, Time: 0.04 s
  *** New best: -100.0523 eV
Iteration 640/5000: Ground Truth: -120.6254, Best: -100.0523, Current: -99.2329, Acceptance: 76.09%, Time: 0.04 s
  *** New best: -100.0612 eV
Iteration 650/5000: Ground Truth: -120.6254, Best: -100.0612, Current: -99.5155, Acceptance: 76.15%, Time: 0.04 s
Iteration 660/5000: Ground Truth: -120.6254, Best: -100.0612, Current: -98.7621, Acceptance: 76.21%, Time: 0.04 s
  *** New best: -100.0715 eV
Iteration 670/5000: Ground Truth: -120.6254, Best: -100.0715, Current: -98.4381, Acceptance: 76.57%, Time: 0.04 s
  *** New best: -100.0782 eV
Iteration 680/5000: Ground Truth: -120.6254, Best: -100.0782, Current: -98.3288, Acceptance: 76.32%, Time: 0.07 s
Iteration 690/5000: Ground Truth: -120.6254, Best: -100.0782, Current: -98.9234, Acceptance: 76.38%, Time: 0.04 s
Iteration 700/5000: Ground Truth: -120.6254, Best: -100.0782, Current: -98.3926, Acceptance: 76.29%, Time: 0.04 s
  *** New best: -100.0841 eV
Iteration 710/5000: Ground Truth: -120.6254, Best: -100.0841, Current: -99.0101, Acceptance: 76.20%, Time: 0.04 s
  *** New best: -100.1004 eV
Iteration 720/5000: Ground Truth: -120.6254, Best: -100.1004, Current: -99.2863, Acceptance: 76.11%, Time: 0.04 s
Iteration 730/5000: Ground Truth: -120.6254, Best: -100.1004, Current: -99.1384, Acceptance: 76.03%, Time: 0.04 s
Iteration 740/5000: Ground Truth: -120.6254, Best: -100.1004, Current: -99.1981, Acceptance: 76.35%, Time: 0.04 s
Iteration 750/5000: Ground Truth: -120.6254, Best: -100.1004, Current: -98.5678, Acceptance: 76.27%, Time: 0.04 s
Iteration 760/5000: Ground Truth: -120.6254, Best: -100.1004, Current: -99.1495, Acceptance: 76.18%, Time: 0.04 s
Iteration 770/5000: Ground Truth: -120.6254, Best: -100.1004, Current: -98.6066, Acceptance: 76.23%, Time: 0.04 s
Iteration 780/5000: Ground Truth: -120.6254, Best: -100.1004, Current: -98.1037, Acceptance: 76.41%, Time: 0.04 s
Iteration 790/5000: Ground Truth: -120.6254, Best: -100.1004, Current: -99.4572, Acceptance: 76.33%, Time: 0.04 s
  *** New best: -100.1013 eV
Iteration 800/5000: Ground Truth: -120.6254, Best: -100.1013, Current: -99.7659, Acceptance: 76.25%, Time: 0.04 s
Iteration 810/5000: Ground Truth: -120.6254, Best: -100.1013, Current: -99.2421, Acceptance: 76.30%, Time: 0.04 s
Iteration 820/5000: Ground Truth: -120.6254, Best: -100.1013, Current: -98.0411, Acceptance: 76.22%, Time: 0.04 s
Iteration 830/5000: Ground Truth: -120.6254, Best: -100.1013, Current: -98.6472, Acceptance: 76.14%, Time: 0.04 s
Iteration 840/5000: Ground Truth: -120.6254, Best: -100.1013, Current: -94.8989, Acceptance: 76.43%, Time: 0.07 s
Iteration 850/5000: Ground Truth: -120.6254, Best: -100.1013, Current: -98.0030, Acceptance: 76.24%, Time: 0.04 s
  *** New best: -100.1096 eV
Iteration 860/5000: Ground Truth: -120.6254, Best: -100.1096, Current: -98.4581, Acceptance: 76.51%, Time: 0.04 s
Iteration 870/5000: Ground Truth: -120.6254, Best: -100.1096, Current: -99.4729, Acceptance: 76.55%, Time: 0.04 s
Iteration 880/5000: Ground Truth: -120.6254, Best: -100.1096, Current: -97.6455, Acceptance: 76.82%, Time: 0.04 s
Iteration 890/5000: Ground Truth: -120.6254, Best: -100.1096, Current: -97.5605, Acceptance: 76.97%, Time: 0.04 s
Iteration 900/5000: Ground Truth: -120.6254, Best: -100.1096, Current: -97.3780, Acceptance: 77.00%, Time: 0.07 s
Iteration 910/5000: Ground Truth: -120.6254, Best: -100.1096, Current: -98.7431, Acceptance: 77.14%, Time: 0.04 s
Iteration 920/5000: Ground Truth: -120.6254, Best: -100.1096, Current: -98.5738, Acceptance: 76.96%, Time: 0.04 s
Iteration 930/5000: Ground Truth: -120.6254, Best: -100.1096, Current: -99.2851, Acceptance: 77.10%, Time: 0.04 s
Iteration 940/5000: Ground Truth: -120.6254, Best: -100.1096, Current: -97.7817, Acceptance: 77.13%, Time: 0.04 s
Iteration 950/5000: Ground Truth: -120.6254, Best: -100.1096, Current: -97.9980, Acceptance: 77.16%, Time: 0.05 s
Iteration 960/5000: Ground Truth: -120.6254, Best: -100.1096, Current: -97.9697, Acceptance: 77.08%, Time: 0.04 s
Iteration 970/5000: Ground Truth: -120.6254, Best: -100.1096, Current: -98.6384, Acceptance: 77.22%, Time: 0.04 s
  *** New best: -100.1157 eV
Iteration 980/5000: Ground Truth: -120.6254, Best: -100.1157, Current: -98.8446, Acceptance: 77.24%, Time: 0.04 s
Iteration 990/5000: Ground Truth: -120.6254, Best: -100.1157, Current: -99.3315, Acceptance: 77.07%, Time: 0.04 s
Iteration 1000/5000: Ground Truth: -120.6254, Best: -100.1157, Current: -98.3268, Acceptance: 77.30%, Time: 0.04 s
Iteration 1010/5000: Ground Truth: -120.6254, Best: -100.1157, Current: -96.6425, Acceptance: 77.43%, Time: 0.04 s
Iteration 1020/5000: Ground Truth: -120.6254, Best: -100.1157, Current: -97.6168, Acceptance: 77.45%, Time: 0.04 s
Iteration 1030/5000: Ground Truth: -120.6254, Best: -100.1157, Current: -98.9090, Acceptance: 77.48%, Time: 0.04 s
Iteration 1040/5000: Ground Truth: -120.6254, Best: -100.1157, Current: -97.4886, Acceptance: 77.60%, Time: 0.07 s
Iteration 1050/5000: Ground Truth: -120.6254, Best: -100.1157, Current: -99.0489, Acceptance: 77.52%, Time: 0.04 s
Iteration 1060/5000: Ground Truth: -120.6254, Best: -100.1157, Current: -99.4086, Acceptance: 77.45%, Time: 0.04 s
Iteration 1070/5000: Ground Truth: -120.6254, Best: -100.1157, Current: -98.2089, Acceptance: 77.48%, Time: 0.04 s
Iteration 1080/5000: Ground Truth: -120.6254, Best: -100.1157, Current: -99.3972, Acceptance: 77.31%, Time: 0.04 s
Iteration 1090/5000: Ground Truth: -120.6254, Best: -100.1157, Current: -99.6701, Acceptance: 77.25%, Time: 0.04 s
Iteration 1100/5000: Ground Truth: -120.6254, Best: -100.1157, Current: -98.6635, Acceptance: 77.27%, Time: 0.04 s
Iteration 1110/5000: Ground Truth: -120.6254, Best: -100.1157, Current: -99.1937, Acceptance: 77.48%, Time: 0.04 s
  *** New best: -100.1163 eV
Iteration 1120/5000: Ground Truth: -120.6254, Best: -100.1163, Current: -99.0342, Acceptance: 77.41%, Time: 0.04 s
  *** New best: -100.1274 eV
Iteration 1130/5000: Ground Truth: -120.6254, Best: -100.1274, Current: -98.5532, Acceptance: 77.43%, Time: 0.07 s
Iteration 1140/5000: Ground Truth: -120.6254, Best: -100.1274, Current: -99.2856, Acceptance: 77.28%, Time: 0.04 s
Iteration 1150/5000: Ground Truth: -120.6254, Best: -100.1274, Current: -99.2791, Acceptance: 77.39%, Time: 0.04 s
Iteration 1160/5000: Ground Truth: -120.6254, Best: -100.1274, Current: -98.5324, Acceptance: 77.41%, Time: 0.04 s
Iteration 1170/5000: Ground Truth: -120.6254, Best: -100.1274, Current: -99.3504, Acceptance: 77.44%, Time: 0.04 s
Iteration 1180/5000: Ground Truth: -120.6254, Best: -100.1274, Current: -99.0647, Acceptance: 77.46%, Time: 0.04 s
  *** New best: -100.1386 eV
Iteration 1190/5000: Ground Truth: -120.6254, Best: -100.1386, Current: -98.1075, Acceptance: 77.39%, Time: 0.04 s
Iteration 1200/5000: Ground Truth: -120.6254, Best: -100.1386, Current: -99.0472, Acceptance: 77.50%, Time: 0.04 s
Iteration 1210/5000: Ground Truth: -120.6254, Best: -100.1386, Current: -95.2610, Acceptance: 77.52%, Time: 0.04 s
Iteration 1220/5000: Ground Truth: -120.6254, Best: -100.1386, Current: -98.2642, Acceptance: 77.70%, Time: 0.04 s
Iteration 1230/5000: Ground Truth: -120.6254, Best: -100.1386, Current: -99.4534, Acceptance: 77.72%, Time: 0.04 s
Iteration 1240/5000: Ground Truth: -120.6254, Best: -100.1386, Current: -98.2755, Acceptance: 77.58%, Time: 0.04 s
Iteration 1250/5000: Ground Truth: -120.6254, Best: -100.1386, Current: -98.6991, Acceptance: 77.68%, Time: 0.04 s
Iteration 1260/5000: Ground Truth: -120.6254, Best: -100.1386, Current: -98.2079, Acceptance: 77.78%, Time: 0.07 s
Iteration 1270/5000: Ground Truth: -120.6254, Best: -100.1386, Current: -98.7309, Acceptance: 77.80%, Time: 0.04 s
Iteration 1280/5000: Ground Truth: -120.6254, Best: -100.1386, Current: -98.9390, Acceptance: 77.81%, Time: 0.04 s
  *** New best: -100.1447 eV
Iteration 1290/5000: Ground Truth: -120.6254, Best: -100.1447, Current: -99.3403, Acceptance: 77.52%, Time: 0.04 s
Iteration 1300/5000: Ground Truth: -120.6254, Best: -100.1447, Current: -98.5491, Acceptance: 77.54%, Time: 0.04 s
  *** New best: -100.1467 eV
Iteration 1310/5000: Ground Truth: -120.6254, Best: -100.1467, Current: -98.7310, Acceptance: 77.56%, Time: 0.04 s
Iteration 1320/5000: Ground Truth: -120.6254, Best: -100.1467, Current: -98.1154, Acceptance: 77.50%, Time: 0.04 s
Iteration 1330/5000: Ground Truth: -120.6254, Best: -100.1467, Current: -98.5154, Acceptance: 77.37%, Time: 0.04 s
Iteration 1340/5000: Ground Truth: -120.6254, Best: -100.1467, Current: -99.8463, Acceptance: 77.24%, Time: 0.04 s
Iteration 1350/5000: Ground Truth: -120.6254, Best: -100.1467, Current: -99.1031, Acceptance: 77.19%, Time: 0.04 s
Iteration 1360/5000: Ground Truth: -120.6254, Best: -100.1467, Current: -98.6560, Acceptance: 77.21%, Time: 0.04 s
Iteration 1370/5000: Ground Truth: -120.6254, Best: -100.1467, Current: -98.7635, Acceptance: 77.15%, Time: 0.07 s
  *** New best: -100.1540 eV
Iteration 1380/5000: Ground Truth: -120.6254, Best: -100.1540, Current: -99.4132, Acceptance: 76.88%, Time: 0.04 s
  *** New best: -100.1590 eV
Iteration 1390/5000: Ground Truth: -120.6254, Best: -100.1590, Current: -98.3304, Acceptance: 77.05%, Time: 0.04 s
Iteration 1400/5000: Ground Truth: -120.6254, Best: -100.1590, Current: -99.3443, Acceptance: 76.86%, Time: 0.04 s
Iteration 1410/5000: Ground Truth: -120.6254, Best: -100.1590, Current: -99.4681, Acceptance: 76.81%, Time: 0.04 s
  *** New best: -100.1675 eV
Iteration 1420/5000: Ground Truth: -120.6254, Best: -100.1675, Current: -97.1095, Acceptance: 76.83%, Time: 0.04 s
Iteration 1430/5000: Ground Truth: -120.6254, Best: -100.1675, Current: -98.0620, Acceptance: 76.92%, Time: 0.04 s
Iteration 1440/5000: Ground Truth: -120.6254, Best: -100.1675, Current: -99.2082, Acceptance: 76.94%, Time: 0.04 s
Iteration 1450/5000: Ground Truth: -120.6254, Best: -100.1675, Current: -98.8891, Acceptance: 76.97%, Time: 0.04 s
Iteration 1460/5000: Ground Truth: -120.6254, Best: -100.1675, Current: -98.1744, Acceptance: 77.05%, Time: 0.04 s
Iteration 1470/5000: Ground Truth: -120.6254, Best: -100.1675, Current: -96.0129, Acceptance: 77.01%, Time: 0.07 s
Iteration 1480/5000: Ground Truth: -120.6254, Best: -100.1675, Current: -97.0083, Acceptance: 77.03%, Time: 0.04 s
Iteration 1490/5000: Ground Truth: -120.6254, Best: -100.1675, Current: -95.5677, Acceptance: 77.18%, Time: 0.04 s
Iteration 1500/5000: Ground Truth: -120.6254, Best: -100.1675, Current: -96.4112, Acceptance: 77.27%, Time: 0.07 s
Iteration 1510/5000: Ground Truth: -120.6254, Best: -100.1675, Current: -98.7903, Acceptance: 77.28%, Time: 0.04 s
Iteration 1520/5000: Ground Truth: -120.6254, Best: -100.1675, Current: -99.3476, Acceptance: 77.24%, Time: 0.04 s
Iteration 1530/5000: Ground Truth: -120.6254, Best: -100.1675, Current: -99.2274, Acceptance: 77.19%, Time: 0.04 s
Iteration 1540/5000: Ground Truth: -120.6254, Best: -100.1675, Current: -97.7393, Acceptance: 77.34%, Time: 0.04 s
Iteration 1550/5000: Ground Truth: -120.6254, Best: -100.1675, Current: -98.8119, Acceptance: 77.35%, Time: 0.04 s
  *** New best: -100.1795 eV
Iteration 1560/5000: Ground Truth: -120.6254, Best: -100.1795, Current: -99.4037, Acceptance: 77.37%, Time: 0.04 s
Iteration 1570/5000: Ground Truth: -120.6254, Best: -100.1795, Current: -98.7105, Acceptance: 77.26%, Time: 0.04 s
Iteration 1580/5000: Ground Truth: -120.6254, Best: -100.1795, Current: -99.1654, Acceptance: 77.22%, Time: 0.04 s
Iteration 1590/5000: Ground Truth: -120.6254, Best: -100.1795, Current: -99.0902, Acceptance: 77.11%, Time: 0.04 s
Iteration 1600/5000: Ground Truth: -120.6254, Best: -100.1795, Current: -98.0449, Acceptance: 77.25%, Time: 0.04 s
Iteration 1610/5000: Ground Truth: -120.6254, Best: -100.1795, Current: -99.2029, Acceptance: 77.27%, Time: 0.04 s
Iteration 1620/5000: Ground Truth: -120.6254, Best: -100.1795, Current: -96.9354, Acceptance: 77.35%, Time: 0.07 s
Iteration 1630/5000: Ground Truth: -120.6254, Best: -100.1795, Current: -98.9892, Acceptance: 77.24%, Time: 0.04 s
Iteration 1640/5000: Ground Truth: -120.6254, Best: -100.1795, Current: -97.9080, Acceptance: 77.32%, Time: 0.04 s
Iteration 1650/5000: Ground Truth: -120.6254, Best: -100.1795, Current: -96.3075, Acceptance: 77.39%, Time: 0.07 s
Iteration 1660/5000: Ground Truth: -120.6254, Best: -100.1795, Current: -98.4123, Acceptance: 77.29%, Time: 0.04 s
Iteration 1670/5000: Ground Truth: -120.6254, Best: -100.1795, Current: -98.6559, Acceptance: 77.25%, Time: 0.04 s
Iteration 1680/5000: Ground Truth: -120.6254, Best: -100.1795, Current: -98.4421, Acceptance: 77.32%, Time: 0.04 s
Iteration 1690/5000: Ground Truth: -120.6254, Best: -100.1795, Current: -98.6175, Acceptance: 77.22%, Time: 0.04 s
Iteration 1700/5000: Ground Truth: -120.6254, Best: -100.1795, Current: -98.9009, Acceptance: 77.12%, Time: 0.04 s
Iteration 1710/5000: Ground Truth: -120.6254, Best: -100.1795, Current: -98.6283, Acceptance: 77.13%, Time: 0.04 s
Iteration 1720/5000: Ground Truth: -120.6254, Best: -100.1795, Current: -97.4963, Acceptance: 77.21%, Time: 0.04 s
Iteration 1730/5000: Ground Truth: -120.6254, Best: -100.1795, Current: -99.5052, Acceptance: 77.23%, Time: 0.04 s
  *** New best: -100.1900 eV
Iteration 1740/5000: Ground Truth: -120.6254, Best: -100.1900, Current: -98.4836, Acceptance: 77.24%, Time: 0.04 s
Iteration 1750/5000: Ground Truth: -120.6254, Best: -100.1900, Current: -98.8608, Acceptance: 77.09%, Time: 0.04 s
Iteration 1760/5000: Ground Truth: -120.6254, Best: -100.1900, Current: -98.6580, Acceptance: 76.93%, Time: 0.04 s
  *** New best: -100.2001 eV
Iteration 1770/5000: Ground Truth: -120.6254, Best: -100.2001, Current: -98.5680, Acceptance: 77.01%, Time: 0.04 s
Iteration 1780/5000: Ground Truth: -120.6254, Best: -100.2001, Current: -98.0758, Acceptance: 77.02%, Time: 0.04 s
Iteration 1790/5000: Ground Truth: -120.6254, Best: -100.2001, Current: -98.8969, Acceptance: 76.98%, Time: 0.04 s
Iteration 1800/5000: Ground Truth: -120.6254, Best: -100.2001, Current: -99.4132, Acceptance: 76.94%, Time: 0.04 s
Iteration 1810/5000: Ground Truth: -120.6254, Best: -100.2001, Current: -99.0116, Acceptance: 76.91%, Time: 0.04 s
Iteration 1820/5000: Ground Truth: -120.6254, Best: -100.2001, Current: -98.3661, Acceptance: 76.92%, Time: 0.04 s
Iteration 1830/5000: Ground Truth: -120.6254, Best: -100.2001, Current: -99.3490, Acceptance: 76.83%, Time: 0.04 s
Iteration 1840/5000: Ground Truth: -120.6254, Best: -100.2001, Current: -97.9390, Acceptance: 76.85%, Time: 0.04 s
Iteration 1850/5000: Ground Truth: -120.6254, Best: -100.2001, Current: -94.6561, Acceptance: 76.86%, Time: 0.07 s
Iteration 1860/5000: Ground Truth: -120.6254, Best: -100.2001, Current: -97.2469, Acceptance: 76.83%, Time: 0.04 s
Iteration 1870/5000: Ground Truth: -120.6254, Best: -100.2001, Current: -99.0718, Acceptance: 76.84%, Time: 0.04 s
Iteration 1880/5000: Ground Truth: -120.6254, Best: -100.2001, Current: -98.9939, Acceptance: 76.91%, Time: 0.04 s
Iteration 1890/5000: Ground Truth: -120.6254, Best: -100.2001, Current: -98.9422, Acceptance: 77.04%, Time: 0.04 s
Iteration 1900/5000: Ground Truth: -120.6254, Best: -100.2001, Current: -99.1016, Acceptance: 76.95%, Time: 0.04 s
Iteration 1910/5000: Ground Truth: -120.6254, Best: -100.2001, Current: -99.2053, Acceptance: 76.96%, Time: 0.04 s
Iteration 1920/5000: Ground Truth: -120.6254, Best: -100.2001, Current: -98.5533, Acceptance: 76.98%, Time: 0.04 s
Iteration 1930/5000: Ground Truth: -120.6254, Best: -100.2001, Current: -99.5242, Acceptance: 76.94%, Time: 0.04 s
Iteration 1940/5000: Ground Truth: -120.6254, Best: -100.2001, Current: -100.0844, Acceptance: 76.65%, Time: 0.04 s
Iteration 1950/5000: Ground Truth: -120.6254, Best: -100.2001, Current: -99.4897, Acceptance: 76.67%, Time: 0.04 s
Iteration 1960/5000: Ground Truth: -120.6254, Best: -100.2001, Current: -98.8592, Acceptance: 76.58%, Time: 0.04 s
Iteration 1970/5000: Ground Truth: -120.6254, Best: -100.2001, Current: -99.0328, Acceptance: 76.60%, Time: 0.04 s
Iteration 1980/5000: Ground Truth: -120.6254, Best: -100.2001, Current: -98.4397, Acceptance: 76.62%, Time: 0.07 s
Iteration 1990/5000: Ground Truth: -120.6254, Best: -100.2001, Current: -98.9397, Acceptance: 76.68%, Time: 0.04 s
Iteration 2000/5000: Ground Truth: -120.6254, Best: -100.2001, Current: -98.5329, Acceptance: 76.70%, Time: 0.07 s
  *** New best: -100.2009 eV
Iteration 2010/5000: Ground Truth: -120.6254, Best: -100.2009, Current: -96.7761, Acceptance: 76.77%, Time: 0.07 s
Iteration 2020/5000: Ground Truth: -120.6254, Best: -100.2009, Current: -97.3110, Acceptance: 76.83%, Time: 0.04 s
Iteration 2030/5000: Ground Truth: -120.6254, Best: -100.2009, Current: -99.7192, Acceptance: 76.80%, Time: 0.04 s
Iteration 2040/5000: Ground Truth: -120.6254, Best: -100.2009, Current: -98.9589, Acceptance: 76.76%, Time: 0.04 s
Iteration 2050/5000: Ground Truth: -120.6254, Best: -100.2009, Current: -97.0183, Acceptance: 76.78%, Time: 0.04 s
Iteration 2060/5000: Ground Truth: -120.6254, Best: -100.2009, Current: -97.5551, Acceptance: 76.75%, Time: 0.04 s
Iteration 2070/5000: Ground Truth: -120.6254, Best: -100.2009, Current: -99.3929, Acceptance: 76.71%, Time: 0.04 s
Iteration 2080/5000: Ground Truth: -120.6254, Best: -100.2009, Current: -99.8847, Acceptance: 76.59%, Time: 0.04 s
Iteration 2090/5000: Ground Truth: -120.6254, Best: -100.2009, Current: -99.8798, Acceptance: 76.56%, Time: 0.04 s
Iteration 2100/5000: Ground Truth: -120.6254, Best: -100.2009, Current: -99.2286, Acceptance: 76.43%, Time: 0.04 s
Iteration 2110/5000: Ground Truth: -120.6254, Best: -100.2009, Current: -95.6266, Acceptance: 76.40%, Time: 0.04 s
Iteration 2120/5000: Ground Truth: -120.6254, Best: -100.2009, Current: -98.0507, Acceptance: 76.42%, Time: 0.04 s
Iteration 2130/5000: Ground Truth: -120.6254, Best: -100.2009, Current: -98.7561, Acceptance: 76.43%, Time: 0.04 s
Iteration 2140/5000: Ground Truth: -120.6254, Best: -100.2009, Current: -97.2554, Acceptance: 76.50%, Time: 0.07 s
Iteration 2150/5000: Ground Truth: -120.6254, Best: -100.2009, Current: -98.3417, Acceptance: 76.42%, Time: 0.07 s
Iteration 2160/5000: Ground Truth: -120.6254, Best: -100.2009, Current: -98.4180, Acceptance: 76.44%, Time: 0.04 s
Iteration 2170/5000: Ground Truth: -120.6254, Best: -100.2009, Current: -97.7376, Acceptance: 76.50%, Time: 0.04 s
Iteration 2180/5000: Ground Truth: -120.6254, Best: -100.2009, Current: -99.6630, Acceptance: 76.47%, Time: 0.04 s
Iteration 2190/5000: Ground Truth: -120.6254, Best: -100.2009, Current: -98.7695, Acceptance: 76.53%, Time: 0.07 s
Iteration 2200/5000: Ground Truth: -120.6254, Best: -100.2009, Current: -99.5369, Acceptance: 76.50%, Time: 0.04 s
Iteration 2210/5000: Ground Truth: -120.6254, Best: -100.2009, Current: -99.3753, Acceptance: 76.47%, Time: 0.04 s
Iteration 2220/5000: Ground Truth: -120.6254, Best: -100.2009, Current: -99.4131, Acceptance: 76.49%, Time: 0.04 s
Iteration 2230/5000: Ground Truth: -120.6254, Best: -100.2009, Current: -98.7020, Acceptance: 76.46%, Time: 0.04 s
Iteration 2240/5000: Ground Truth: -120.6254, Best: -100.2009, Current: -99.5155, Acceptance: 76.47%, Time: 0.04 s
Iteration 2250/5000: Ground Truth: -120.6254, Best: -100.2009, Current: -99.5143, Acceptance: 76.31%, Time: 0.04 s
Iteration 2260/5000: Ground Truth: -120.6254, Best: -100.2009, Current: -99.7344, Acceptance: 76.28%, Time: 0.04 s
Iteration 2270/5000: Ground Truth: -120.6254, Best: -100.2009, Current: -98.1716, Acceptance: 76.34%, Time: 0.04 s
Iteration 2280/5000: Ground Truth: -120.6254, Best: -100.2009, Current: -98.6729, Acceptance: 76.40%, Time: 0.04 s
Iteration 2290/5000: Ground Truth: -120.6254, Best: -100.2009, Current: -98.3120, Acceptance: 76.42%, Time: 0.04 s
Iteration 2300/5000: Ground Truth: -120.6254, Best: -100.2009, Current: -98.3518, Acceptance: 76.48%, Time: 0.04 s
Iteration 2310/5000: Ground Truth: -120.6254, Best: -100.2009, Current: -97.4399, Acceptance: 76.49%, Time: 0.04 s
  *** New best: -100.2091 eV
Iteration 2320/5000: Ground Truth: -120.6254, Best: -100.2091, Current: -98.0289, Acceptance: 76.59%, Time: 0.04 s
Iteration 2330/5000: Ground Truth: -120.6254, Best: -100.2091, Current: -99.2263, Acceptance: 76.57%, Time: 0.04 s
Iteration 2340/5000: Ground Truth: -120.6254, Best: -100.2091, Current: -99.2249, Acceptance: 76.45%, Time: 0.04 s
Iteration 2350/5000: Ground Truth: -120.6254, Best: -100.2091, Current: -99.2931, Acceptance: 76.34%, Time: 0.04 s
Iteration 2360/5000: Ground Truth: -120.6254, Best: -100.2091, Current: -98.4513, Acceptance: 76.36%, Time: 0.04 s
Iteration 2370/5000: Ground Truth: -120.6254, Best: -100.2091, Current: -97.6049, Acceptance: 76.37%, Time: 0.04 s
Iteration 2380/5000: Ground Truth: -120.6254, Best: -100.2091, Current: -96.6413, Acceptance: 76.47%, Time: 0.04 s
Iteration 2390/5000: Ground Truth: -120.6254, Best: -100.2091, Current: -99.0090, Acceptance: 76.44%, Time: 0.04 s
Iteration 2400/5000: Ground Truth: -120.6254, Best: -100.2091, Current: -98.9697, Acceptance: 76.42%, Time: 0.04 s
Iteration 2410/5000: Ground Truth: -120.6254, Best: -100.2091, Current: -97.9307, Acceptance: 76.47%, Time: 0.04 s
Iteration 2420/5000: Ground Truth: -120.6254, Best: -100.2091, Current: -99.7785, Acceptance: 76.32%, Time: 0.04 s
  *** New best: -100.2098 eV
Iteration 2430/5000: Ground Truth: -120.6254, Best: -100.2098, Current: -97.8283, Acceptance: 76.38%, Time: 0.04 s
Iteration 2440/5000: Ground Truth: -120.6254, Best: -100.2098, Current: -99.3152, Acceptance: 76.35%, Time: 0.04 s
  *** New best: -100.2132 eV
Iteration 2450/5000: Ground Truth: -120.6254, Best: -100.2132, Current: -98.6780, Acceptance: 76.29%, Time: 0.04 s
Iteration 2460/5000: Ground Truth: -120.6254, Best: -100.2132, Current: -98.2221, Acceptance: 76.38%, Time: 0.04 s
Iteration 2470/5000: Ground Truth: -120.6254, Best: -100.2132, Current: -98.9277, Acceptance: 76.36%, Time: 0.04 s
  *** New best: -100.2309 eV
Iteration 2480/5000: Ground Truth: -120.6254, Best: -100.2309, Current: -98.3863, Acceptance: 76.45%, Time: 0.04 s
Iteration 2490/5000: Ground Truth: -120.6254, Best: -100.2309, Current: -99.1755, Acceptance: 76.47%, Time: 0.04 s
Iteration 2500/5000: Ground Truth: -120.6254, Best: -100.2309, Current: -99.6565, Acceptance: 76.36%, Time: 0.04 s
  *** New best: -100.2404 eV
Iteration 2510/5000: Ground Truth: -120.6254, Best: -100.2404, Current: -97.7661, Acceptance: 76.45%, Time: 0.04 s
  *** New best: -100.2455 eV
Iteration 2520/5000: Ground Truth: -120.6254, Best: -100.2455, Current: -99.4273, Acceptance: 76.35%, Time: 0.04 s
Iteration 2530/5000: Ground Truth: -120.6254, Best: -100.2455, Current: -98.6920, Acceptance: 76.32%, Time: 0.04 s
Iteration 2540/5000: Ground Truth: -120.6254, Best: -100.2455, Current: -98.1169, Acceptance: 76.38%, Time: 0.07 s
Iteration 2550/5000: Ground Truth: -120.6254, Best: -100.2455, Current: -96.5382, Acceptance: 76.43%, Time: 0.04 s
Iteration 2560/5000: Ground Truth: -120.6254, Best: -100.2455, Current: -99.0923, Acceptance: 76.41%, Time: 0.04 s
Iteration 2570/5000: Ground Truth: -120.6254, Best: -100.2455, Current: -99.3863, Acceptance: 76.42%, Time: 0.04 s
Iteration 2580/5000: Ground Truth: -120.6254, Best: -100.2455, Current: -99.2275, Acceptance: 76.43%, Time: 0.04 s
Iteration 2590/5000: Ground Truth: -120.6254, Best: -100.2455, Current: -99.1820, Acceptance: 76.41%, Time: 0.04 s
Iteration 2600/5000: Ground Truth: -120.6254, Best: -100.2455, Current: -99.1144, Acceptance: 76.35%, Time: 0.07 s
  *** New best: -100.2466 eV
Iteration 2610/5000: Ground Truth: -120.6254, Best: -100.2466, Current: -98.7234, Acceptance: 76.32%, Time: 0.04 s
  *** New best: -100.2473 eV
Iteration 2620/5000: Ground Truth: -120.6254, Best: -100.2473, Current: -99.8045, Acceptance: 76.37%, Time: 0.07 s
Iteration 2630/5000: Ground Truth: -120.6254, Best: -100.2473, Current: -98.3824, Acceptance: 76.35%, Time: 0.04 s
Iteration 2640/5000: Ground Truth: -120.6254, Best: -100.2473, Current: -98.7187, Acceptance: 76.25%, Time: 0.04 s
Iteration 2650/5000: Ground Truth: -120.6254, Best: -100.2473, Current: -99.0963, Acceptance: 76.30%, Time: 0.04 s
Iteration 2660/5000: Ground Truth: -120.6254, Best: -100.2473, Current: -98.4853, Acceptance: 76.32%, Time: 0.04 s
Iteration 2670/5000: Ground Truth: -120.6254, Best: -100.2473, Current: -98.9027, Acceptance: 76.29%, Time: 0.04 s
Iteration 2680/5000: Ground Truth: -120.6254, Best: -100.2473, Current: -99.1563, Acceptance: 76.27%, Time: 0.04 s
Iteration 2690/5000: Ground Truth: -120.6254, Best: -100.2473, Current: -97.8803, Acceptance: 76.32%, Time: 0.05 s
Iteration 2700/5000: Ground Truth: -120.6254, Best: -100.2473, Current: -99.0552, Acceptance: 76.33%, Time: 0.04 s
Iteration 2710/5000: Ground Truth: -120.6254, Best: -100.2473, Current: -99.2357, Acceptance: 76.35%, Time: 0.07 s
Iteration 2720/5000: Ground Truth: -120.6254, Best: -100.2473, Current: -98.2317, Acceptance: 76.40%, Time: 0.04 s
Iteration 2730/5000: Ground Truth: -120.6254, Best: -100.2473, Current: -98.5330, Acceptance: 76.48%, Time: 0.04 s
Iteration 2740/5000: Ground Truth: -120.6254, Best: -100.2473, Current: -97.7195, Acceptance: 76.53%, Time: 0.04 s
Iteration 2750/5000: Ground Truth: -120.6254, Best: -100.2473, Current: -99.1748, Acceptance: 76.55%, Time: 0.04 s
Iteration 2760/5000: Ground Truth: -120.6254, Best: -100.2473, Current: -98.7891, Acceptance: 76.56%, Time: 0.07 s
Iteration 2770/5000: Ground Truth: -120.6254, Best: -100.2473, Current: -99.2952, Acceptance: 76.53%, Time: 0.04 s
Iteration 2780/5000: Ground Truth: -120.6254, Best: -100.2473, Current: -99.2833, Acceptance: 76.51%, Time: 0.04 s
Iteration 2790/5000: Ground Truth: -120.6254, Best: -100.2473, Current: -99.4690, Acceptance: 76.52%, Time: 0.04 s
Iteration 2800/5000: Ground Truth: -120.6254, Best: -100.2473, Current: -98.5955, Acceptance: 76.46%, Time: 0.04 s
Iteration 2810/5000: Ground Truth: -120.6254, Best: -100.2473, Current: -97.8467, Acceptance: 76.48%, Time: 0.07 s
Iteration 2820/5000: Ground Truth: -120.6254, Best: -100.2473, Current: -99.7525, Acceptance: 76.38%, Time: 0.04 s
Iteration 2830/5000: Ground Truth: -120.6254, Best: -100.2473, Current: -99.6856, Acceptance: 76.36%, Time: 0.04 s
Iteration 2840/5000: Ground Truth: -120.6254, Best: -100.2473, Current: -98.6707, Acceptance: 76.37%, Time: 0.04 s
Iteration 2850/5000: Ground Truth: -120.6254, Best: -100.2473, Current: -97.7077, Acceptance: 76.35%, Time: 0.04 s
Iteration 2860/5000: Ground Truth: -120.6254, Best: -100.2473, Current: -97.2654, Acceptance: 76.36%, Time: 0.04 s
Iteration 2870/5000: Ground Truth: -120.6254, Best: -100.2473, Current: -99.1307, Acceptance: 76.41%, Time: 0.04 s
Iteration 2880/5000: Ground Truth: -120.6254, Best: -100.2473, Current: -99.6783, Acceptance: 76.32%, Time: 0.04 s
Iteration 2890/5000: Ground Truth: -120.6254, Best: -100.2473, Current: -99.0450, Acceptance: 76.30%, Time: 0.07 s
Iteration 2900/5000: Ground Truth: -120.6254, Best: -100.2473, Current: -98.3685, Acceptance: 76.34%, Time: 0.04 s
Iteration 2910/5000: Ground Truth: -120.6254, Best: -100.2473, Current: -99.0425, Acceptance: 76.32%, Time: 0.04 s
Iteration 2920/5000: Ground Truth: -120.6254, Best: -100.2473, Current: -98.1933, Acceptance: 76.27%, Time: 0.07 s
Iteration 2930/5000: Ground Truth: -120.6254, Best: -100.2473, Current: -96.9884, Acceptance: 76.31%, Time: 0.07 s
Iteration 2940/5000: Ground Truth: -120.6254, Best: -100.2473, Current: -99.0747, Acceptance: 76.26%, Time: 0.04 s
Iteration 2950/5000: Ground Truth: -120.6254, Best: -100.2473, Current: -99.8447, Acceptance: 76.20%, Time: 0.04 s
Iteration 2960/5000: Ground Truth: -120.6254, Best: -100.2473, Current: -99.5290, Acceptance: 76.22%, Time: 0.04 s
Iteration 2970/5000: Ground Truth: -120.6254, Best: -100.2473, Current: -97.9268, Acceptance: 76.13%, Time: 0.07 s
Iteration 2980/5000: Ground Truth: -120.6254, Best: -100.2473, Current: -99.4360, Acceptance: 76.11%, Time: 0.04 s
Iteration 2990/5000: Ground Truth: -120.6254, Best: -100.2473, Current: -97.4167, Acceptance: 76.09%, Time: 0.04 s
Iteration 3000/5000: Ground Truth: -120.6254, Best: -100.2473, Current: -99.6328, Acceptance: 76.10%, Time: 0.04 s
Iteration 3010/5000: Ground Truth: -120.6254, Best: -100.2473, Current: -99.0946, Acceptance: 76.08%, Time: 0.04 s
Iteration 3020/5000: Ground Truth: -120.6254, Best: -100.2473, Current: -98.7664, Acceptance: 76.09%, Time: 0.04 s
Iteration 3030/5000: Ground Truth: -120.6254, Best: -100.2473, Current: -97.1958, Acceptance: 76.14%, Time: 0.04 s
  *** New best: -100.8776 eV
Iteration 3040/5000: Ground Truth: -120.6254, Best: -100.8776, Current: -99.8395, Acceptance: 76.15%, Time: 0.04 s
  *** New best: -101.2066 eV
Iteration 3050/5000: Ground Truth: -120.6254, Best: -101.2066, Current: -100.7504, Acceptance: 76.13%, Time: 0.04 s
Iteration 3060/5000: Ground Truth: -120.6254, Best: -101.2066, Current: -99.3205, Acceptance: 76.14%, Time: 0.04 s
Iteration 3070/5000: Ground Truth: -120.6254, Best: -101.2066, Current: -100.1686, Acceptance: 76.19%, Time: 0.04 s
Iteration 3080/5000: Ground Truth: -120.6254, Best: -101.2066, Current: -98.7442, Acceptance: 76.20%, Time: 0.04 s
  *** New best: -101.2716 eV
Iteration 3090/5000: Ground Truth: -120.6254, Best: -101.2716, Current: -100.6197, Acceptance: 76.18%, Time: 0.04 s
  *** New best: -101.3144 eV
Iteration 3100/5000: Ground Truth: -120.6254, Best: -101.3144, Current: -99.3119, Acceptance: 76.16%, Time: 0.04 s
  *** New best: -101.3218 eV
Iteration 3110/5000: Ground Truth: -120.6254, Best: -101.3218, Current: -99.9937, Acceptance: 76.14%, Time: 0.04 s
  *** New best: -101.4973 eV
Iteration 3120/5000: Ground Truth: -120.6254, Best: -101.4973, Current: -100.2280, Acceptance: 76.15%, Time: 0.04 s
  *** New best: -102.3681 eV
Iteration 3130/5000: Ground Truth: -120.6254, Best: -102.3681, Current: -101.2964, Acceptance: 76.13%, Time: 0.04 s
  *** New best: -102.6182 eV
Iteration 3140/5000: Ground Truth: -120.6254, Best: -102.6182, Current: -100.1929, Acceptance: 76.18%, Time: 0.07 s
  *** New best: -102.7246 eV
Iteration 3150/5000: Ground Truth: -120.6254, Best: -102.7246, Current: -99.5614, Acceptance: 76.13%, Time: 0.07 s
Iteration 3160/5000: Ground Truth: -120.6254, Best: -102.7246, Current: -100.4681, Acceptance: 76.17%, Time: 0.04 s
  *** New best: -102.7567 eV
Iteration 3170/5000: Ground Truth: -120.6254, Best: -102.7567, Current: -98.9986, Acceptance: 76.18%, Time: 0.07 s
Iteration 3180/5000: Ground Truth: -120.6254, Best: -102.7567, Current: -101.3788, Acceptance: 76.23%, Time: 0.04 s
  *** New best: -102.7754 eV
Iteration 3190/5000: Ground Truth: -120.6254, Best: -102.7754, Current: -101.7290, Acceptance: 76.24%, Time: 0.04 s
  *** New best: -102.7929 eV
Iteration 3200/5000: Ground Truth: -120.6254, Best: -102.7929, Current: -101.2877, Acceptance: 76.22%, Time: 0.07 s
Iteration 3210/5000: Ground Truth: -120.6254, Best: -102.7929, Current: -101.2848, Acceptance: 76.17%, Time: 0.04 s
  *** New best: -102.8346 eV
Iteration 3220/5000: Ground Truth: -120.6254, Best: -102.8346, Current: -102.2182, Acceptance: 76.12%, Time: 0.04 s
  *** New best: -103.3952 eV
Iteration 3230/5000: Ground Truth: -120.6254, Best: -103.3952, Current: -101.7722, Acceptance: 76.10%, Time: 0.04 s
  *** New best: -103.6140 eV
Iteration 3240/5000: Ground Truth: -120.6254, Best: -103.6140, Current: -101.8809, Acceptance: 76.11%, Time: 0.04 s
  *** New best: -103.6923 eV
Iteration 3250/5000: Ground Truth: -120.6254, Best: -103.6923, Current: -101.9714, Acceptance: 76.12%, Time: 0.04 s
  *** New best: -103.7552 eV
Iteration 3260/5000: Ground Truth: -120.6254, Best: -103.7552, Current: -98.5283, Acceptance: 76.13%, Time: 0.07 s
Iteration 3270/5000: Ground Truth: -120.6254, Best: -103.7552, Current: -102.1209, Acceptance: 76.12%, Time: 0.04 s
  *** New best: -103.7694 eV
Iteration 3280/5000: Ground Truth: -120.6254, Best: -103.7694, Current: -100.9003, Acceptance: 76.19%, Time: 0.04 s
Iteration 3290/5000: Ground Truth: -120.6254, Best: -103.7694, Current: -102.1352, Acceptance: 76.20%, Time: 0.04 s
Iteration 3300/5000: Ground Truth: -120.6254, Best: -103.7694, Current: -102.4379, Acceptance: 76.15%, Time: 0.04 s
  *** New best: -103.7788 eV
Iteration 3310/5000: Ground Truth: -120.6254, Best: -103.7788, Current: -102.5571, Acceptance: 76.10%, Time: 0.04 s
Iteration 3320/5000: Ground Truth: -120.6254, Best: -103.7788, Current: -102.8789, Acceptance: 76.08%, Time: 0.04 s
  *** New best: -103.7834 eV
Iteration 3330/5000: Ground Truth: -120.6254, Best: -103.7834, Current: -102.4089, Acceptance: 76.10%, Time: 0.04 s
Iteration 3340/5000: Ground Truth: -120.6254, Best: -103.7834, Current: -102.0476, Acceptance: 76.05%, Time: 0.04 s
Iteration 3350/5000: Ground Truth: -120.6254, Best: -103.7834, Current: -102.3186, Acceptance: 76.00%, Time: 0.07 s
  *** New best: -103.7959 eV
Iteration 3360/5000: Ground Truth: -120.6254, Best: -103.7959, Current: -103.1034, Acceptance: 75.95%, Time: 0.04 s
Iteration 3370/5000: Ground Truth: -120.6254, Best: -103.7959, Current: -102.2326, Acceptance: 75.96%, Time: 0.07 s
Iteration 3380/5000: Ground Truth: -120.6254, Best: -103.7959, Current: -102.4759, Acceptance: 76.01%, Time: 0.04 s
Iteration 3390/5000: Ground Truth: -120.6254, Best: -103.7959, Current: -103.2714, Acceptance: 76.02%, Time: 0.04 s
  *** New best: -103.7969 eV
Iteration 3400/5000: Ground Truth: -120.6254, Best: -103.7969, Current: -101.4502, Acceptance: 76.00%, Time: 0.04 s
  *** New best: -103.7994 eV
Iteration 3410/5000: Ground Truth: -120.6254, Best: -103.7994, Current: -103.1823, Acceptance: 75.98%, Time: 0.04 s
Iteration 3420/5000: Ground Truth: -120.6254, Best: -103.7994, Current: -101.8083, Acceptance: 76.02%, Time: 0.04 s
Iteration 3430/5000: Ground Truth: -120.6254, Best: -103.7994, Current: -102.5658, Acceptance: 76.03%, Time: 0.04 s
Iteration 3440/5000: Ground Truth: -120.6254, Best: -103.7994, Current: -102.4577, Acceptance: 76.08%, Time: 0.04 s
Iteration 3450/5000: Ground Truth: -120.6254, Best: -103.7994, Current: -101.8498, Acceptance: 76.09%, Time: 0.04 s
Iteration 3460/5000: Ground Truth: -120.6254, Best: -103.7994, Current: -102.5248, Acceptance: 76.10%, Time: 0.04 s
Iteration 3470/5000: Ground Truth: -120.6254, Best: -103.7994, Current: -102.2286, Acceptance: 76.05%, Time: 0.04 s
Iteration 3480/5000: Ground Truth: -120.6254, Best: -103.7994, Current: -100.8980, Acceptance: 76.01%, Time: 0.07 s
Iteration 3490/5000: Ground Truth: -120.6254, Best: -103.7994, Current: -102.5957, Acceptance: 76.05%, Time: 0.04 s
Iteration 3500/5000: Ground Truth: -120.6254, Best: -103.7994, Current: -102.7277, Acceptance: 75.97%, Time: 0.04 s
Iteration 3510/5000: Ground Truth: -120.6254, Best: -103.7994, Current: -103.0158, Acceptance: 75.95%, Time: 0.04 s
Iteration 3520/5000: Ground Truth: -120.6254, Best: -103.7994, Current: -103.0231, Acceptance: 75.91%, Time: 0.04 s
  *** New best: -103.8039 eV
Iteration 3530/5000: Ground Truth: -120.6254, Best: -103.8039, Current: -102.2083, Acceptance: 75.95%, Time: 0.04 s
Iteration 3540/5000: Ground Truth: -120.6254, Best: -103.8039, Current: -102.0618, Acceptance: 75.93%, Time: 0.04 s
Iteration 3550/5000: Ground Truth: -120.6254, Best: -103.8039, Current: -100.9080, Acceptance: 76.00%, Time: 0.04 s
Iteration 3560/5000: Ground Truth: -120.6254, Best: -103.8039, Current: -101.8957, Acceptance: 75.98%, Time: 0.04 s
Iteration 3570/5000: Ground Truth: -120.6254, Best: -103.8039, Current: -102.1801, Acceptance: 75.97%, Time: 0.04 s
Iteration 3580/5000: Ground Truth: -120.6254, Best: -103.8039, Current: -103.1979, Acceptance: 75.98%, Time: 0.04 s
Iteration 3590/5000: Ground Truth: -120.6254, Best: -103.8039, Current: -100.5028, Acceptance: 75.96%, Time: 0.07 s
Iteration 3600/5000: Ground Truth: -120.6254, Best: -103.8039, Current: -102.9800, Acceptance: 75.89%, Time: 0.04 s
Iteration 3610/5000: Ground Truth: -120.6254, Best: -103.8039, Current: -101.9270, Acceptance: 75.87%, Time: 0.04 s
Iteration 3620/5000: Ground Truth: -120.6254, Best: -103.8039, Current: -101.7427, Acceptance: 75.88%, Time: 0.04 s
Iteration 3630/5000: Ground Truth: -120.6254, Best: -103.8039, Current: -102.4671, Acceptance: 75.84%, Time: 0.04 s
Iteration 3640/5000: Ground Truth: -120.6254, Best: -103.8039, Current: -102.3884, Acceptance: 75.88%, Time: 0.04 s
Iteration 3650/5000: Ground Truth: -120.6254, Best: -103.8039, Current: -102.1949, Acceptance: 75.86%, Time: 0.04 s
Iteration 3660/5000: Ground Truth: -120.6254, Best: -103.8039, Current: -102.1010, Acceptance: 75.90%, Time: 0.04 s
Iteration 3670/5000: Ground Truth: -120.6254, Best: -103.8039, Current: -102.7599, Acceptance: 75.89%, Time: 0.04 s
Iteration 3680/5000: Ground Truth: -120.6254, Best: -103.8039, Current: -103.1685, Acceptance: 75.92%, Time: 0.04 s
Iteration 3690/5000: Ground Truth: -120.6254, Best: -103.8039, Current: -101.9490, Acceptance: 75.91%, Time: 0.04 s
Iteration 3700/5000: Ground Truth: -120.6254, Best: -103.8039, Current: -100.5349, Acceptance: 75.92%, Time: 0.07 s
Iteration 3710/5000: Ground Truth: -120.6254, Best: -103.8039, Current: -102.7052, Acceptance: 75.90%, Time: 0.04 s
Iteration 3720/5000: Ground Truth: -120.6254, Best: -103.8039, Current: -101.7050, Acceptance: 75.86%, Time: 0.04 s
Iteration 3730/5000: Ground Truth: -120.6254, Best: -103.8039, Current: -102.8144, Acceptance: 75.84%, Time: 0.04 s
Iteration 3740/5000: Ground Truth: -120.6254, Best: -103.8039, Current: -102.9240, Acceptance: 75.86%, Time: 0.04 s
Iteration 3750/5000: Ground Truth: -120.6254, Best: -103.8039, Current: -102.1377, Acceptance: 75.87%, Time: 0.04 s
Iteration 3760/5000: Ground Truth: -120.6254, Best: -103.8039, Current: -101.8253, Acceptance: 75.90%, Time: 0.04 s
Iteration 3770/5000: Ground Truth: -120.6254, Best: -103.8039, Current: -102.6964, Acceptance: 75.92%, Time: 0.04 s
Iteration 3780/5000: Ground Truth: -120.6254, Best: -103.8039, Current: -99.6261, Acceptance: 75.93%, Time: 0.04 s
Iteration 3790/5000: Ground Truth: -120.6254, Best: -103.8039, Current: -101.3477, Acceptance: 75.94%, Time: 0.04 s
Iteration 3800/5000: Ground Truth: -120.6254, Best: -103.8039, Current: -102.8339, Acceptance: 75.97%, Time: 0.04 s
Iteration 3810/5000: Ground Truth: -120.6254, Best: -103.8039, Current: -103.0695, Acceptance: 75.93%, Time: 0.04 s
Iteration 3820/5000: Ground Truth: -120.6254, Best: -103.8039, Current: -100.5612, Acceptance: 75.94%, Time: 0.04 s
Iteration 3830/5000: Ground Truth: -120.6254, Best: -103.8039, Current: -101.7978, Acceptance: 75.93%, Time: 0.04 s
Iteration 3840/5000: Ground Truth: -120.6254, Best: -103.8039, Current: -103.1550, Acceptance: 75.91%, Time: 0.04 s
Iteration 3850/5000: Ground Truth: -120.6254, Best: -103.8039, Current: -102.9601, Acceptance: 75.95%, Time: 0.04 s
Iteration 3860/5000: Ground Truth: -120.6254, Best: -103.8039, Current: -103.1787, Acceptance: 75.93%, Time: 0.04 s
Iteration 3870/5000: Ground Truth: -120.6254, Best: -103.8039, Current: -103.2763, Acceptance: 75.87%, Time: 0.04 s
Iteration 3880/5000: Ground Truth: -120.6254, Best: -103.8039, Current: -100.4562, Acceptance: 75.90%, Time: 0.04 s
Iteration 3890/5000: Ground Truth: -120.6254, Best: -103.8039, Current: -101.7462, Acceptance: 75.91%, Time: 0.07 s
  *** New best: -103.8077 eV
Iteration 3900/5000: Ground Truth: -120.6254, Best: -103.8077, Current: -102.8163, Acceptance: 75.87%, Time: 0.04 s
Iteration 3910/5000: Ground Truth: -120.6254, Best: -103.8077, Current: -102.8137, Acceptance: 75.88%, Time: 0.04 s
Iteration 3920/5000: Ground Truth: -120.6254, Best: -103.8077, Current: -99.8439, Acceptance: 75.92%, Time: 0.07 s
Iteration 3930/5000: Ground Truth: -120.6254, Best: -103.8077, Current: -103.5344, Acceptance: 75.83%, Time: 0.04 s
Iteration 3940/5000: Ground Truth: -120.6254, Best: -103.8077, Current: -102.5337, Acceptance: 75.81%, Time: 0.07 s
  *** New best: -103.8231 eV
Iteration 3950/5000: Ground Truth: -120.6254, Best: -103.8231, Current: -101.4206, Acceptance: 75.82%, Time: 0.04 s
Iteration 3960/5000: Ground Truth: -120.6254, Best: -103.8231, Current: -102.6047, Acceptance: 75.86%, Time: 0.04 s
Iteration 3970/5000: Ground Truth: -120.6254, Best: -103.8231, Current: -102.6732, Acceptance: 75.84%, Time: 0.04 s
Iteration 3980/5000: Ground Truth: -120.6254, Best: -103.8231, Current: -102.9976, Acceptance: 75.80%, Time: 0.04 s
Iteration 3990/5000: Ground Truth: -120.6254, Best: -103.8231, Current: -102.9718, Acceptance: 75.81%, Time: 0.04 s
Iteration 4000/5000: Ground Truth: -120.6254, Best: -103.8231, Current: -101.8040, Acceptance: 75.85%, Time: 0.04 s
Iteration 4010/5000: Ground Truth: -120.6254, Best: -103.8231, Current: -102.3215, Acceptance: 75.89%, Time: 0.04 s
Iteration 4020/5000: Ground Truth: -120.6254, Best: -103.8231, Current: -102.5942, Acceptance: 75.87%, Time: 0.04 s
Iteration 4030/5000: Ground Truth: -120.6254, Best: -103.8231, Current: -102.4733, Acceptance: 75.86%, Time: 0.04 s
Iteration 4040/5000: Ground Truth: -120.6254, Best: -103.8231, Current: -102.2880, Acceptance: 75.84%, Time: 0.04 s
Iteration 4050/5000: Ground Truth: -120.6254, Best: -103.8231, Current: -102.6976, Acceptance: 75.83%, Time: 0.04 s
Iteration 4060/5000: Ground Truth: -120.6254, Best: -103.8231, Current: -100.9538, Acceptance: 75.79%, Time: 0.04 s
Iteration 4070/5000: Ground Truth: -120.6254, Best: -103.8231, Current: -101.8415, Acceptance: 75.75%, Time: 0.04 s
Iteration 4080/5000: Ground Truth: -120.6254, Best: -103.8231, Current: -102.5288, Acceptance: 75.78%, Time: 0.04 s
Iteration 4090/5000: Ground Truth: -120.6254, Best: -103.8231, Current: -101.7764, Acceptance: 75.84%, Time: 0.07 s
  *** New best: -103.8281 eV
Iteration 4100/5000: Ground Truth: -120.6254, Best: -103.8281, Current: -101.7629, Acceptance: 75.85%, Time: 0.04 s
  *** New best: -103.8568 eV
Iteration 4110/5000: Ground Truth: -120.6254, Best: -103.8568, Current: -101.6068, Acceptance: 75.86%, Time: 0.04 s
Iteration 4120/5000: Ground Truth: -120.6254, Best: -103.8568, Current: -102.5944, Acceptance: 75.83%, Time: 0.04 s
  *** New best: -103.8595 eV
Iteration 4130/5000: Ground Truth: -120.6254, Best: -103.8595, Current: -102.9272, Acceptance: 75.76%, Time: 0.04 s
Iteration 4140/5000: Ground Truth: -120.6254, Best: -103.8595, Current: -101.2152, Acceptance: 75.80%, Time: 0.04 s
Iteration 4150/5000: Ground Truth: -120.6254, Best: -103.8595, Current: -101.4405, Acceptance: 75.81%, Time: 0.07 s
Iteration 4160/5000: Ground Truth: -120.6254, Best: -103.8595, Current: -101.1708, Acceptance: 75.87%, Time: 0.04 s
Iteration 4170/5000: Ground Truth: -120.6254, Best: -103.8595, Current: -102.4794, Acceptance: 75.88%, Time: 0.04 s
Iteration 4180/5000: Ground Truth: -120.6254, Best: -103.8595, Current: -102.7366, Acceptance: 75.93%, Time: 0.04 s
Iteration 4190/5000: Ground Truth: -120.6254, Best: -103.8595, Current: -102.8077, Acceptance: 75.97%, Time: 0.04 s
Iteration 4200/5000: Ground Truth: -120.6254, Best: -103.8595, Current: -102.0635, Acceptance: 76.00%, Time: 0.04 s
Iteration 4210/5000: Ground Truth: -120.6254, Best: -103.8595, Current: -102.7156, Acceptance: 75.96%, Time: 0.04 s
Iteration 4220/5000: Ground Truth: -120.6254, Best: -103.8595, Current: -101.3732, Acceptance: 76.00%, Time: 0.07 s
Iteration 4230/5000: Ground Truth: -120.6254, Best: -103.8595, Current: -101.9760, Acceptance: 76.05%, Time: 0.04 s
Iteration 4240/5000: Ground Truth: -120.6254, Best: -103.8595, Current: -101.9691, Acceptance: 76.04%, Time: 0.04 s
Iteration 4250/5000: Ground Truth: -120.6254, Best: -103.8595, Current: -101.9417, Acceptance: 76.09%, Time: 0.04 s
Iteration 4260/5000: Ground Truth: -120.6254, Best: -103.8595, Current: -102.7193, Acceptance: 76.10%, Time: 0.07 s
Iteration 4270/5000: Ground Truth: -120.6254, Best: -103.8595, Current: -101.6201, Acceptance: 76.11%, Time: 0.04 s
Iteration 4280/5000: Ground Truth: -120.6254, Best: -103.8595, Current: -101.6213, Acceptance: 76.17%, Time: 0.04 s
Iteration 4290/5000: Ground Truth: -120.6254, Best: -103.8595, Current: -101.5694, Acceptance: 76.20%, Time: 0.04 s
Iteration 4300/5000: Ground Truth: -120.6254, Best: -103.8595, Current: -102.7280, Acceptance: 76.14%, Time: 0.04 s
  *** New best: -103.8739 eV
Iteration 4310/5000: Ground Truth: -120.6254, Best: -103.8739, Current: -101.8050, Acceptance: 76.13%, Time: 0.04 s
Iteration 4320/5000: Ground Truth: -120.6254, Best: -103.8739, Current: -102.1889, Acceptance: 76.09%, Time: 0.04 s
Iteration 4330/5000: Ground Truth: -120.6254, Best: -103.8739, Current: -102.2243, Acceptance: 76.10%, Time: 0.07 s
  *** New best: -103.8771 eV
Iteration 4340/5000: Ground Truth: -120.6254, Best: -103.8771, Current: -101.8431, Acceptance: 76.06%, Time: 0.04 s
Iteration 4350/5000: Ground Truth: -120.6254, Best: -103.8771, Current: -100.5524, Acceptance: 76.09%, Time: 0.07 s
Iteration 4360/5000: Ground Truth: -120.6254, Best: -103.8771, Current: -101.9387, Acceptance: 76.06%, Time: 0.07 s
Iteration 4370/5000: Ground Truth: -120.6254, Best: -103.8771, Current: -102.1847, Acceptance: 76.11%, Time: 0.04 s
Iteration 4380/5000: Ground Truth: -120.6254, Best: -103.8771, Current: -101.1502, Acceptance: 76.10%, Time: 0.04 s
Iteration 4390/5000: Ground Truth: -120.6254, Best: -103.8771, Current: -103.2992, Acceptance: 76.10%, Time: 0.04 s
  *** New best: -103.8830 eV
Iteration 4400/5000: Ground Truth: -120.6254, Best: -103.8830, Current: -103.2956, Acceptance: 76.09%, Time: 0.04 s
  *** New best: -103.8890 eV
Iteration 4410/5000: Ground Truth: -120.6254, Best: -103.8890, Current: -102.9481, Acceptance: 76.10%, Time: 0.04 s
Iteration 4420/5000: Ground Truth: -120.6254, Best: -103.8890, Current: -102.7470, Acceptance: 76.11%, Time: 0.04 s
Iteration 4430/5000: Ground Truth: -120.6254, Best: -103.8890, Current: -101.7937, Acceptance: 76.14%, Time: 0.07 s
Iteration 4440/5000: Ground Truth: -120.6254, Best: -103.8890, Current: -103.1364, Acceptance: 76.15%, Time: 0.04 s
Iteration 4450/5000: Ground Truth: -120.6254, Best: -103.8890, Current: -102.2659, Acceptance: 76.13%, Time: 0.04 s
Iteration 4460/5000: Ground Truth: -120.6254, Best: -103.8890, Current: -103.0655, Acceptance: 76.14%, Time: 0.04 s
Iteration 4470/5000: Ground Truth: -120.6254, Best: -103.8890, Current: -102.9225, Acceptance: 76.13%, Time: 0.04 s
Iteration 4480/5000: Ground Truth: -120.6254, Best: -103.8890, Current: -99.3328, Acceptance: 76.14%, Time: 0.04 s
Iteration 4490/5000: Ground Truth: -120.6254, Best: -103.8890, Current: -103.1357, Acceptance: 76.08%, Time: 0.04 s
Iteration 4500/5000: Ground Truth: -120.6254, Best: -103.8890, Current: -102.6312, Acceptance: 76.09%, Time: 0.04 s
Iteration 4510/5000: Ground Truth: -120.6254, Best: -103.8890, Current: -102.8812, Acceptance: 76.08%, Time: 0.07 s
Iteration 4520/5000: Ground Truth: -120.6254, Best: -103.8890, Current: -102.7414, Acceptance: 76.11%, Time: 0.04 s
Iteration 4530/5000: Ground Truth: -120.6254, Best: -103.8890, Current: -102.5752, Acceptance: 76.05%, Time: 0.07 s
Iteration 4540/5000: Ground Truth: -120.6254, Best: -103.8890, Current: -102.3334, Acceptance: 76.04%, Time: 0.04 s
Iteration 4550/5000: Ground Truth: -120.6254, Best: -103.8890, Current: -101.6120, Acceptance: 76.02%, Time: 0.04 s
Iteration 4560/5000: Ground Truth: -120.6254, Best: -103.8890, Current: -101.9110, Acceptance: 75.99%, Time: 0.04 s
Iteration 4570/5000: Ground Truth: -120.6254, Best: -103.8890, Current: -103.0534, Acceptance: 75.93%, Time: 0.04 s
Iteration 4580/5000: Ground Truth: -120.6254, Best: -103.8890, Current: -102.3923, Acceptance: 75.92%, Time: 0.04 s
Iteration 4590/5000: Ground Truth: -120.6254, Best: -103.8890, Current: -102.4909, Acceptance: 75.95%, Time: 0.04 s
Iteration 4600/5000: Ground Truth: -120.6254, Best: -103.8890, Current: -100.7343, Acceptance: 75.98%, Time: 0.04 s
Iteration 4610/5000: Ground Truth: -120.6254, Best: -103.8890, Current: -103.2245, Acceptance: 75.94%, Time: 0.04 s
Iteration 4620/5000: Ground Truth: -120.6254, Best: -103.8890, Current: -102.7273, Acceptance: 75.93%, Time: 0.04 s
Iteration 4630/5000: Ground Truth: -120.6254, Best: -103.8890, Current: -100.6706, Acceptance: 75.96%, Time: 0.04 s
Iteration 4640/5000: Ground Truth: -120.6254, Best: -103.8890, Current: -101.3577, Acceptance: 75.99%, Time: 0.04 s
Iteration 4650/5000: Ground Truth: -120.6254, Best: -103.8890, Current: -102.5979, Acceptance: 75.98%, Time: 0.07 s
Iteration 4660/5000: Ground Truth: -120.6254, Best: -103.8890, Current: -102.6862, Acceptance: 75.99%, Time: 0.04 s
Iteration 4670/5000: Ground Truth: -120.6254, Best: -103.8890, Current: -102.1309, Acceptance: 75.97%, Time: 0.04 s
Iteration 4680/5000: Ground Truth: -120.6254, Best: -103.8890, Current: -100.7923, Acceptance: 75.98%, Time: 0.04 s
Iteration 4690/5000: Ground Truth: -120.6254, Best: -103.8890, Current: -101.8508, Acceptance: 75.99%, Time: 0.04 s
Iteration 4700/5000: Ground Truth: -120.6254, Best: -103.8890, Current: -102.8215, Acceptance: 75.98%, Time: 0.07 s
Iteration 4710/5000: Ground Truth: -120.6254, Best: -103.8890, Current: -102.7366, Acceptance: 75.99%, Time: 0.04 s
Iteration 4720/5000: Ground Truth: -120.6254, Best: -103.8890, Current: -102.1771, Acceptance: 76.02%, Time: 0.04 s
Iteration 4730/5000: Ground Truth: -120.6254, Best: -103.8890, Current: -101.1477, Acceptance: 76.03%, Time: 0.04 s
Iteration 4740/5000: Ground Truth: -120.6254, Best: -103.8890, Current: -103.2654, Acceptance: 75.97%, Time: 0.04 s
Iteration 4750/5000: Ground Truth: -120.6254, Best: -103.8890, Current: -103.0249, Acceptance: 75.94%, Time: 0.04 s
Iteration 4760/5000: Ground Truth: -120.6254, Best: -103.8890, Current: -100.8684, Acceptance: 75.88%, Time: 0.04 s
Iteration 4770/5000: Ground Truth: -120.6254, Best: -103.8890, Current: -102.6532, Acceptance: 75.87%, Time: 0.04 s
Iteration 4780/5000: Ground Truth: -120.6254, Best: -103.8890, Current: -102.6409, Acceptance: 75.86%, Time: 0.07 s
Iteration 4790/5000: Ground Truth: -120.6254, Best: -103.8890, Current: -101.2897, Acceptance: 75.87%, Time: 0.04 s
Iteration 4800/5000: Ground Truth: -120.6254, Best: -103.8890, Current: -101.0739, Acceptance: 75.85%, Time: 0.04 s
Iteration 4810/5000: Ground Truth: -120.6254, Best: -103.8890, Current: -101.8459, Acceptance: 75.88%, Time: 0.04 s
Iteration 4820/5000: Ground Truth: -120.6254, Best: -103.8890, Current: -103.7278, Acceptance: 75.83%, Time: 0.04 s
Iteration 4830/5000: Ground Truth: -120.6254, Best: -103.8890, Current: -102.6654, Acceptance: 75.82%, Time: 0.04 s
Iteration 4840/5000: Ground Truth: -120.6254, Best: -103.8890, Current: -102.7894, Acceptance: 75.87%, Time: 0.04 s
Iteration 4850/5000: Ground Truth: -120.6254, Best: -103.8890, Current: -102.7926, Acceptance: 75.86%, Time: 0.04 s
Iteration 4860/5000: Ground Truth: -120.6254, Best: -103.8890, Current: -102.7762, Acceptance: 75.84%, Time: 0.04 s
Iteration 4870/5000: Ground Truth: -120.6254, Best: -103.8890, Current: -101.9738, Acceptance: 75.85%, Time: 0.04 s
Iteration 4880/5000: Ground Truth: -120.6254, Best: -103.8890, Current: -101.6750, Acceptance: 75.90%, Time: 0.04 s
Iteration 4890/5000: Ground Truth: -120.6254, Best: -103.8890, Current: -103.0103, Acceptance: 75.95%, Time: 0.04 s
Iteration 4900/5000: Ground Truth: -120.6254, Best: -103.8890, Current: -103.1807, Acceptance: 75.96%, Time: 0.04 s
Iteration 4910/5000: Ground Truth: -120.6254, Best: -103.8890, Current: -102.5603, Acceptance: 75.95%, Time: 0.04 s
Iteration 4920/5000: Ground Truth: -120.6254, Best: -103.8890, Current: -101.9694, Acceptance: 75.96%, Time: 0.04 s
Iteration 4930/5000: Ground Truth: -120.6254, Best: -103.8890, Current: -100.6341, Acceptance: 75.96%, Time: 0.04 s
Iteration 4940/5000: Ground Truth: -120.6254, Best: -103.8890, Current: -103.3354, Acceptance: 75.95%, Time: 0.04 s
Iteration 4950/5000: Ground Truth: -120.6254, Best: -103.8890, Current: -103.1702, Acceptance: 75.92%, Time: 0.04 s
Iteration 4960/5000: Ground Truth: -120.6254, Best: -103.8890, Current: -102.9752, Acceptance: 75.91%, Time: 0.04 s
Iteration 4970/5000: Ground Truth: -120.6254, Best: -103.8890, Current: -103.1543, Acceptance: 75.92%, Time: 0.04 s
Iteration 4980/5000: Ground Truth: -120.6254, Best: -103.8890, Current: -102.6778, Acceptance: 75.92%, Time: 0.04 s
Iteration 4990/5000: Ground Truth: -120.6254, Best: -103.8890, Current: -103.0408, Acceptance: 75.87%, Time: 0.04 s
Iteration 5000/5000: Ground Truth: -120.6254, Best: -103.8890, Current: -102.7672, Acceptance: 75.84%, Time: 0.04 s
No match for mp-23406: RMSD = 5.215, ΔE = 16.736 eV
mp-23406 match: False
Initial energy: -50.266868591308594
  *** New best: -52.0612 eV
Iteration 10/5000: Ground Truth: -59.2113, Best: -52.0612, Current: -50.6618, Acceptance: 90.00%, Time: 0.04 s
  *** New best: -53.6085 eV
Iteration 20/5000: Ground Truth: -59.2113, Best: -53.6085, Current: -52.5048, Acceptance: 85.00%, Time: 0.04 s
  *** New best: -57.2224 eV
Iteration 30/5000: Ground Truth: -59.2113, Best: -57.2224, Current: -56.3052, Acceptance: 73.33%, Time: 0.06 s
  *** New best: -57.4841 eV
Iteration 40/5000: Ground Truth: -59.2113, Best: -57.4841, Current: -55.9673, Acceptance: 67.50%, Time: 0.04 s
  *** New best: -57.6123 eV
Iteration 50/5000: Ground Truth: -59.2113, Best: -57.6123, Current: -56.6812, Acceptance: 72.00%, Time: 0.04 s
  *** New best: -57.7490 eV
Iteration 60/5000: Ground Truth: -59.2113, Best: -57.7490, Current: -55.9511, Acceptance: 75.00%, Time: 0.04 s
  *** New best: -57.9793 eV
Iteration 70/5000: Ground Truth: -59.2113, Best: -57.9793, Current: -57.1708, Acceptance: 72.86%, Time: 0.04 s
  *** New best: -58.0986 eV
Iteration 80/5000: Ground Truth: -59.2113, Best: -58.0986, Current: -57.3921, Acceptance: 73.75%, Time: 0.04 s
Iteration 90/5000: Ground Truth: -59.2113, Best: -58.0986, Current: -57.4617, Acceptance: 74.44%, Time: 0.04 s
  *** New best: -58.2126 eV
Iteration 100/5000: Ground Truth: -59.2113, Best: -58.2126, Current: -56.0419, Acceptance: 73.00%, Time: 0.04 s
  *** New best: -58.2191 eV
Iteration 110/5000: Ground Truth: -59.2113, Best: -58.2191, Current: -56.7871, Acceptance: 73.64%, Time: 0.04 s
  *** New best: -58.2947 eV
Iteration 120/5000: Ground Truth: -59.2113, Best: -58.2947, Current: -56.1465, Acceptance: 74.17%, Time: 0.04 s
  *** New best: -58.3092 eV
Iteration 130/5000: Ground Truth: -59.2113, Best: -58.3092, Current: -57.4696, Acceptance: 72.31%, Time: 0.04 s
  *** New best: -58.3299 eV
Iteration 140/5000: Ground Truth: -59.2113, Best: -58.3299, Current: -57.4279, Acceptance: 72.14%, Time: 0.04 s
  *** New best: -58.3349 eV
Iteration 150/5000: Ground Truth: -59.2113, Best: -58.3349, Current: -58.1637, Acceptance: 71.33%, Time: 0.04 s
Iteration 160/5000: Ground Truth: -59.2113, Best: -58.3349, Current: -57.0700, Acceptance: 70.00%, Time: 0.04 s
Iteration 170/5000: Ground Truth: -59.2113, Best: -58.3349, Current: -56.9224, Acceptance: 70.00%, Time: 0.04 s
Iteration 180/5000: Ground Truth: -59.2113, Best: -58.3349, Current: -55.3607, Acceptance: 71.11%, Time: 0.04 s
  *** New best: -58.3415 eV
Iteration 190/5000: Ground Truth: -59.2113, Best: -58.3415, Current: -55.1184, Acceptance: 71.05%, Time: 0.04 s
Iteration 200/5000: Ground Truth: -59.2113, Best: -58.3415, Current: -56.6645, Acceptance: 71.50%, Time: 0.04 s
  *** New best: -58.3675 eV
Iteration 210/5000: Ground Truth: -59.2113, Best: -58.3675, Current: -56.9550, Acceptance: 71.90%, Time: 0.07 s
  *** New best: -58.3766 eV
Iteration 220/5000: Ground Truth: -59.2113, Best: -58.3766, Current: -55.6151, Acceptance: 72.27%, Time: 0.04 s
Iteration 230/5000: Ground Truth: -59.2113, Best: -58.3766, Current: -57.7123, Acceptance: 72.61%, Time: 0.04 s
  *** New best: -58.3959 eV
Iteration 240/5000: Ground Truth: -59.2113, Best: -58.3959, Current: -55.9340, Acceptance: 72.50%, Time: 0.04 s
Iteration 250/5000: Ground Truth: -59.2113, Best: -58.3959, Current: -58.1114, Acceptance: 72.40%, Time: 0.04 s
Iteration 260/5000: Ground Truth: -59.2113, Best: -58.3959, Current: -56.8835, Acceptance: 71.15%, Time: 0.04 s
Iteration 270/5000: Ground Truth: -59.2113, Best: -58.3959, Current: -57.0119, Acceptance: 71.11%, Time: 0.04 s
  *** New best: -58.4156 eV
Iteration 280/5000: Ground Truth: -59.2113, Best: -58.4156, Current: -56.6094, Acceptance: 71.07%, Time: 0.04 s
  *** New best: -58.4189 eV
Iteration 290/5000: Ground Truth: -59.2113, Best: -58.4189, Current: -56.9702, Acceptance: 71.72%, Time: 0.04 s
Iteration 300/5000: Ground Truth: -59.2113, Best: -58.4189, Current: -55.3372, Acceptance: 72.00%, Time: 0.04 s
Iteration 310/5000: Ground Truth: -59.2113, Best: -58.4189, Current: -56.6931, Acceptance: 72.58%, Time: 0.04 s
Iteration 320/5000: Ground Truth: -59.2113, Best: -58.4189, Current: -57.3801, Acceptance: 72.50%, Time: 0.04 s
Iteration 330/5000: Ground Truth: -59.2113, Best: -58.4189, Current: -57.7055, Acceptance: 73.03%, Time: 0.04 s
Iteration 340/5000: Ground Truth: -59.2113, Best: -58.4189, Current: -55.4183, Acceptance: 73.53%, Time: 0.04 s
Iteration 350/5000: Ground Truth: -59.2113, Best: -58.4189, Current: -57.3023, Acceptance: 73.71%, Time: 0.04 s
  *** New best: -58.4790 eV
Iteration 360/5000: Ground Truth: -59.2113, Best: -58.4790, Current: -54.5525, Acceptance: 73.61%, Time: 0.07 s
Iteration 370/5000: Ground Truth: -59.2113, Best: -58.4790, Current: -56.9972, Acceptance: 74.05%, Time: 0.04 s
  *** New best: -58.4845 eV
Iteration 380/5000: Ground Truth: -59.2113, Best: -58.4845, Current: -57.5979, Acceptance: 73.68%, Time: 0.04 s
Iteration 390/5000: Ground Truth: -59.2113, Best: -58.4845, Current: -57.0068, Acceptance: 73.59%, Time: 0.04 s
Iteration 400/5000: Ground Truth: -59.2113, Best: -58.4845, Current: -56.8912, Acceptance: 73.50%, Time: 0.04 s
Iteration 410/5000: Ground Truth: -59.2113, Best: -58.4845, Current: -56.7511, Acceptance: 73.17%, Time: 0.04 s
Iteration 420/5000: Ground Truth: -59.2113, Best: -58.4845, Current: -56.0465, Acceptance: 72.62%, Time: 0.04 s
Iteration 430/5000: Ground Truth: -59.2113, Best: -58.4845, Current: -56.6716, Acceptance: 72.79%, Time: 0.04 s
Iteration 440/5000: Ground Truth: -59.2113, Best: -58.4845, Current: -57.2562, Acceptance: 72.27%, Time: 0.04 s
Iteration 450/5000: Ground Truth: -59.2113, Best: -58.4845, Current: -57.6468, Acceptance: 72.67%, Time: 0.04 s
Iteration 460/5000: Ground Truth: -59.2113, Best: -58.4845, Current: -57.5160, Acceptance: 72.39%, Time: 0.04 s
Iteration 470/5000: Ground Truth: -59.2113, Best: -58.4845, Current: -57.5369, Acceptance: 72.34%, Time: 0.04 s
Iteration 480/5000: Ground Truth: -59.2113, Best: -58.4845, Current: -55.3357, Acceptance: 72.50%, Time: 0.07 s
Iteration 490/5000: Ground Truth: -59.2113, Best: -58.4845, Current: -58.3243, Acceptance: 72.24%, Time: 0.04 s
Iteration 500/5000: Ground Truth: -59.2113, Best: -58.4845, Current: -56.9239, Acceptance: 72.20%, Time: 0.04 s
Iteration 510/5000: Ground Truth: -59.2113, Best: -58.4845, Current: -57.4754, Acceptance: 72.16%, Time: 0.04 s
Iteration 520/5000: Ground Truth: -59.2113, Best: -58.4845, Current: -55.5656, Acceptance: 72.50%, Time: 0.04 s
Iteration 530/5000: Ground Truth: -59.2113, Best: -58.4845, Current: -57.2954, Acceptance: 72.45%, Time: 0.04 s
Iteration 540/5000: Ground Truth: -59.2113, Best: -58.4845, Current: -56.6817, Acceptance: 72.41%, Time: 0.04 s
Iteration 550/5000: Ground Truth: -59.2113, Best: -58.4845, Current: -54.5689, Acceptance: 72.55%, Time: 0.04 s
Iteration 560/5000: Ground Truth: -59.2113, Best: -58.4845, Current: -57.2967, Acceptance: 72.50%, Time: 0.04 s
Iteration 570/5000: Ground Truth: -59.2113, Best: -58.4845, Current: -57.2732, Acceptance: 72.46%, Time: 0.04 s
Iteration 580/5000: Ground Truth: -59.2113, Best: -58.4845, Current: -57.3836, Acceptance: 72.41%, Time: 0.04 s
  *** New best: -58.4868 eV
Iteration 590/5000: Ground Truth: -59.2113, Best: -58.4868, Current: -55.9484, Acceptance: 72.54%, Time: 0.04 s
Iteration 600/5000: Ground Truth: -59.2113, Best: -58.4868, Current: -56.9318, Acceptance: 72.50%, Time: 0.04 s
Iteration 610/5000: Ground Truth: -59.2113, Best: -58.4868, Current: -58.1606, Acceptance: 72.13%, Time: 0.04 s
  *** New best: -58.4881 eV
Iteration 620/5000: Ground Truth: -59.2113, Best: -58.4881, Current: -55.3473, Acceptance: 72.26%, Time: 0.07 s
Iteration 630/5000: Ground Truth: -59.2113, Best: -58.4881, Current: -57.3244, Acceptance: 72.06%, Time: 0.04 s
Iteration 640/5000: Ground Truth: -59.2113, Best: -58.4881, Current: -57.2441, Acceptance: 72.03%, Time: 0.04 s
Iteration 650/5000: Ground Truth: -59.2113, Best: -58.4881, Current: -56.7546, Acceptance: 71.85%, Time: 0.04 s
Iteration 660/5000: Ground Truth: -59.2113, Best: -58.4881, Current: -56.9920, Acceptance: 71.52%, Time: 0.04 s
Iteration 670/5000: Ground Truth: -59.2113, Best: -58.4881, Current: -55.8714, Acceptance: 71.79%, Time: 0.07 s
Iteration 680/5000: Ground Truth: -59.2113, Best: -58.4881, Current: -57.6558, Acceptance: 71.76%, Time: 0.04 s
Iteration 690/5000: Ground Truth: -59.2113, Best: -58.4881, Current: -57.6380, Acceptance: 72.03%, Time: 0.04 s
Iteration 700/5000: Ground Truth: -59.2113, Best: -58.4881, Current: -56.3952, Acceptance: 72.43%, Time: 0.04 s
Iteration 710/5000: Ground Truth: -59.2113, Best: -58.4881, Current: -56.7853, Acceptance: 72.39%, Time: 0.07 s
Iteration 720/5000: Ground Truth: -59.2113, Best: -58.4881, Current: -57.0028, Acceptance: 72.50%, Time: 0.04 s
Iteration 730/5000: Ground Truth: -59.2113, Best: -58.4881, Current: -56.4051, Acceptance: 72.60%, Time: 0.04 s
Iteration 740/5000: Ground Truth: -59.2113, Best: -58.4881, Current: -55.2629, Acceptance: 72.97%, Time: 0.04 s
Iteration 750/5000: Ground Truth: -59.2113, Best: -58.4881, Current: -57.3475, Acceptance: 73.07%, Time: 0.04 s
Iteration 760/5000: Ground Truth: -59.2113, Best: -58.4881, Current: -56.6005, Acceptance: 73.03%, Time: 0.04 s
Iteration 770/5000: Ground Truth: -59.2113, Best: -58.4881, Current: -57.1687, Acceptance: 73.12%, Time: 0.04 s
Iteration 780/5000: Ground Truth: -59.2113, Best: -58.4881, Current: -57.1010, Acceptance: 73.21%, Time: 0.04 s
Iteration 790/5000: Ground Truth: -59.2113, Best: -58.4881, Current: -55.9129, Acceptance: 73.16%, Time: 0.04 s
Iteration 800/5000: Ground Truth: -59.2113, Best: -58.4881, Current: -57.1140, Acceptance: 73.25%, Time: 0.04 s
Iteration 810/5000: Ground Truth: -59.2113, Best: -58.4881, Current: -57.0496, Acceptance: 73.46%, Time: 0.04 s
Iteration 820/5000: Ground Truth: -59.2113, Best: -58.4881, Current: -55.9678, Acceptance: 73.66%, Time: 0.07 s
Iteration 830/5000: Ground Truth: -59.2113, Best: -58.4881, Current: -57.3175, Acceptance: 73.61%, Time: 0.04 s
Iteration 840/5000: Ground Truth: -59.2113, Best: -58.4881, Current: -56.0160, Acceptance: 73.45%, Time: 0.04 s
Iteration 850/5000: Ground Truth: -59.2113, Best: -58.4881, Current: -56.3794, Acceptance: 73.53%, Time: 0.04 s
Iteration 860/5000: Ground Truth: -59.2113, Best: -58.4881, Current: -57.1970, Acceptance: 73.72%, Time: 0.04 s
Iteration 870/5000: Ground Truth: -59.2113, Best: -58.4881, Current: -57.5518, Acceptance: 73.56%, Time: 0.04 s
Iteration 880/5000: Ground Truth: -59.2113, Best: -58.4881, Current: -57.4509, Acceptance: 73.64%, Time: 0.04 s
Iteration 890/5000: Ground Truth: -59.2113, Best: -58.4881, Current: -56.8983, Acceptance: 73.71%, Time: 0.04 s
Iteration 900/5000: Ground Truth: -59.2113, Best: -58.4881, Current: -56.7793, Acceptance: 73.78%, Time: 0.04 s
Iteration 910/5000: Ground Truth: -59.2113, Best: -58.4881, Current: -57.3794, Acceptance: 73.85%, Time: 0.04 s
Iteration 920/5000: Ground Truth: -59.2113, Best: -58.4881, Current: -57.8520, Acceptance: 73.91%, Time: 0.04 s
Iteration 930/5000: Ground Truth: -59.2113, Best: -58.4881, Current: -58.0447, Acceptance: 73.55%, Time: 0.04 s
Iteration 940/5000: Ground Truth: -59.2113, Best: -58.4881, Current: -57.9351, Acceptance: 73.51%, Time: 0.04 s
Iteration 950/5000: Ground Truth: -59.2113, Best: -58.4881, Current: -57.5576, Acceptance: 73.68%, Time: 0.04 s
Iteration 960/5000: Ground Truth: -59.2113, Best: -58.4881, Current: -57.1731, Acceptance: 73.65%, Time: 0.04 s
Iteration 970/5000: Ground Truth: -59.2113, Best: -58.4881, Current: -57.5164, Acceptance: 73.71%, Time: 0.04 s
Iteration 980/5000: Ground Truth: -59.2113, Best: -58.4881, Current: -57.2922, Acceptance: 73.67%, Time: 0.04 s
Iteration 990/5000: Ground Truth: -59.2113, Best: -58.4881, Current: -57.0679, Acceptance: 73.84%, Time: 0.04 s
Iteration 1000/5000: Ground Truth: -59.2113, Best: -58.4881, Current: -57.1463, Acceptance: 73.80%, Time: 0.04 s
Iteration 1010/5000: Ground Truth: -59.2113, Best: -58.4881, Current: -56.3444, Acceptance: 73.96%, Time: 0.04 s
Iteration 1020/5000: Ground Truth: -59.2113, Best: -58.4881, Current: -56.4001, Acceptance: 73.92%, Time: 0.04 s
Iteration 1030/5000: Ground Truth: -59.2113, Best: -58.4881, Current: -56.5162, Acceptance: 73.98%, Time: 0.04 s
Iteration 1040/5000: Ground Truth: -59.2113, Best: -58.4881, Current: -56.9674, Acceptance: 74.13%, Time: 0.04 s
Iteration 1050/5000: Ground Truth: -59.2113, Best: -58.4881, Current: -56.4483, Acceptance: 74.10%, Time: 0.04 s
Iteration 1060/5000: Ground Truth: -59.2113, Best: -58.4881, Current: -54.9779, Acceptance: 74.25%, Time: 0.07 s
Iteration 1070/5000: Ground Truth: -59.2113, Best: -58.4881, Current: -57.7272, Acceptance: 74.21%, Time: 0.04 s
Iteration 1080/5000: Ground Truth: -59.2113, Best: -58.4881, Current: -57.3023, Acceptance: 74.26%, Time: 0.04 s
Iteration 1090/5000: Ground Truth: -59.2113, Best: -58.4881, Current: -57.5413, Acceptance: 74.50%, Time: 0.04 s
Iteration 1100/5000: Ground Truth: -59.2113, Best: -58.4881, Current: -57.1535, Acceptance: 74.36%, Time: 0.04 s
Iteration 1110/5000: Ground Truth: -59.2113, Best: -58.4881, Current: -55.8713, Acceptance: 74.14%, Time: 0.07 s
  *** New best: -58.4917 eV
Iteration 1120/5000: Ground Truth: -59.2113, Best: -58.4917, Current: -56.4282, Acceptance: 74.20%, Time: 0.04 s
Iteration 1130/5000: Ground Truth: -59.2113, Best: -58.4917, Current: -56.1168, Acceptance: 74.42%, Time: 0.04 s
Iteration 1140/5000: Ground Truth: -59.2113, Best: -58.4917, Current: -55.2350, Acceptance: 74.56%, Time: 0.07 s
Iteration 1150/5000: Ground Truth: -59.2113, Best: -58.4917, Current: -56.4076, Acceptance: 74.52%, Time: 0.04 s
Iteration 1160/5000: Ground Truth: -59.2113, Best: -58.4917, Current: -56.5489, Acceptance: 74.57%, Time: 0.04 s
Iteration 1170/5000: Ground Truth: -59.2113, Best: -58.4917, Current: -55.9216, Acceptance: 74.79%, Time: 0.04 s
Iteration 1180/5000: Ground Truth: -59.2113, Best: -58.4917, Current: -55.5514, Acceptance: 74.75%, Time: 0.04 s
Iteration 1190/5000: Ground Truth: -59.2113, Best: -58.4917, Current: -56.7939, Acceptance: 74.87%, Time: 0.04 s
Iteration 1200/5000: Ground Truth: -59.2113, Best: -58.4917, Current: -56.4322, Acceptance: 74.83%, Time: 0.04 s
Iteration 1210/5000: Ground Truth: -59.2113, Best: -58.4917, Current: -55.7697, Acceptance: 74.79%, Time: 0.04 s
Iteration 1220/5000: Ground Truth: -59.2113, Best: -58.4917, Current: -56.3425, Acceptance: 75.00%, Time: 0.04 s
Iteration 1230/5000: Ground Truth: -59.2113, Best: -58.4917, Current: -55.8866, Acceptance: 75.04%, Time: 0.04 s
Iteration 1240/5000: Ground Truth: -59.2113, Best: -58.4917, Current: -57.0459, Acceptance: 75.08%, Time: 0.04 s
Iteration 1250/5000: Ground Truth: -59.2113, Best: -58.4917, Current: -57.0858, Acceptance: 75.04%, Time: 0.04 s
Iteration 1260/5000: Ground Truth: -59.2113, Best: -58.4917, Current: -55.3235, Acceptance: 75.00%, Time: 0.04 s
Iteration 1270/5000: Ground Truth: -59.2113, Best: -58.4917, Current: -57.1759, Acceptance: 74.96%, Time: 0.04 s
Iteration 1280/5000: Ground Truth: -59.2113, Best: -58.4917, Current: -57.6840, Acceptance: 74.84%, Time: 0.04 s
Iteration 1290/5000: Ground Truth: -59.2113, Best: -58.4917, Current: -57.4830, Acceptance: 74.96%, Time: 0.04 s
  *** New best: -58.4923 eV
Iteration 1300/5000: Ground Truth: -59.2113, Best: -58.4923, Current: -57.8573, Acceptance: 74.85%, Time: 0.04 s
Iteration 1310/5000: Ground Truth: -59.2113, Best: -58.4923, Current: -58.0188, Acceptance: 74.66%, Time: 0.04 s
Iteration 1320/5000: Ground Truth: -59.2113, Best: -58.4923, Current: -57.3767, Acceptance: 74.77%, Time: 0.04 s
Iteration 1330/5000: Ground Truth: -59.2113, Best: -58.4923, Current: -55.9889, Acceptance: 74.74%, Time: 0.04 s
Iteration 1340/5000: Ground Truth: -59.2113, Best: -58.4923, Current: -57.3735, Acceptance: 74.70%, Time: 0.04 s
Iteration 1350/5000: Ground Truth: -59.2113, Best: -58.4923, Current: -56.7531, Acceptance: 74.59%, Time: 0.04 s
Iteration 1360/5000: Ground Truth: -59.2113, Best: -58.4923, Current: -57.1847, Acceptance: 74.71%, Time: 0.04 s
  *** New best: -58.4962 eV
Iteration 1370/5000: Ground Truth: -59.2113, Best: -58.4962, Current: -55.6913, Acceptance: 74.82%, Time: 0.04 s
Iteration 1380/5000: Ground Truth: -59.2113, Best: -58.4962, Current: -57.6984, Acceptance: 74.78%, Time: 0.04 s
Iteration 1390/5000: Ground Truth: -59.2113, Best: -58.4962, Current: -56.7962, Acceptance: 74.75%, Time: 0.04 s
Iteration 1400/5000: Ground Truth: -59.2113, Best: -58.4962, Current: -57.3306, Acceptance: 74.71%, Time: 0.04 s
Iteration 1410/5000: Ground Truth: -59.2113, Best: -58.4962, Current: -56.4238, Acceptance: 74.68%, Time: 0.04 s
Iteration 1420/5000: Ground Truth: -59.2113, Best: -58.4962, Current: -54.8727, Acceptance: 74.86%, Time: 0.04 s
Iteration 1430/5000: Ground Truth: -59.2113, Best: -58.4962, Current: -55.8045, Acceptance: 74.97%, Time: 0.04 s
Iteration 1440/5000: Ground Truth: -59.2113, Best: -58.4962, Current: -57.6227, Acceptance: 74.93%, Time: 0.04 s
Iteration 1450/5000: Ground Truth: -59.2113, Best: -58.4962, Current: -57.7062, Acceptance: 74.83%, Time: 0.04 s
  *** New best: -58.5108 eV
Iteration 1460/5000: Ground Truth: -59.2113, Best: -58.5108, Current: -56.0934, Acceptance: 75.00%, Time: 0.04 s
Iteration 1470/5000: Ground Truth: -59.2113, Best: -58.5108, Current: -57.0680, Acceptance: 75.03%, Time: 0.04 s
  *** New best: -58.5132 eV
Iteration 1480/5000: Ground Truth: -59.2113, Best: -58.5132, Current: -57.1172, Acceptance: 75.07%, Time: 0.04 s
Iteration 1490/5000: Ground Truth: -59.2113, Best: -58.5132, Current: -57.6942, Acceptance: 74.90%, Time: 0.04 s
  *** New best: -58.5227 eV
Iteration 1500/5000: Ground Truth: -59.2113, Best: -58.5227, Current: -58.0470, Acceptance: 74.87%, Time: 0.04 s
Iteration 1510/5000: Ground Truth: -59.2113, Best: -58.5227, Current: -57.1227, Acceptance: 74.70%, Time: 0.04 s
Iteration 1520/5000: Ground Truth: -59.2113, Best: -58.5227, Current: -57.1937, Acceptance: 74.67%, Time: 0.04 s
  *** New best: -58.5257 eV
Iteration 1530/5000: Ground Truth: -59.2113, Best: -58.5257, Current: -56.9667, Acceptance: 74.77%, Time: 0.04 s
  *** New best: -58.5275 eV
Iteration 1540/5000: Ground Truth: -59.2113, Best: -58.5275, Current: -55.1741, Acceptance: 74.87%, Time: 0.04 s
Iteration 1550/5000: Ground Truth: -59.2113, Best: -58.5275, Current: -57.6072, Acceptance: 74.84%, Time: 0.04 s
Iteration 1560/5000: Ground Truth: -59.2113, Best: -58.5275, Current: -55.3927, Acceptance: 74.94%, Time: 0.04 s
Iteration 1570/5000: Ground Truth: -59.2113, Best: -58.5275, Current: -56.8724, Acceptance: 74.90%, Time: 0.04 s
Iteration 1580/5000: Ground Truth: -59.2113, Best: -58.5275, Current: -55.2132, Acceptance: 74.87%, Time: 0.07 s
Iteration 1590/5000: Ground Truth: -59.2113, Best: -58.5275, Current: -56.1227, Acceptance: 74.78%, Time: 0.04 s
Iteration 1600/5000: Ground Truth: -59.2113, Best: -58.5275, Current: -56.9320, Acceptance: 74.75%, Time: 0.04 s
Iteration 1610/5000: Ground Truth: -59.2113, Best: -58.5275, Current: -56.3087, Acceptance: 74.78%, Time: 0.04 s
Iteration 1620/5000: Ground Truth: -59.2113, Best: -58.5275, Current: -55.4801, Acceptance: 74.75%, Time: 0.05 s
Iteration 1630/5000: Ground Truth: -59.2113, Best: -58.5275, Current: -57.2051, Acceptance: 74.66%, Time: 0.04 s
Iteration 1640/5000: Ground Truth: -59.2113, Best: -58.5275, Current: -57.5723, Acceptance: 74.51%, Time: 0.04 s
Iteration 1650/5000: Ground Truth: -59.2113, Best: -58.5275, Current: -55.6580, Acceptance: 74.48%, Time: 0.04 s
Iteration 1660/5000: Ground Truth: -59.2113, Best: -58.5275, Current: -55.4377, Acceptance: 74.52%, Time: 0.04 s
Iteration 1670/5000: Ground Truth: -59.2113, Best: -58.5275, Current: -57.0921, Acceptance: 74.49%, Time: 0.04 s
  *** New best: -58.5335 eV
Iteration 1680/5000: Ground Truth: -59.2113, Best: -58.5335, Current: -57.2993, Acceptance: 74.40%, Time: 0.04 s
Iteration 1690/5000: Ground Truth: -59.2113, Best: -58.5335, Current: -57.0787, Acceptance: 74.44%, Time: 0.04 s
Iteration 1700/5000: Ground Truth: -59.2113, Best: -58.5335, Current: -56.1814, Acceptance: 74.53%, Time: 0.04 s
Iteration 1710/5000: Ground Truth: -59.2113, Best: -58.5335, Current: -56.8436, Acceptance: 74.62%, Time: 0.04 s
Iteration 1720/5000: Ground Truth: -59.2113, Best: -58.5335, Current: -56.6950, Acceptance: 74.77%, Time: 0.04 s
Iteration 1730/5000: Ground Truth: -59.2113, Best: -58.5335, Current: -56.1738, Acceptance: 74.86%, Time: 0.05 s
Iteration 1740/5000: Ground Truth: -59.2113, Best: -58.5335, Current: -57.6894, Acceptance: 74.89%, Time: 0.04 s
Iteration 1750/5000: Ground Truth: -59.2113, Best: -58.5335, Current: -56.6419, Acceptance: 74.97%, Time: 0.04 s
Iteration 1760/5000: Ground Truth: -59.2113, Best: -58.5335, Current: -56.3226, Acceptance: 75.00%, Time: 0.04 s
Iteration 1770/5000: Ground Truth: -59.2113, Best: -58.5335, Current: -57.2305, Acceptance: 74.97%, Time: 0.04 s
Iteration 1780/5000: Ground Truth: -59.2113, Best: -58.5335, Current: -57.9931, Acceptance: 74.83%, Time: 0.04 s
Iteration 1790/5000: Ground Truth: -59.2113, Best: -58.5335, Current: -57.5220, Acceptance: 74.86%, Time: 0.04 s
Iteration 1800/5000: Ground Truth: -59.2113, Best: -58.5335, Current: -56.7529, Acceptance: 74.83%, Time: 0.04 s
Iteration 1810/5000: Ground Truth: -59.2113, Best: -58.5335, Current: -57.2354, Acceptance: 74.75%, Time: 0.04 s
Iteration 1820/5000: Ground Truth: -59.2113, Best: -58.5335, Current: -57.9632, Acceptance: 74.56%, Time: 0.04 s
Iteration 1830/5000: Ground Truth: -59.2113, Best: -58.5335, Current: -57.5303, Acceptance: 74.48%, Time: 0.04 s
Iteration 1840/5000: Ground Truth: -59.2113, Best: -58.5335, Current: -56.9421, Acceptance: 74.51%, Time: 0.04 s
Iteration 1850/5000: Ground Truth: -59.2113, Best: -58.5335, Current: -54.5329, Acceptance: 74.59%, Time: 0.04 s
Iteration 1860/5000: Ground Truth: -59.2113, Best: -58.5335, Current: -57.1027, Acceptance: 74.62%, Time: 0.04 s
Iteration 1870/5000: Ground Truth: -59.2113, Best: -58.5335, Current: -57.1995, Acceptance: 74.71%, Time: 0.04 s
Iteration 1880/5000: Ground Truth: -59.2113, Best: -58.5335, Current: -57.9452, Acceptance: 74.73%, Time: 0.04 s
Iteration 1890/5000: Ground Truth: -59.2113, Best: -58.5335, Current: -57.0952, Acceptance: 74.76%, Time: 0.04 s
Iteration 1900/5000: Ground Truth: -59.2113, Best: -58.5335, Current: -56.8102, Acceptance: 74.84%, Time: 0.04 s
Iteration 1910/5000: Ground Truth: -59.2113, Best: -58.5335, Current: -56.5184, Acceptance: 74.87%, Time: 0.04 s
Iteration 1920/5000: Ground Truth: -59.2113, Best: -58.5335, Current: -55.4720, Acceptance: 74.84%, Time: 0.07 s
Iteration 1930/5000: Ground Truth: -59.2113, Best: -58.5335, Current: -57.6568, Acceptance: 74.77%, Time: 0.04 s
Iteration 1940/5000: Ground Truth: -59.2113, Best: -58.5335, Current: -56.7898, Acceptance: 74.79%, Time: 0.04 s
Iteration 1950/5000: Ground Truth: -59.2113, Best: -58.5335, Current: -56.7513, Acceptance: 74.82%, Time: 0.04 s
Iteration 1960/5000: Ground Truth: -59.2113, Best: -58.5335, Current: -57.3847, Acceptance: 74.90%, Time: 0.04 s
Iteration 1970/5000: Ground Truth: -59.2113, Best: -58.5335, Current: -56.9637, Acceptance: 74.92%, Time: 0.04 s
Iteration 1980/5000: Ground Truth: -59.2113, Best: -58.5335, Current: -57.6757, Acceptance: 74.80%, Time: 0.04 s
Iteration 1990/5000: Ground Truth: -59.2113, Best: -58.5335, Current: -57.3331, Acceptance: 74.87%, Time: 0.04 s
Iteration 2000/5000: Ground Truth: -59.2113, Best: -58.5335, Current: -55.2626, Acceptance: 74.90%, Time: 0.07 s
Iteration 2010/5000: Ground Truth: -59.2113, Best: -58.5335, Current: -56.0140, Acceptance: 74.88%, Time: 0.04 s
Iteration 2020/5000: Ground Truth: -59.2113, Best: -58.5335, Current: -56.4818, Acceptance: 74.90%, Time: 0.04 s
Iteration 2030/5000: Ground Truth: -59.2113, Best: -58.5335, Current: -56.6125, Acceptance: 74.93%, Time: 0.04 s
Iteration 2040/5000: Ground Truth: -59.2113, Best: -58.5335, Current: -56.3168, Acceptance: 74.90%, Time: 0.04 s
Iteration 2050/5000: Ground Truth: -59.2113, Best: -58.5335, Current: -57.0957, Acceptance: 74.78%, Time: 0.07 s
Iteration 2060/5000: Ground Truth: -59.2113, Best: -58.5335, Current: -57.1058, Acceptance: 74.85%, Time: 0.04 s
Iteration 2070/5000: Ground Truth: -59.2113, Best: -58.5335, Current: -57.7934, Acceptance: 74.88%, Time: 0.04 s
Iteration 2080/5000: Ground Truth: -59.2113, Best: -58.5335, Current: -56.8110, Acceptance: 74.95%, Time: 0.04 s
Iteration 2090/5000: Ground Truth: -59.2113, Best: -58.5335, Current: -56.4493, Acceptance: 74.98%, Time: 0.04 s
Iteration 2100/5000: Ground Truth: -59.2113, Best: -58.5335, Current: -58.0110, Acceptance: 74.90%, Time: 0.04 s
Iteration 2110/5000: Ground Truth: -59.2113, Best: -58.5335, Current: -57.4979, Acceptance: 74.83%, Time: 0.04 s
Iteration 2120/5000: Ground Truth: -59.2113, Best: -58.5335, Current: -56.8018, Acceptance: 74.86%, Time: 0.04 s
Iteration 2130/5000: Ground Truth: -59.2113, Best: -58.5335, Current: -56.8430, Acceptance: 74.79%, Time: 0.04 s
Iteration 2140/5000: Ground Truth: -59.2113, Best: -58.5335, Current: -57.0866, Acceptance: 74.72%, Time: 0.07 s
Iteration 2150/5000: Ground Truth: -59.2113, Best: -58.5335, Current: -57.6500, Acceptance: 74.74%, Time: 0.04 s
Iteration 2160/5000: Ground Truth: -59.2113, Best: -58.5335, Current: -57.6448, Acceptance: 74.72%, Time: 0.04 s
Iteration 2170/5000: Ground Truth: -59.2113, Best: -58.5335, Current: -55.6790, Acceptance: 74.79%, Time: 0.04 s
Iteration 2180/5000: Ground Truth: -59.2113, Best: -58.5335, Current: -57.2488, Acceptance: 74.77%, Time: 0.04 s
Iteration 2190/5000: Ground Truth: -59.2113, Best: -58.5335, Current: -57.0657, Acceptance: 74.79%, Time: 0.04 s
Iteration 2200/5000: Ground Truth: -59.2113, Best: -58.5335, Current: -57.2874, Acceptance: 74.82%, Time: 0.04 s
Iteration 2210/5000: Ground Truth: -59.2113, Best: -58.5335, Current: -56.2961, Acceptance: 74.93%, Time: 0.04 s
Iteration 2220/5000: Ground Truth: -59.2113, Best: -58.5335, Current: -56.5982, Acceptance: 74.82%, Time: 0.04 s
Iteration 2230/5000: Ground Truth: -59.2113, Best: -58.5335, Current: -57.9006, Acceptance: 74.80%, Time: 0.04 s
Iteration 2240/5000: Ground Truth: -59.2113, Best: -58.5335, Current: -57.4562, Acceptance: 74.78%, Time: 0.04 s
Iteration 2250/5000: Ground Truth: -59.2113, Best: -58.5335, Current: -57.2536, Acceptance: 74.76%, Time: 0.04 s
Iteration 2260/5000: Ground Truth: -59.2113, Best: -58.5335, Current: -57.3976, Acceptance: 74.60%, Time: 0.04 s
Iteration 2270/5000: Ground Truth: -59.2113, Best: -58.5335, Current: -57.0342, Acceptance: 74.58%, Time: 0.04 s
Iteration 2280/5000: Ground Truth: -59.2113, Best: -58.5335, Current: -57.1495, Acceptance: 74.65%, Time: 0.04 s
Iteration 2290/5000: Ground Truth: -59.2113, Best: -58.5335, Current: -56.6533, Acceptance: 74.72%, Time: 0.04 s
Iteration 2300/5000: Ground Truth: -59.2113, Best: -58.5335, Current: -57.1523, Acceptance: 74.70%, Time: 0.04 s
Iteration 2310/5000: Ground Truth: -59.2113, Best: -58.5335, Current: -58.3749, Acceptance: 74.59%, Time: 0.04 s
Iteration 2320/5000: Ground Truth: -59.2113, Best: -58.5335, Current: -56.1505, Acceptance: 74.57%, Time: 0.07 s
Iteration 2330/5000: Ground Truth: -59.2113, Best: -58.5335, Current: -58.3142, Acceptance: 74.46%, Time: 0.04 s
Iteration 2340/5000: Ground Truth: -59.2113, Best: -58.5335, Current: -56.0762, Acceptance: 74.49%, Time: 0.04 s
Iteration 2350/5000: Ground Truth: -59.2113, Best: -58.5335, Current: -57.1995, Acceptance: 74.38%, Time: 0.04 s
Iteration 2360/5000: Ground Truth: -59.2113, Best: -58.5335, Current: -57.0368, Acceptance: 74.36%, Time: 0.04 s
Iteration 2370/5000: Ground Truth: -59.2113, Best: -58.5335, Current: -57.4754, Acceptance: 74.39%, Time: 0.04 s
Iteration 2380/5000: Ground Truth: -59.2113, Best: -58.5335, Current: -56.4707, Acceptance: 74.33%, Time: 0.04 s
Iteration 2390/5000: Ground Truth: -59.2113, Best: -58.5335, Current: -57.6265, Acceptance: 74.31%, Time: 0.04 s
Iteration 2400/5000: Ground Truth: -59.2113, Best: -58.5335, Current: -56.6629, Acceptance: 74.29%, Time: 0.04 s
Iteration 2410/5000: Ground Truth: -59.2113, Best: -58.5335, Current: -56.7860, Acceptance: 74.32%, Time: 0.04 s
Iteration 2420/5000: Ground Truth: -59.2113, Best: -58.5335, Current: -55.3351, Acceptance: 74.30%, Time: 0.04 s
Iteration 2430/5000: Ground Truth: -59.2113, Best: -58.5335, Current: -56.5830, Acceptance: 74.24%, Time: 0.04 s
Iteration 2440/5000: Ground Truth: -59.2113, Best: -58.5335, Current: -56.9189, Acceptance: 74.18%, Time: 0.04 s
Iteration 2450/5000: Ground Truth: -59.2113, Best: -58.5335, Current: -56.0258, Acceptance: 74.16%, Time: 0.06 s
Iteration 2460/5000: Ground Truth: -59.2113, Best: -58.5335, Current: -58.2163, Acceptance: 74.15%, Time: 0.04 s
Iteration 2470/5000: Ground Truth: -59.2113, Best: -58.5335, Current: -56.5506, Acceptance: 74.21%, Time: 0.04 s
Iteration 2480/5000: Ground Truth: -59.2113, Best: -58.5335, Current: -56.6984, Acceptance: 74.27%, Time: 0.04 s
Iteration 2490/5000: Ground Truth: -59.2113, Best: -58.5335, Current: -56.7492, Acceptance: 74.26%, Time: 0.04 s
Iteration 2500/5000: Ground Truth: -59.2113, Best: -58.5335, Current: -56.6803, Acceptance: 74.20%, Time: 0.04 s
Iteration 2510/5000: Ground Truth: -59.2113, Best: -58.5335, Current: -57.5417, Acceptance: 74.30%, Time: 0.04 s
Iteration 2520/5000: Ground Truth: -59.2113, Best: -58.5335, Current: -54.4986, Acceptance: 74.33%, Time: 0.07 s
Iteration 2530/5000: Ground Truth: -59.2113, Best: -58.5335, Current: -56.2311, Acceptance: 74.39%, Time: 0.04 s
Iteration 2540/5000: Ground Truth: -59.2113, Best: -58.5335, Current: -57.8835, Acceptance: 74.45%, Time: 0.04 s
Iteration 2550/5000: Ground Truth: -59.2113, Best: -58.5335, Current: -55.1830, Acceptance: 74.43%, Time: 0.04 s
Iteration 2560/5000: Ground Truth: -59.2113, Best: -58.5335, Current: -56.5305, Acceptance: 74.49%, Time: 0.04 s
Iteration 2570/5000: Ground Truth: -59.2113, Best: -58.5335, Current: -56.3145, Acceptance: 74.51%, Time: 0.07 s
Iteration 2580/5000: Ground Truth: -59.2113, Best: -58.5335, Current: -57.9110, Acceptance: 74.46%, Time: 0.07 s
Iteration 2590/5000: Ground Truth: -59.2113, Best: -58.5335, Current: -56.7062, Acceptance: 74.36%, Time: 0.04 s
Iteration 2600/5000: Ground Truth: -59.2113, Best: -58.5335, Current: -57.1123, Acceptance: 74.38%, Time: 0.04 s
Iteration 2610/5000: Ground Truth: -59.2113, Best: -58.5335, Current: -57.6121, Acceptance: 74.33%, Time: 0.04 s
Iteration 2620/5000: Ground Truth: -59.2113, Best: -58.5335, Current: -57.2723, Acceptance: 74.35%, Time: 0.04 s
Iteration 2630/5000: Ground Truth: -59.2113, Best: -58.5335, Current: -57.5585, Acceptance: 74.33%, Time: 0.04 s
Iteration 2640/5000: Ground Truth: -59.2113, Best: -58.5335, Current: -57.0224, Acceptance: 74.36%, Time: 0.04 s
Iteration 2650/5000: Ground Truth: -59.2113, Best: -58.5335, Current: -54.8854, Acceptance: 74.42%, Time: 0.04 s
Iteration 2660/5000: Ground Truth: -59.2113, Best: -58.5335, Current: -55.1872, Acceptance: 74.40%, Time: 0.07 s
Iteration 2670/5000: Ground Truth: -59.2113, Best: -58.5335, Current: -56.2744, Acceptance: 74.38%, Time: 0.04 s
Iteration 2680/5000: Ground Truth: -59.2113, Best: -58.5335, Current: -57.0037, Acceptance: 74.37%, Time: 0.04 s
Iteration 2690/5000: Ground Truth: -59.2113, Best: -58.5335, Current: -57.4813, Acceptance: 74.46%, Time: 0.04 s
Iteration 2700/5000: Ground Truth: -59.2113, Best: -58.5335, Current: -56.8743, Acceptance: 74.44%, Time: 0.04 s
Iteration 2710/5000: Ground Truth: -59.2113, Best: -58.5335, Current: -57.1065, Acceptance: 74.50%, Time: 0.04 s
Iteration 2720/5000: Ground Truth: -59.2113, Best: -58.5335, Current: -57.2735, Acceptance: 74.45%, Time: 0.07 s
Iteration 2730/5000: Ground Truth: -59.2113, Best: -58.5335, Current: -57.6730, Acceptance: 74.36%, Time: 0.04 s
Iteration 2740/5000: Ground Truth: -59.2113, Best: -58.5335, Current: -57.7916, Acceptance: 74.34%, Time: 0.04 s
Iteration 2750/5000: Ground Truth: -59.2113, Best: -58.5335, Current: -55.8855, Acceptance: 74.40%, Time: 0.04 s
Iteration 2760/5000: Ground Truth: -59.2113, Best: -58.5335, Current: -55.6924, Acceptance: 74.38%, Time: 0.07 s
Iteration 2770/5000: Ground Truth: -59.2113, Best: -58.5335, Current: -58.2029, Acceptance: 74.30%, Time: 0.07 s
Iteration 2780/5000: Ground Truth: -59.2113, Best: -58.5335, Current: -56.7059, Acceptance: 74.28%, Time: 0.04 s
Iteration 2790/5000: Ground Truth: -59.2113, Best: -58.5335, Current: -57.0323, Acceptance: 74.19%, Time: 0.04 s
Iteration 2800/5000: Ground Truth: -59.2113, Best: -58.5335, Current: -57.7926, Acceptance: 74.14%, Time: 0.04 s
Iteration 2810/5000: Ground Truth: -59.2113, Best: -58.5335, Current: -56.8182, Acceptance: 74.09%, Time: 0.04 s
Iteration 2820/5000: Ground Truth: -59.2113, Best: -58.5335, Current: -56.2932, Acceptance: 74.11%, Time: 0.07 s
Iteration 2830/5000: Ground Truth: -59.2113, Best: -58.5335, Current: -56.2495, Acceptance: 74.20%, Time: 0.04 s
Iteration 2840/5000: Ground Truth: -59.2113, Best: -58.5335, Current: -57.4364, Acceptance: 74.19%, Time: 0.04 s
Iteration 2850/5000: Ground Truth: -59.2113, Best: -58.5335, Current: -56.3985, Acceptance: 74.18%, Time: 0.04 s
Iteration 2860/5000: Ground Truth: -59.2113, Best: -58.5335, Current: -57.0272, Acceptance: 74.23%, Time: 0.04 s
Iteration 2870/5000: Ground Truth: -59.2113, Best: -58.5335, Current: -58.1286, Acceptance: 74.25%, Time: 0.04 s
Iteration 2880/5000: Ground Truth: -59.2113, Best: -58.5335, Current: -57.3579, Acceptance: 74.27%, Time: 0.04 s
Iteration 2890/5000: Ground Truth: -59.2113, Best: -58.5335, Current: -56.7469, Acceptance: 74.29%, Time: 0.04 s
Iteration 2900/5000: Ground Truth: -59.2113, Best: -58.5335, Current: -57.2754, Acceptance: 74.28%, Time: 0.04 s
Iteration 2910/5000: Ground Truth: -59.2113, Best: -58.5335, Current: -57.0480, Acceptance: 74.26%, Time: 0.04 s
Iteration 2920/5000: Ground Truth: -59.2113, Best: -58.5335, Current: -54.5065, Acceptance: 74.21%, Time: 0.04 s
Iteration 2930/5000: Ground Truth: -59.2113, Best: -58.5335, Current: -57.0546, Acceptance: 74.23%, Time: 0.04 s
Iteration 2940/5000: Ground Truth: -59.2113, Best: -58.5335, Current: -56.5745, Acceptance: 74.25%, Time: 0.04 s
Iteration 2950/5000: Ground Truth: -59.2113, Best: -58.5335, Current: -57.1551, Acceptance: 74.27%, Time: 0.04 s
Iteration 2960/5000: Ground Truth: -59.2113, Best: -58.5335, Current: -57.0514, Acceptance: 74.32%, Time: 0.04 s
Iteration 2970/5000: Ground Truth: -59.2113, Best: -58.5335, Current: -56.5132, Acceptance: 74.28%, Time: 0.04 s
Iteration 2980/5000: Ground Truth: -59.2113, Best: -58.5335, Current: -57.3713, Acceptance: 74.26%, Time: 0.04 s
Iteration 2990/5000: Ground Truth: -59.2113, Best: -58.5335, Current: -57.3761, Acceptance: 74.25%, Time: 0.04 s
Iteration 3000/5000: Ground Truth: -59.2113, Best: -58.5335, Current: -57.8569, Acceptance: 74.17%, Time: 0.04 s
Iteration 3010/5000: Ground Truth: -59.2113, Best: -58.5335, Current: -57.6910, Acceptance: 74.15%, Time: 0.07 s
Iteration 3020/5000: Ground Truth: -59.2113, Best: -58.5335, Current: -57.7845, Acceptance: 74.14%, Time: 0.04 s
Iteration 3030/5000: Ground Truth: -59.2113, Best: -58.5335, Current: -56.6390, Acceptance: 74.22%, Time: 0.04 s
Iteration 3040/5000: Ground Truth: -59.2113, Best: -58.5335, Current: -57.6618, Acceptance: 74.24%, Time: 0.04 s
Iteration 3050/5000: Ground Truth: -59.2113, Best: -58.5335, Current: -56.6886, Acceptance: 74.26%, Time: 0.07 s
Iteration 3060/5000: Ground Truth: -59.2113, Best: -58.5335, Current: -56.2727, Acceptance: 74.22%, Time: 0.04 s
Iteration 3070/5000: Ground Truth: -59.2113, Best: -58.5335, Current: -57.3815, Acceptance: 74.20%, Time: 0.04 s
Iteration 3080/5000: Ground Truth: -59.2113, Best: -58.5335, Current: -57.2383, Acceptance: 74.16%, Time: 0.04 s
Iteration 3090/5000: Ground Truth: -59.2113, Best: -58.5335, Current: -56.7614, Acceptance: 74.21%, Time: 0.04 s
Iteration 3100/5000: Ground Truth: -59.2113, Best: -58.5335, Current: -57.0862, Acceptance: 74.23%, Time: 0.04 s
Iteration 3110/5000: Ground Truth: -59.2113, Best: -58.5335, Current: -57.2496, Acceptance: 74.21%, Time: 0.04 s
Iteration 3120/5000: Ground Truth: -59.2113, Best: -58.5335, Current: -55.7701, Acceptance: 74.23%, Time: 0.04 s
Iteration 3130/5000: Ground Truth: -59.2113, Best: -58.5335, Current: -57.5919, Acceptance: 74.22%, Time: 0.04 s
Iteration 3140/5000: Ground Truth: -59.2113, Best: -58.5335, Current: -57.1668, Acceptance: 74.27%, Time: 0.04 s
Iteration 3150/5000: Ground Truth: -59.2113, Best: -58.5335, Current: -56.7715, Acceptance: 74.29%, Time: 0.04 s
Iteration 3160/5000: Ground Truth: -59.2113, Best: -58.5335, Current: -57.2119, Acceptance: 74.21%, Time: 0.04 s
Iteration 3170/5000: Ground Truth: -59.2113, Best: -58.5335, Current: -57.0780, Acceptance: 74.23%, Time: 0.04 s
Iteration 3180/5000: Ground Truth: -59.2113, Best: -58.5335, Current: -56.6028, Acceptance: 74.21%, Time: 0.04 s
Iteration 3190/5000: Ground Truth: -59.2113, Best: -58.5335, Current: -56.3323, Acceptance: 74.14%, Time: 0.04 s
Iteration 3200/5000: Ground Truth: -59.2113, Best: -58.5335, Current: -55.7941, Acceptance: 74.12%, Time: 0.06 s
Iteration 3210/5000: Ground Truth: -59.2113, Best: -58.5335, Current: -57.8147, Acceptance: 74.17%, Time: 0.07 s
Iteration 3220/5000: Ground Truth: -59.2113, Best: -58.5335, Current: -57.7145, Acceptance: 74.16%, Time: 0.04 s
Iteration 3230/5000: Ground Truth: -59.2113, Best: -58.5335, Current: -56.9039, Acceptance: 74.21%, Time: 0.04 s
Iteration 3240/5000: Ground Truth: -59.2113, Best: -58.5335, Current: -57.7730, Acceptance: 74.14%, Time: 0.04 s
Iteration 3250/5000: Ground Truth: -59.2113, Best: -58.5335, Current: -53.9038, Acceptance: 74.15%, Time: 0.04 s
Iteration 3260/5000: Ground Truth: -59.2113, Best: -58.5335, Current: -57.6658, Acceptance: 74.14%, Time: 0.04 s
Iteration 3270/5000: Ground Truth: -59.2113, Best: -58.5335, Current: -57.7076, Acceptance: 74.10%, Time: 0.04 s
Iteration 3280/5000: Ground Truth: -59.2113, Best: -58.5335, Current: -57.6685, Acceptance: 74.15%, Time: 0.04 s
Iteration 3290/5000: Ground Truth: -59.2113, Best: -58.5335, Current: -57.1558, Acceptance: 74.22%, Time: 0.04 s
Iteration 3300/5000: Ground Truth: -59.2113, Best: -58.5335, Current: -57.3026, Acceptance: 74.27%, Time: 0.04 s
Iteration 3310/5000: Ground Truth: -59.2113, Best: -58.5335, Current: -58.1681, Acceptance: 74.23%, Time: 0.04 s
Iteration 3320/5000: Ground Truth: -59.2113, Best: -58.5335, Current: -56.8536, Acceptance: 74.28%, Time: 0.04 s
Iteration 3330/5000: Ground Truth: -59.2113, Best: -58.5335, Current: -57.9514, Acceptance: 74.23%, Time: 0.04 s
Iteration 3340/5000: Ground Truth: -59.2113, Best: -58.5335, Current: -56.7813, Acceptance: 74.19%, Time: 0.06 s
Iteration 3350/5000: Ground Truth: -59.2113, Best: -58.5335, Current: -56.2180, Acceptance: 74.18%, Time: 0.04 s
Iteration 3360/5000: Ground Truth: -59.2113, Best: -58.5335, Current: -56.3064, Acceptance: 74.26%, Time: 0.04 s
Iteration 3370/5000: Ground Truth: -59.2113, Best: -58.5335, Current: -57.8770, Acceptance: 74.24%, Time: 0.04 s
Iteration 3380/5000: Ground Truth: -59.2113, Best: -58.5335, Current: -57.7832, Acceptance: 74.23%, Time: 0.04 s
Iteration 3390/5000: Ground Truth: -59.2113, Best: -58.5335, Current: -57.3673, Acceptance: 74.31%, Time: 0.04 s
Iteration 3400/5000: Ground Truth: -59.2113, Best: -58.5335, Current: -57.9663, Acceptance: 74.32%, Time: 0.04 s
Iteration 3410/5000: Ground Truth: -59.2113, Best: -58.5335, Current: -58.1207, Acceptance: 74.25%, Time: 0.04 s
Iteration 3420/5000: Ground Truth: -59.2113, Best: -58.5335, Current: -57.5094, Acceptance: 74.15%, Time: 0.04 s
Iteration 3430/5000: Ground Truth: -59.2113, Best: -58.5335, Current: -57.5723, Acceptance: 74.20%, Time: 0.04 s
Iteration 3440/5000: Ground Truth: -59.2113, Best: -58.5335, Current: -58.2439, Acceptance: 74.16%, Time: 0.04 s
Iteration 3450/5000: Ground Truth: -59.2113, Best: -58.5335, Current: -55.9091, Acceptance: 74.14%, Time: 0.07 s
Iteration 3460/5000: Ground Truth: -59.2113, Best: -58.5335, Current: -57.0314, Acceptance: 74.16%, Time: 0.04 s
Iteration 3470/5000: Ground Truth: -59.2113, Best: -58.5335, Current: -57.8157, Acceptance: 74.18%, Time: 0.04 s
Iteration 3480/5000: Ground Truth: -59.2113, Best: -58.5335, Current: -56.1029, Acceptance: 74.11%, Time: 0.04 s
Iteration 3490/5000: Ground Truth: -59.2113, Best: -58.5335, Current: -55.4918, Acceptance: 74.10%, Time: 0.07 s
Iteration 3500/5000: Ground Truth: -59.2113, Best: -58.5335, Current: -57.2382, Acceptance: 74.09%, Time: 0.04 s
Iteration 3510/5000: Ground Truth: -59.2113, Best: -58.5335, Current: -57.7548, Acceptance: 74.07%, Time: 0.04 s
Iteration 3520/5000: Ground Truth: -59.2113, Best: -58.5335, Current: -56.3679, Acceptance: 74.09%, Time: 0.04 s
Iteration 3530/5000: Ground Truth: -59.2113, Best: -58.5335, Current: -56.3179, Acceptance: 74.11%, Time: 0.04 s
Iteration 3540/5000: Ground Truth: -59.2113, Best: -58.5335, Current: -57.1635, Acceptance: 74.12%, Time: 0.04 s
Iteration 3550/5000: Ground Truth: -59.2113, Best: -58.5335, Current: -56.9996, Acceptance: 74.11%, Time: 0.04 s
Iteration 3560/5000: Ground Truth: -59.2113, Best: -58.5335, Current: -57.6259, Acceptance: 74.07%, Time: 0.04 s
Iteration 3570/5000: Ground Truth: -59.2113, Best: -58.5335, Current: -56.7257, Acceptance: 74.09%, Time: 0.07 s
Iteration 3580/5000: Ground Truth: -59.2113, Best: -58.5335, Current: -56.6032, Acceptance: 74.13%, Time: 0.04 s
Iteration 3590/5000: Ground Truth: -59.2113, Best: -58.5335, Current: -56.3443, Acceptance: 74.15%, Time: 0.04 s
Iteration 3600/5000: Ground Truth: -59.2113, Best: -58.5335, Current: -56.6531, Acceptance: 74.08%, Time: 0.04 s
Iteration 3610/5000: Ground Truth: -59.2113, Best: -58.5335, Current: -57.9812, Acceptance: 74.04%, Time: 0.04 s
Iteration 3620/5000: Ground Truth: -59.2113, Best: -58.5335, Current: -57.7516, Acceptance: 73.95%, Time: 0.04 s
Iteration 3630/5000: Ground Truth: -59.2113, Best: -58.5335, Current: -56.5128, Acceptance: 73.99%, Time: 0.04 s
Iteration 3640/5000: Ground Truth: -59.2113, Best: -58.5335, Current: -57.7956, Acceptance: 74.01%, Time: 0.04 s
Iteration 3650/5000: Ground Truth: -59.2113, Best: -58.5335, Current: -57.0226, Acceptance: 74.03%, Time: 0.04 s
Iteration 3660/5000: Ground Truth: -59.2113, Best: -58.5335, Current: -56.7649, Acceptance: 74.02%, Time: 0.04 s
Iteration 3670/5000: Ground Truth: -59.2113, Best: -58.5335, Current: -57.5654, Acceptance: 74.06%, Time: 0.04 s
Iteration 3680/5000: Ground Truth: -59.2113, Best: -58.5335, Current: -55.7394, Acceptance: 74.05%, Time: 0.04 s
Iteration 3690/5000: Ground Truth: -59.2113, Best: -58.5335, Current: -56.4047, Acceptance: 74.07%, Time: 0.04 s
Iteration 3700/5000: Ground Truth: -59.2113, Best: -58.5335, Current: -58.3858, Acceptance: 73.95%, Time: 0.04 s
Iteration 3710/5000: Ground Truth: -59.2113, Best: -58.5335, Current: -55.6191, Acceptance: 73.99%, Time: 0.04 s
Iteration 3720/5000: Ground Truth: -59.2113, Best: -58.5335, Current: -56.9227, Acceptance: 74.06%, Time: 0.04 s
Iteration 3730/5000: Ground Truth: -59.2113, Best: -58.5335, Current: -57.5687, Acceptance: 74.08%, Time: 0.04 s
Iteration 3740/5000: Ground Truth: -59.2113, Best: -58.5335, Current: -57.6280, Acceptance: 74.01%, Time: 0.04 s
Iteration 3750/5000: Ground Truth: -59.2113, Best: -58.5335, Current: -56.8058, Acceptance: 74.00%, Time: 0.04 s
Iteration 3760/5000: Ground Truth: -59.2113, Best: -58.5335, Current: -58.0435, Acceptance: 73.94%, Time: 0.04 s
Iteration 3770/5000: Ground Truth: -59.2113, Best: -58.5335, Current: -55.4328, Acceptance: 73.95%, Time: 0.04 s
Iteration 3780/5000: Ground Truth: -59.2113, Best: -58.5335, Current: -57.6983, Acceptance: 73.89%, Time: 0.04 s
Iteration 3790/5000: Ground Truth: -59.2113, Best: -58.5335, Current: -57.5040, Acceptance: 73.91%, Time: 0.04 s
Iteration 3800/5000: Ground Truth: -59.2113, Best: -58.5335, Current: -56.9439, Acceptance: 73.92%, Time: 0.04 s
Iteration 3810/5000: Ground Truth: -59.2113, Best: -58.5335, Current: -57.3476, Acceptance: 73.88%, Time: 0.04 s
Iteration 3820/5000: Ground Truth: -59.2113, Best: -58.5335, Current: -57.6516, Acceptance: 73.82%, Time: 0.04 s
Iteration 3830/5000: Ground Truth: -59.2113, Best: -58.5335, Current: -56.3354, Acceptance: 73.84%, Time: 0.04 s
Iteration 3840/5000: Ground Truth: -59.2113, Best: -58.5335, Current: -55.8165, Acceptance: 73.83%, Time: 0.04 s
Iteration 3850/5000: Ground Truth: -59.2113, Best: -58.5335, Current: -55.3762, Acceptance: 73.84%, Time: 0.04 s
Iteration 3860/5000: Ground Truth: -59.2113, Best: -58.5335, Current: -56.9608, Acceptance: 73.83%, Time: 0.04 s
Iteration 3870/5000: Ground Truth: -59.2113, Best: -58.5335, Current: -57.5447, Acceptance: 73.80%, Time: 0.04 s
Iteration 3880/5000: Ground Truth: -59.2113, Best: -58.5335, Current: -56.6990, Acceptance: 73.81%, Time: 0.04 s
Iteration 3890/5000: Ground Truth: -59.2113, Best: -58.5335, Current: -55.9530, Acceptance: 73.83%, Time: 0.04 s
Iteration 3900/5000: Ground Truth: -59.2113, Best: -58.5335, Current: -57.6242, Acceptance: 73.85%, Time: 0.04 s
Iteration 3910/5000: Ground Truth: -59.2113, Best: -58.5335, Current: -56.5350, Acceptance: 73.86%, Time: 0.04 s
Iteration 3920/5000: Ground Truth: -59.2113, Best: -58.5335, Current: -57.4264, Acceptance: 73.83%, Time: 0.04 s
Iteration 3930/5000: Ground Truth: -59.2113, Best: -58.5335, Current: -57.2206, Acceptance: 73.84%, Time: 0.04 s
Iteration 3940/5000: Ground Truth: -59.2113, Best: -58.5335, Current: -57.6373, Acceptance: 73.81%, Time: 0.04 s
Iteration 3950/5000: Ground Truth: -59.2113, Best: -58.5335, Current: -57.7040, Acceptance: 73.77%, Time: 0.04 s
Iteration 3960/5000: Ground Truth: -59.2113, Best: -58.5335, Current: -56.4982, Acceptance: 73.81%, Time: 0.04 s
Iteration 3970/5000: Ground Truth: -59.2113, Best: -58.5335, Current: -56.9371, Acceptance: 73.83%, Time: 0.04 s
Iteration 3980/5000: Ground Truth: -59.2113, Best: -58.5335, Current: -56.1082, Acceptance: 73.82%, Time: 0.07 s
Iteration 3990/5000: Ground Truth: -59.2113, Best: -58.5335, Current: -57.4159, Acceptance: 73.81%, Time: 0.04 s
Iteration 4000/5000: Ground Truth: -59.2113, Best: -58.5335, Current: -56.4227, Acceptance: 73.78%, Time: 0.04 s
Iteration 4010/5000: Ground Truth: -59.2113, Best: -58.5335, Current: -57.2587, Acceptance: 73.82%, Time: 0.04 s
Iteration 4020/5000: Ground Truth: -59.2113, Best: -58.5335, Current: -56.8526, Acceptance: 73.83%, Time: 0.04 s
Iteration 4030/5000: Ground Truth: -59.2113, Best: -58.5335, Current: -56.4908, Acceptance: 73.82%, Time: 0.07 s
Iteration 4040/5000: Ground Truth: -59.2113, Best: -58.5335, Current: -57.3851, Acceptance: 73.76%, Time: 0.04 s
Iteration 4050/5000: Ground Truth: -59.2113, Best: -58.5335, Current: -56.2804, Acceptance: 73.80%, Time: 0.04 s
Iteration 4060/5000: Ground Truth: -59.2113, Best: -58.5335, Current: -57.5627, Acceptance: 73.79%, Time: 0.04 s
Iteration 4070/5000: Ground Truth: -59.2113, Best: -58.5335, Current: -57.9766, Acceptance: 73.76%, Time: 0.04 s
Iteration 4080/5000: Ground Truth: -59.2113, Best: -58.5335, Current: -55.6720, Acceptance: 73.77%, Time: 0.04 s
Iteration 4090/5000: Ground Truth: -59.2113, Best: -58.5335, Current: -57.6049, Acceptance: 73.72%, Time: 0.07 s
Iteration 4100/5000: Ground Truth: -59.2113, Best: -58.5335, Current: -57.6978, Acceptance: 73.71%, Time: 0.04 s
Iteration 4110/5000: Ground Truth: -59.2113, Best: -58.5335, Current: -57.8852, Acceptance: 73.70%, Time: 0.04 s
Iteration 4120/5000: Ground Truth: -59.2113, Best: -58.5335, Current: -56.8566, Acceptance: 73.71%, Time: 0.04 s
Iteration 4130/5000: Ground Truth: -59.2113, Best: -58.5335, Current: -57.5829, Acceptance: 73.73%, Time: 0.04 s
Iteration 4140/5000: Ground Truth: -59.2113, Best: -58.5335, Current: -56.4133, Acceptance: 73.77%, Time: 0.04 s
Iteration 4150/5000: Ground Truth: -59.2113, Best: -58.5335, Current: -57.6178, Acceptance: 73.78%, Time: 0.04 s
Iteration 4160/5000: Ground Truth: -59.2113, Best: -58.5335, Current: -57.4436, Acceptance: 73.75%, Time: 0.04 s
Iteration 4170/5000: Ground Truth: -59.2113, Best: -58.5335, Current: -58.0086, Acceptance: 73.69%, Time: 0.04 s
Iteration 4180/5000: Ground Truth: -59.2113, Best: -58.5335, Current: -57.3289, Acceptance: 73.73%, Time: 0.04 s
Iteration 4190/5000: Ground Truth: -59.2113, Best: -58.5335, Current: -56.9570, Acceptance: 73.70%, Time: 0.07 s
Iteration 4200/5000: Ground Truth: -59.2113, Best: -58.5335, Current: -57.5531, Acceptance: 73.69%, Time: 0.04 s
Iteration 4210/5000: Ground Truth: -59.2113, Best: -58.5335, Current: -57.7997, Acceptance: 73.71%, Time: 0.04 s
Iteration 4220/5000: Ground Truth: -59.2113, Best: -58.5335, Current: -57.8443, Acceptance: 73.72%, Time: 0.04 s
Iteration 4230/5000: Ground Truth: -59.2113, Best: -58.5335, Current: -57.8494, Acceptance: 73.74%, Time: 0.04 s
Iteration 4240/5000: Ground Truth: -59.2113, Best: -58.5335, Current: -55.9553, Acceptance: 73.75%, Time: 0.07 s
Iteration 4250/5000: Ground Truth: -59.2113, Best: -58.5335, Current: -56.7888, Acceptance: 73.79%, Time: 0.07 s
Iteration 4260/5000: Ground Truth: -59.2113, Best: -58.5335, Current: -58.2078, Acceptance: 73.73%, Time: 0.04 s
Iteration 4270/5000: Ground Truth: -59.2113, Best: -58.5335, Current: -56.5339, Acceptance: 73.77%, Time: 0.04 s
Iteration 4280/5000: Ground Truth: -59.2113, Best: -58.5335, Current: -55.2567, Acceptance: 73.79%, Time: 0.04 s
Iteration 4290/5000: Ground Truth: -59.2113, Best: -58.5335, Current: -57.5210, Acceptance: 73.80%, Time: 0.04 s
Iteration 4300/5000: Ground Truth: -59.2113, Best: -58.5335, Current: -57.3666, Acceptance: 73.81%, Time: 0.04 s
Iteration 4310/5000: Ground Truth: -59.2113, Best: -58.5335, Current: -56.5905, Acceptance: 73.85%, Time: 0.04 s
Iteration 4320/5000: Ground Truth: -59.2113, Best: -58.5335, Current: -57.0783, Acceptance: 73.84%, Time: 0.04 s
Iteration 4330/5000: Ground Truth: -59.2113, Best: -58.5335, Current: -57.0547, Acceptance: 73.81%, Time: 0.04 s
Iteration 4340/5000: Ground Truth: -59.2113, Best: -58.5335, Current: -54.7277, Acceptance: 73.82%, Time: 0.07 s
Iteration 4350/5000: Ground Truth: -59.2113, Best: -58.5335, Current: -55.9847, Acceptance: 73.86%, Time: 0.04 s
Iteration 4360/5000: Ground Truth: -59.2113, Best: -58.5335, Current: -57.3693, Acceptance: 73.90%, Time: 0.04 s
Iteration 4370/5000: Ground Truth: -59.2113, Best: -58.5335, Current: -57.0134, Acceptance: 73.91%, Time: 0.04 s
Iteration 4380/5000: Ground Truth: -59.2113, Best: -58.5335, Current: -56.3608, Acceptance: 73.93%, Time: 0.04 s
Iteration 4390/5000: Ground Truth: -59.2113, Best: -58.5335, Current: -57.7112, Acceptance: 73.92%, Time: 0.04 s
Iteration 4400/5000: Ground Truth: -59.2113, Best: -58.5335, Current: -56.9251, Acceptance: 73.91%, Time: 0.04 s
Iteration 4410/5000: Ground Truth: -59.2113, Best: -58.5335, Current: -58.1206, Acceptance: 73.90%, Time: 0.04 s
Iteration 4420/5000: Ground Truth: -59.2113, Best: -58.5335, Current: -56.1852, Acceptance: 73.91%, Time: 0.04 s
Iteration 4430/5000: Ground Truth: -59.2113, Best: -58.5335, Current: -56.9325, Acceptance: 73.93%, Time: 0.04 s
Iteration 4440/5000: Ground Truth: -59.2113, Best: -58.5335, Current: -57.7950, Acceptance: 73.92%, Time: 0.04 s
Iteration 4450/5000: Ground Truth: -59.2113, Best: -58.5335, Current: -55.7928, Acceptance: 73.89%, Time: 0.04 s
Iteration 4460/5000: Ground Truth: -59.2113, Best: -58.5335, Current: -56.0902, Acceptance: 73.90%, Time: 0.04 s
Iteration 4470/5000: Ground Truth: -59.2113, Best: -58.5335, Current: -57.4112, Acceptance: 73.89%, Time: 0.04 s
Iteration 4480/5000: Ground Truth: -59.2113, Best: -58.5335, Current: -56.4085, Acceptance: 73.91%, Time: 0.04 s
Iteration 4490/5000: Ground Truth: -59.2113, Best: -58.5335, Current: -58.0169, Acceptance: 73.90%, Time: 0.04 s
Iteration 4500/5000: Ground Truth: -59.2113, Best: -58.5335, Current: -57.6217, Acceptance: 73.89%, Time: 0.04 s
Iteration 4510/5000: Ground Truth: -59.2113, Best: -58.5335, Current: -56.2217, Acceptance: 73.90%, Time: 0.04 s
Iteration 4520/5000: Ground Truth: -59.2113, Best: -58.5335, Current: -56.3187, Acceptance: 73.94%, Time: 0.04 s
Iteration 4530/5000: Ground Truth: -59.2113, Best: -58.5335, Current: -56.6862, Acceptance: 73.97%, Time: 0.04 s
Iteration 4540/5000: Ground Truth: -59.2113, Best: -58.5335, Current: -56.4796, Acceptance: 74.01%, Time: 0.04 s
Iteration 4550/5000: Ground Truth: -59.2113, Best: -58.5335, Current: -56.7091, Acceptance: 74.00%, Time: 0.04 s
Iteration 4560/5000: Ground Truth: -59.2113, Best: -58.5335, Current: -58.0177, Acceptance: 74.06%, Time: 0.04 s
Iteration 4570/5000: Ground Truth: -59.2113, Best: -58.5335, Current: -57.1128, Acceptance: 74.07%, Time: 0.04 s
Iteration 4580/5000: Ground Truth: -59.2113, Best: -58.5335, Current: -54.9728, Acceptance: 74.10%, Time: 0.07 s
Iteration 4590/5000: Ground Truth: -59.2113, Best: -58.5335, Current: -58.2412, Acceptance: 74.07%, Time: 0.04 s
Iteration 4600/5000: Ground Truth: -59.2113, Best: -58.5335, Current: -57.7338, Acceptance: 74.07%, Time: 0.04 s
Iteration 4610/5000: Ground Truth: -59.2113, Best: -58.5335, Current: -57.5458, Acceptance: 74.03%, Time: 0.04 s
Iteration 4620/5000: Ground Truth: -59.2113, Best: -58.5335, Current: -57.7124, Acceptance: 74.03%, Time: 0.04 s
Iteration 4630/5000: Ground Truth: -59.2113, Best: -58.5335, Current: -57.0895, Acceptance: 74.06%, Time: 0.04 s
Iteration 4640/5000: Ground Truth: -59.2113, Best: -58.5335, Current: -57.9376, Acceptance: 74.03%, Time: 0.04 s
Iteration 4650/5000: Ground Truth: -59.2113, Best: -58.5335, Current: -55.5046, Acceptance: 74.04%, Time: 0.04 s
Iteration 4660/5000: Ground Truth: -59.2113, Best: -58.5335, Current: -57.4327, Acceptance: 74.06%, Time: 0.04 s
Iteration 4670/5000: Ground Truth: -59.2113, Best: -58.5335, Current: -55.0170, Acceptance: 74.03%, Time: 0.07 s
Iteration 4680/5000: Ground Truth: -59.2113, Best: -58.5335, Current: -57.5737, Acceptance: 74.06%, Time: 0.04 s
Iteration 4690/5000: Ground Truth: -59.2113, Best: -58.5335, Current: -55.9816, Acceptance: 74.07%, Time: 0.04 s
Iteration 4700/5000: Ground Truth: -59.2113, Best: -58.5335, Current: -57.1490, Acceptance: 74.06%, Time: 0.04 s
Iteration 4710/5000: Ground Truth: -59.2113, Best: -58.5335, Current: -57.1350, Acceptance: 74.08%, Time: 0.04 s
Iteration 4720/5000: Ground Truth: -59.2113, Best: -58.5335, Current: -56.4719, Acceptance: 74.09%, Time: 0.04 s
Iteration 4730/5000: Ground Truth: -59.2113, Best: -58.5335, Current: -57.6121, Acceptance: 74.08%, Time: 0.07 s
Iteration 4740/5000: Ground Truth: -59.2113, Best: -58.5335, Current: -56.7994, Acceptance: 74.11%, Time: 0.04 s
Iteration 4750/5000: Ground Truth: -59.2113, Best: -58.5335, Current: -56.0401, Acceptance: 74.17%, Time: 0.04 s
Iteration 4760/5000: Ground Truth: -59.2113, Best: -58.5335, Current: -57.9528, Acceptance: 74.14%, Time: 0.04 s
Iteration 4770/5000: Ground Truth: -59.2113, Best: -58.5335, Current: -57.0249, Acceptance: 74.11%, Time: 0.04 s
Iteration 4780/5000: Ground Truth: -59.2113, Best: -58.5335, Current: -57.9834, Acceptance: 74.10%, Time: 0.04 s
Iteration 4790/5000: Ground Truth: -59.2113, Best: -58.5335, Current: -57.5607, Acceptance: 74.09%, Time: 0.04 s
Iteration 4800/5000: Ground Truth: -59.2113, Best: -58.5335, Current: -56.9052, Acceptance: 74.10%, Time: 0.04 s
Iteration 4810/5000: Ground Truth: -59.2113, Best: -58.5335, Current: -55.5072, Acceptance: 74.14%, Time: 0.04 s
Iteration 4820/5000: Ground Truth: -59.2113, Best: -58.5335, Current: -58.1109, Acceptance: 74.13%, Time: 0.04 s
Iteration 4830/5000: Ground Truth: -59.2113, Best: -58.5335, Current: -57.2003, Acceptance: 74.14%, Time: 0.04 s
Iteration 4840/5000: Ground Truth: -59.2113, Best: -58.5335, Current: -57.6667, Acceptance: 74.15%, Time: 0.04 s
Iteration 4850/5000: Ground Truth: -59.2113, Best: -58.5335, Current: -57.5518, Acceptance: 74.14%, Time: 0.04 s
Iteration 4860/5000: Ground Truth: -59.2113, Best: -58.5335, Current: -57.8665, Acceptance: 74.16%, Time: 0.04 s
Iteration 4870/5000: Ground Truth: -59.2113, Best: -58.5335, Current: -56.4340, Acceptance: 74.13%, Time: 0.04 s
Iteration 4880/5000: Ground Truth: -59.2113, Best: -58.5335, Current: -57.2285, Acceptance: 74.14%, Time: 0.04 s
Iteration 4890/5000: Ground Truth: -59.2113, Best: -58.5335, Current: -56.7965, Acceptance: 74.13%, Time: 0.04 s
Iteration 4900/5000: Ground Truth: -59.2113, Best: -58.5335, Current: -55.8028, Acceptance: 74.14%, Time: 0.04 s
Iteration 4910/5000: Ground Truth: -59.2113, Best: -58.5335, Current: -58.1341, Acceptance: 74.15%, Time: 0.04 s
Iteration 4920/5000: Ground Truth: -59.2113, Best: -58.5335, Current: -58.1347, Acceptance: 74.15%, Time: 0.04 s
Iteration 4930/5000: Ground Truth: -59.2113, Best: -58.5335, Current: -57.8770, Acceptance: 74.16%, Time: 0.04 s
Iteration 4940/5000: Ground Truth: -59.2113, Best: -58.5335, Current: -56.7356, Acceptance: 74.17%, Time: 0.04 s
Iteration 4950/5000: Ground Truth: -59.2113, Best: -58.5335, Current: -57.9369, Acceptance: 74.16%, Time: 0.04 s
Iteration 4960/5000: Ground Truth: -59.2113, Best: -58.5335, Current: -56.3808, Acceptance: 74.15%, Time: 0.04 s
Iteration 4970/5000: Ground Truth: -59.2113, Best: -58.5335, Current: -58.2796, Acceptance: 74.14%, Time: 0.04 s
Iteration 4980/5000: Ground Truth: -59.2113, Best: -58.5335, Current: -57.5298, Acceptance: 74.14%, Time: 0.04 s
Iteration 4990/5000: Ground Truth: -59.2113, Best: -58.5335, Current: -57.2245, Acceptance: 74.15%, Time: 0.04 s
Iteration 5000/5000: Ground Truth: -59.2113, Best: -58.5335, Current: -57.0079, Acceptance: 74.14%, Time: 0.04 s
No match for mp-23442: RMSD = 3.495, ΔE = 0.678 eV
mp-23442 match: False
Initial energy: -10.980186462402344
  *** New best: -12.2144 eV
Iteration 10/5000: Ground Truth: -12.6084, Best: -12.2144, Current: -11.7295, Acceptance: 90.00%, Time: 0.04 s
Iteration 20/5000: Ground Truth: -12.6084, Best: -12.2144, Current: -11.8045, Acceptance: 90.00%, Time: 0.04 s
  *** New best: -12.2176 eV
Iteration 30/5000: Ground Truth: -12.6084, Best: -12.2176, Current: -11.4801, Acceptance: 90.00%, Time: 0.04 s
  *** New best: -12.6228 eV
Iteration 40/5000: Ground Truth: -12.6084, Best: -12.6228, Current: -9.9366, Acceptance: 85.00%, Time: 0.07 s
Iteration 50/5000: Ground Truth: -12.6084, Best: -12.6228, Current: -11.5222, Acceptance: 86.00%, Time: 0.04 s
Iteration 60/5000: Ground Truth: -12.6084, Best: -12.6228, Current: -11.0780, Acceptance: 83.33%, Time: 0.04 s
Iteration 70/5000: Ground Truth: -12.6084, Best: -12.6228, Current: -10.8480, Acceptance: 81.43%, Time: 0.06 s
Iteration 80/5000: Ground Truth: -12.6084, Best: -12.6228, Current: -10.0391, Acceptance: 81.25%, Time: 0.06 s
Iteration 90/5000: Ground Truth: -12.6084, Best: -12.6228, Current: -10.8936, Acceptance: 83.33%, Time: 0.04 s
Iteration 100/5000: Ground Truth: -12.6084, Best: -12.6228, Current: -11.5772, Acceptance: 81.00%, Time: 0.04 s
Iteration 110/5000: Ground Truth: -12.6084, Best: -12.6228, Current: -9.6356, Acceptance: 79.09%, Time: 0.06 s
Iteration 120/5000: Ground Truth: -12.6084, Best: -12.6228, Current: -11.5297, Acceptance: 77.50%, Time: 0.04 s
Iteration 130/5000: Ground Truth: -12.6084, Best: -12.6228, Current: -11.5745, Acceptance: 77.69%, Time: 0.04 s
Iteration 140/5000: Ground Truth: -12.6084, Best: -12.6228, Current: -11.4046, Acceptance: 78.57%, Time: 0.04 s
Iteration 150/5000: Ground Truth: -12.6084, Best: -12.6228, Current: -10.4627, Acceptance: 78.67%, Time: 0.04 s
Iteration 160/5000: Ground Truth: -12.6084, Best: -12.6228, Current: -12.3128, Acceptance: 78.12%, Time: 0.04 s
Iteration 170/5000: Ground Truth: -12.6084, Best: -12.6228, Current: -10.9969, Acceptance: 79.41%, Time: 0.04 s
Iteration 180/5000: Ground Truth: -12.6084, Best: -12.6228, Current: -11.8120, Acceptance: 80.00%, Time: 0.04 s
Iteration 190/5000: Ground Truth: -12.6084, Best: -12.6228, Current: -11.2103, Acceptance: 81.05%, Time: 0.06 s
Iteration 200/5000: Ground Truth: -12.6084, Best: -12.6228, Current: -11.5789, Acceptance: 81.00%, Time: 0.06 s
Iteration 210/5000: Ground Truth: -12.6084, Best: -12.6228, Current: -11.4810, Acceptance: 81.43%, Time: 0.04 s
Iteration 220/5000: Ground Truth: -12.6084, Best: -12.6228, Current: -10.3453, Acceptance: 81.36%, Time: 0.06 s
Iteration 230/5000: Ground Truth: -12.6084, Best: -12.6228, Current: -12.4156, Acceptance: 80.87%, Time: 0.04 s
Iteration 240/5000: Ground Truth: -12.6084, Best: -12.6228, Current: -11.4652, Acceptance: 80.83%, Time: 0.04 s
Iteration 250/5000: Ground Truth: -12.6084, Best: -12.6228, Current: -11.9737, Acceptance: 80.00%, Time: 0.04 s
Iteration 260/5000: Ground Truth: -12.6084, Best: -12.6228, Current: -10.3618, Acceptance: 80.38%, Time: 0.04 s
Iteration 270/5000: Ground Truth: -12.6084, Best: -12.6228, Current: -10.9691, Acceptance: 79.63%, Time: 0.06 s
Iteration 280/5000: Ground Truth: -12.6084, Best: -12.6228, Current: -10.1205, Acceptance: 80.00%, Time: 0.06 s
Iteration 290/5000: Ground Truth: -12.6084, Best: -12.6228, Current: -12.1748, Acceptance: 79.66%, Time: 0.04 s
Iteration 300/5000: Ground Truth: -12.6084, Best: -12.6228, Current: -11.7002, Acceptance: 78.67%, Time: 0.04 s
Iteration 310/5000: Ground Truth: -12.6084, Best: -12.6228, Current: -11.7237, Acceptance: 79.03%, Time: 0.04 s
Iteration 320/5000: Ground Truth: -12.6084, Best: -12.6228, Current: -10.0254, Acceptance: 79.38%, Time: 0.06 s
Iteration 330/5000: Ground Truth: -12.6084, Best: -12.6228, Current: -11.4311, Acceptance: 78.79%, Time: 0.04 s
Iteration 340/5000: Ground Truth: -12.6084, Best: -12.6228, Current: -12.1657, Acceptance: 77.65%, Time: 0.04 s
Iteration 350/5000: Ground Truth: -12.6084, Best: -12.6228, Current: -12.1028, Acceptance: 78.00%, Time: 0.04 s
Iteration 360/5000: Ground Truth: -12.6084, Best: -12.6228, Current: -11.1133, Acceptance: 77.50%, Time: 0.07 s
Iteration 370/5000: Ground Truth: -12.6084, Best: -12.6228, Current: -11.4595, Acceptance: 77.84%, Time: 0.06 s
Iteration 380/5000: Ground Truth: -12.6084, Best: -12.6228, Current: -11.8907, Acceptance: 77.63%, Time: 0.04 s
Iteration 390/5000: Ground Truth: -12.6084, Best: -12.6228, Current: -8.6292, Acceptance: 77.44%, Time: 0.07 s
Iteration 400/5000: Ground Truth: -12.6084, Best: -12.6228, Current: -11.7130, Acceptance: 77.50%, Time: 0.04 s
Iteration 410/5000: Ground Truth: -12.6084, Best: -12.6228, Current: -11.9674, Acceptance: 77.56%, Time: 0.04 s
Iteration 420/5000: Ground Truth: -12.6084, Best: -12.6228, Current: -11.3564, Acceptance: 77.86%, Time: 0.07 s
Iteration 430/5000: Ground Truth: -12.6084, Best: -12.6228, Current: -11.5022, Acceptance: 78.14%, Time: 0.07 s
Iteration 440/5000: Ground Truth: -12.6084, Best: -12.6228, Current: -11.1002, Acceptance: 78.41%, Time: 0.06 s
Iteration 450/5000: Ground Truth: -12.6084, Best: -12.6228, Current: -11.8875, Acceptance: 78.67%, Time: 0.06 s
Iteration 460/5000: Ground Truth: -12.6084, Best: -12.6228, Current: -11.8909, Acceptance: 78.48%, Time: 0.04 s
Iteration 470/5000: Ground Truth: -12.6084, Best: -12.6228, Current: -8.6835, Acceptance: 78.72%, Time: 0.07 s
Iteration 480/5000: Ground Truth: -12.6084, Best: -12.6228, Current: -10.9362, Acceptance: 78.96%, Time: 0.04 s
Iteration 490/5000: Ground Truth: -12.6084, Best: -12.6228, Current: -10.9207, Acceptance: 79.18%, Time: 0.04 s
Iteration 500/5000: Ground Truth: -12.6084, Best: -12.6228, Current: -12.4148, Acceptance: 79.00%, Time: 0.04 s
Iteration 510/5000: Ground Truth: -12.6084, Best: -12.6228, Current: -11.4752, Acceptance: 79.22%, Time: 0.04 s
Iteration 520/5000: Ground Truth: -12.6084, Best: -12.6228, Current: -10.8736, Acceptance: 79.23%, Time: 0.06 s
Iteration 530/5000: Ground Truth: -12.6084, Best: -12.6228, Current: -11.9662, Acceptance: 79.06%, Time: 0.04 s
Iteration 540/5000: Ground Truth: -12.6084, Best: -12.6228, Current: -12.1289, Acceptance: 79.07%, Time: 0.04 s
Iteration 550/5000: Ground Truth: -12.6084, Best: -12.6228, Current: -11.6667, Acceptance: 78.73%, Time: 0.06 s
Iteration 560/5000: Ground Truth: -12.6084, Best: -12.6228, Current: -10.8321, Acceptance: 78.93%, Time: 0.04 s
Iteration 570/5000: Ground Truth: -12.6084, Best: -12.6228, Current: -12.4648, Acceptance: 78.42%, Time: 0.04 s
Iteration 580/5000: Ground Truth: -12.6084, Best: -12.6228, Current: -11.6322, Acceptance: 78.45%, Time: 0.04 s
Iteration 590/5000: Ground Truth: -12.6084, Best: -12.6228, Current: -11.9622, Acceptance: 78.47%, Time: 0.04 s
Iteration 600/5000: Ground Truth: -12.6084, Best: -12.6228, Current: -11.6436, Acceptance: 78.50%, Time: 0.04 s
Iteration 610/5000: Ground Truth: -12.6084, Best: -12.6228, Current: -11.8655, Acceptance: 78.36%, Time: 0.04 s
Iteration 620/5000: Ground Truth: -12.6084, Best: -12.6228, Current: -12.3026, Acceptance: 78.06%, Time: 0.06 s
Iteration 630/5000: Ground Truth: -12.6084, Best: -12.6228, Current: -11.8422, Acceptance: 78.41%, Time: 0.04 s
Iteration 640/5000: Ground Truth: -12.6084, Best: -12.6228, Current: -10.4347, Acceptance: 78.44%, Time: 0.07 s
Iteration 650/5000: Ground Truth: -12.6084, Best: -12.6228, Current: -12.0187, Acceptance: 78.31%, Time: 0.04 s
Iteration 660/5000: Ground Truth: -12.6084, Best: -12.6228, Current: -11.6141, Acceptance: 78.18%, Time: 0.04 s
Iteration 670/5000: Ground Truth: -12.6084, Best: -12.6228, Current: -11.5720, Acceptance: 78.06%, Time: 0.04 s
Iteration 680/5000: Ground Truth: -12.6084, Best: -12.6228, Current: -11.9581, Acceptance: 77.79%, Time: 0.04 s
Iteration 690/5000: Ground Truth: -12.6084, Best: -12.6228, Current: -11.1411, Acceptance: 77.68%, Time: 0.04 s
Iteration 700/5000: Ground Truth: -12.6084, Best: -12.6228, Current: -11.1630, Acceptance: 77.86%, Time: 0.04 s
Iteration 710/5000: Ground Truth: -12.6084, Best: -12.6228, Current: -10.4966, Acceptance: 77.89%, Time: 0.04 s
Iteration 720/5000: Ground Truth: -12.6084, Best: -12.6228, Current: -10.5531, Acceptance: 77.92%, Time: 0.04 s
Iteration 730/5000: Ground Truth: -12.6084, Best: -12.6228, Current: -11.4339, Acceptance: 78.08%, Time: 0.06 s
Iteration 740/5000: Ground Truth: -12.6084, Best: -12.6228, Current: -10.9928, Acceptance: 78.11%, Time: 0.04 s
Iteration 750/5000: Ground Truth: -12.6084, Best: -12.6228, Current: -11.0881, Acceptance: 78.00%, Time: 0.04 s
Iteration 760/5000: Ground Truth: -12.6084, Best: -12.6228, Current: -11.2134, Acceptance: 78.03%, Time: 0.04 s
Iteration 770/5000: Ground Truth: -12.6084, Best: -12.6228, Current: -11.3550, Acceptance: 78.05%, Time: 0.04 s
Iteration 780/5000: Ground Truth: -12.6084, Best: -12.6228, Current: -11.0754, Acceptance: 78.21%, Time: 0.04 s
Iteration 790/5000: Ground Truth: -12.6084, Best: -12.6228, Current: -10.5152, Acceptance: 78.23%, Time: 0.06 s
Iteration 800/5000: Ground Truth: -12.6084, Best: -12.6228, Current: -11.4400, Acceptance: 78.12%, Time: 0.04 s
Iteration 810/5000: Ground Truth: -12.6084, Best: -12.6228, Current: -11.6177, Acceptance: 78.27%, Time: 0.04 s
Iteration 820/5000: Ground Truth: -12.6084, Best: -12.6228, Current: -10.5077, Acceptance: 78.41%, Time: 0.06 s
Iteration 830/5000: Ground Truth: -12.6084, Best: -12.6228, Current: -11.0239, Acceptance: 78.55%, Time: 0.07 s
Iteration 840/5000: Ground Truth: -12.6084, Best: -12.6228, Current: -12.4320, Acceptance: 78.21%, Time: 0.04 s
Iteration 850/5000: Ground Truth: -12.6084, Best: -12.6228, Current: -11.9476, Acceptance: 78.24%, Time: 0.04 s
Iteration 860/5000: Ground Truth: -12.6084, Best: -12.6228, Current: -11.1537, Acceptance: 78.49%, Time: 0.04 s
Iteration 870/5000: Ground Truth: -12.6084, Best: -12.6228, Current: -11.4974, Acceptance: 78.28%, Time: 0.04 s
Iteration 880/5000: Ground Truth: -12.6084, Best: -12.6228, Current: -12.1169, Acceptance: 78.07%, Time: 0.04 s
Iteration 890/5000: Ground Truth: -12.6084, Best: -12.6228, Current: -11.0324, Acceptance: 78.09%, Time: 0.07 s
Iteration 900/5000: Ground Truth: -12.6084, Best: -12.6228, Current: -11.2161, Acceptance: 78.22%, Time: 0.04 s
Iteration 910/5000: Ground Truth: -12.6084, Best: -12.6228, Current: -12.1456, Acceptance: 78.13%, Time: 0.04 s
Iteration 920/5000: Ground Truth: -12.6084, Best: -12.6228, Current: -12.0543, Acceptance: 78.04%, Time: 0.04 s
Iteration 930/5000: Ground Truth: -12.6084, Best: -12.6228, Current: -12.2386, Acceptance: 77.85%, Time: 0.04 s
Iteration 940/5000: Ground Truth: -12.6084, Best: -12.6228, Current: -9.1233, Acceptance: 77.87%, Time: 0.07 s
Iteration 950/5000: Ground Truth: -12.6084, Best: -12.6228, Current: -11.0758, Acceptance: 77.68%, Time: 0.04 s
Iteration 960/5000: Ground Truth: -12.6084, Best: -12.6228, Current: -11.6129, Acceptance: 77.60%, Time: 0.04 s
Iteration 970/5000: Ground Truth: -12.6084, Best: -12.6228, Current: -12.1056, Acceptance: 77.63%, Time: 0.04 s
Iteration 980/5000: Ground Truth: -12.6084, Best: -12.6228, Current: -11.1978, Acceptance: 77.65%, Time: 0.06 s
Iteration 990/5000: Ground Truth: -12.6084, Best: -12.6228, Current: -11.4353, Acceptance: 77.68%, Time: 0.04 s
Iteration 1000/5000: Ground Truth: -12.6084, Best: -12.6228, Current: -10.6047, Acceptance: 77.80%, Time: 0.04 s
Iteration 1010/5000: Ground Truth: -12.6084, Best: -12.6228, Current: -11.4196, Acceptance: 77.92%, Time: 0.04 s
Iteration 1020/5000: Ground Truth: -12.6084, Best: -12.6228, Current: -12.0059, Acceptance: 77.84%, Time: 0.06 s
Iteration 1030/5000: Ground Truth: -12.6084, Best: -12.6228, Current: -12.2713, Acceptance: 77.67%, Time: 0.04 s
Iteration 1040/5000: Ground Truth: -12.6084, Best: -12.6228, Current: -11.1746, Acceptance: 77.69%, Time: 0.06 s
Iteration 1050/5000: Ground Truth: -12.6084, Best: -12.6228, Current: -10.0628, Acceptance: 77.90%, Time: 0.06 s
Iteration 1060/5000: Ground Truth: -12.6084, Best: -12.6228, Current: -9.8603, Acceptance: 78.02%, Time: 0.06 s
Iteration 1070/5000: Ground Truth: -12.6084, Best: -12.6228, Current: -10.7639, Acceptance: 78.13%, Time: 0.06 s
Iteration 1080/5000: Ground Truth: -12.6084, Best: -12.6228, Current: -11.6557, Acceptance: 78.15%, Time: 0.04 s
Iteration 1090/5000: Ground Truth: -12.6084, Best: -12.6228, Current: -11.0801, Acceptance: 78.35%, Time: 0.06 s
Iteration 1100/5000: Ground Truth: -12.6084, Best: -12.6228, Current: -9.8840, Acceptance: 78.55%, Time: 0.04 s
Iteration 1110/5000: Ground Truth: -12.6084, Best: -12.6228, Current: -11.0101, Acceptance: 78.65%, Time: 0.04 s
Iteration 1120/5000: Ground Truth: -12.6084, Best: -12.6228, Current: -11.0765, Acceptance: 78.75%, Time: 0.04 s
Iteration 1130/5000: Ground Truth: -12.6084, Best: -12.6228, Current: -11.8874, Acceptance: 78.85%, Time: 0.04 s
Iteration 1140/5000: Ground Truth: -12.6084, Best: -12.6228, Current: -10.8931, Acceptance: 78.86%, Time: 0.06 s
Iteration 1150/5000: Ground Truth: -12.6084, Best: -12.6228, Current: -11.6697, Acceptance: 78.87%, Time: 0.04 s
Iteration 1160/5000: Ground Truth: -12.6084, Best: -12.6228, Current: -11.6082, Acceptance: 78.88%, Time: 0.04 s
Iteration 1170/5000: Ground Truth: -12.6084, Best: -12.6228, Current: -11.6352, Acceptance: 78.89%, Time: 0.04 s
Iteration 1180/5000: Ground Truth: -12.6084, Best: -12.6228, Current: -11.1032, Acceptance: 79.07%, Time: 0.06 s
Iteration 1190/5000: Ground Truth: -12.6084, Best: -12.6228, Current: -11.8951, Acceptance: 78.91%, Time: 0.04 s
Iteration 1200/5000: Ground Truth: -12.6084, Best: -12.6228, Current: -12.1422, Acceptance: 79.00%, Time: 0.04 s
Iteration 1210/5000: Ground Truth: -12.6084, Best: -12.6228, Current: -11.1911, Acceptance: 79.01%, Time: 0.07 s
Iteration 1220/5000: Ground Truth: -12.6084, Best: -12.6228, Current: -11.7397, Acceptance: 79.18%, Time: 0.04 s
Iteration 1230/5000: Ground Truth: -12.6084, Best: -12.6228, Current: -11.3563, Acceptance: 79.19%, Time: 0.06 s
Iteration 1240/5000: Ground Truth: -12.6084, Best: -12.6228, Current: -11.9827, Acceptance: 79.27%, Time: 0.04 s
Iteration 1250/5000: Ground Truth: -12.6084, Best: -12.6228, Current: -12.1553, Acceptance: 79.04%, Time: 0.04 s
Iteration 1260/5000: Ground Truth: -12.6084, Best: -12.6228, Current: -11.5948, Acceptance: 79.05%, Time: 0.04 s
Iteration 1270/5000: Ground Truth: -12.6084, Best: -12.6228, Current: -11.4916, Acceptance: 79.06%, Time: 0.04 s
Iteration 1280/5000: Ground Truth: -12.6084, Best: -12.6228, Current: -11.6824, Acceptance: 78.91%, Time: 0.06 s
Iteration 1290/5000: Ground Truth: -12.6084, Best: -12.6228, Current: -7.4227, Acceptance: 79.07%, Time: 0.07 s
Iteration 1300/5000: Ground Truth: -12.6084, Best: -12.6228, Current: -11.1220, Acceptance: 79.08%, Time: 0.04 s
Iteration 1310/5000: Ground Truth: -12.6084, Best: -12.6228, Current: -10.4978, Acceptance: 79.08%, Time: 0.04 s
Iteration 1320/5000: Ground Truth: -12.6084, Best: -12.6228, Current: -12.1138, Acceptance: 79.02%, Time: 0.04 s
Iteration 1330/5000: Ground Truth: -12.6084, Best: -12.6228, Current: -10.9109, Acceptance: 79.02%, Time: 0.04 s
Iteration 1340/5000: Ground Truth: -12.6084, Best: -12.6228, Current: -12.3375, Acceptance: 78.96%, Time: 0.04 s
Iteration 1350/5000: Ground Truth: -12.6084, Best: -12.6228, Current: -12.0710, Acceptance: 78.89%, Time: 0.04 s
Iteration 1360/5000: Ground Truth: -12.6084, Best: -12.6228, Current: -10.6535, Acceptance: 78.90%, Time: 0.04 s
Iteration 1370/5000: Ground Truth: -12.6084, Best: -12.6228, Current: -10.3112, Acceptance: 78.69%, Time: 0.07 s
Iteration 1380/5000: Ground Truth: -12.6084, Best: -12.6228, Current: -11.8307, Acceptance: 78.48%, Time: 0.04 s
Iteration 1390/5000: Ground Truth: -12.6084, Best: -12.6228, Current: -11.0491, Acceptance: 78.56%, Time: 0.04 s
Iteration 1400/5000: Ground Truth: -12.6084, Best: -12.6228, Current: -11.5214, Acceptance: 78.36%, Time: 0.06 s
Iteration 1410/5000: Ground Truth: -12.6084, Best: -12.6228, Current: -10.1613, Acceptance: 78.23%, Time: 0.04 s
Iteration 1420/5000: Ground Truth: -12.6084, Best: -12.6228, Current: -10.6875, Acceptance: 78.24%, Time: 0.06 s
Iteration 1430/5000: Ground Truth: -12.6084, Best: -12.6228, Current: -12.5323, Acceptance: 78.11%, Time: 0.04 s
Iteration 1440/5000: Ground Truth: -12.6084, Best: -12.6228, Current: -11.0919, Acceptance: 77.99%, Time: 0.04 s
Iteration 1450/5000: Ground Truth: -12.6084, Best: -12.6228, Current: -11.6594, Acceptance: 78.07%, Time: 0.04 s
Iteration 1460/5000: Ground Truth: -12.6084, Best: -12.6228, Current: -11.0488, Acceptance: 78.08%, Time: 0.04 s
Iteration 1470/5000: Ground Truth: -12.6084, Best: -12.6228, Current: -11.6009, Acceptance: 78.10%, Time: 0.06 s
Iteration 1480/5000: Ground Truth: -12.6084, Best: -12.6228, Current: -10.9150, Acceptance: 78.11%, Time: 0.06 s
Iteration 1490/5000: Ground Truth: -12.6084, Best: -12.6228, Current: -11.7169, Acceptance: 78.26%, Time: 0.04 s
Iteration 1500/5000: Ground Truth: -12.6084, Best: -12.6228, Current: -10.5989, Acceptance: 78.27%, Time: 0.04 s
Iteration 1510/5000: Ground Truth: -12.6084, Best: -12.6228, Current: -11.5051, Acceptance: 78.28%, Time: 0.04 s
Iteration 1520/5000: Ground Truth: -12.6084, Best: -12.6228, Current: -10.6391, Acceptance: 78.36%, Time: 0.04 s
Iteration 1530/5000: Ground Truth: -12.6084, Best: -12.6228, Current: -12.2598, Acceptance: 78.17%, Time: 0.04 s
Iteration 1540/5000: Ground Truth: -12.6084, Best: -12.6228, Current: -11.1114, Acceptance: 78.18%, Time: 0.04 s
Iteration 1550/5000: Ground Truth: -12.6084, Best: -12.6228, Current: -12.2524, Acceptance: 78.06%, Time: 0.04 s
Iteration 1560/5000: Ground Truth: -12.6084, Best: -12.6228, Current: -12.1688, Acceptance: 78.08%, Time: 0.04 s
Iteration 1570/5000: Ground Truth: -12.6084, Best: -12.6228, Current: -10.8864, Acceptance: 77.90%, Time: 0.06 s
Iteration 1580/5000: Ground Truth: -12.6084, Best: -12.6228, Current: -10.8787, Acceptance: 77.85%, Time: 0.06 s
Iteration 1590/5000: Ground Truth: -12.6084, Best: -12.6228, Current: -10.7497, Acceptance: 77.99%, Time: 0.04 s
Iteration 1600/5000: Ground Truth: -12.6084, Best: -12.6228, Current: -11.7001, Acceptance: 78.00%, Time: 0.04 s
Iteration 1610/5000: Ground Truth: -12.6084, Best: -12.6228, Current: -10.6125, Acceptance: 77.89%, Time: 0.04 s
Iteration 1620/5000: Ground Truth: -12.6084, Best: -12.6228, Current: -11.8235, Acceptance: 78.02%, Time: 0.04 s
Iteration 1630/5000: Ground Truth: -12.6084, Best: -12.6228, Current: -12.2643, Acceptance: 78.10%, Time: 0.04 s
Iteration 1640/5000: Ground Truth: -12.6084, Best: -12.6228, Current: -12.4590, Acceptance: 77.93%, Time: 0.04 s
Iteration 1650/5000: Ground Truth: -12.6084, Best: -12.6228, Current: -10.4054, Acceptance: 78.00%, Time: 0.06 s
Iteration 1660/5000: Ground Truth: -12.6084, Best: -12.6228, Current: -12.2008, Acceptance: 78.07%, Time: 0.04 s
Iteration 1670/5000: Ground Truth: -12.6084, Best: -12.6228, Current: -11.5148, Acceptance: 78.02%, Time: 0.06 s
Iteration 1680/5000: Ground Truth: -12.6084, Best: -12.6228, Current: -10.5109, Acceptance: 77.86%, Time: 0.06 s
Iteration 1690/5000: Ground Truth: -12.6084, Best: -12.6228, Current: -11.4525, Acceptance: 77.87%, Time: 0.04 s
Iteration 1700/5000: Ground Truth: -12.6084, Best: -12.6228, Current: -12.4936, Acceptance: 77.76%, Time: 0.04 s
Iteration 1710/5000: Ground Truth: -12.6084, Best: -12.6228, Current: -11.9394, Acceptance: 77.72%, Time: 0.06 s
Iteration 1720/5000: Ground Truth: -12.6084, Best: -12.6228, Current: -11.8912, Acceptance: 77.73%, Time: 0.04 s
Iteration 1730/5000: Ground Truth: -12.6084, Best: -12.6228, Current: -11.3549, Acceptance: 77.80%, Time: 0.04 s
Iteration 1740/5000: Ground Truth: -12.6084, Best: -12.6228, Current: -12.5639, Acceptance: 77.53%, Time: 0.04 s
Iteration 1750/5000: Ground Truth: -12.6084, Best: -12.6228, Current: -12.0785, Acceptance: 77.43%, Time: 0.04 s
Iteration 1760/5000: Ground Truth: -12.6084, Best: -12.6228, Current: -11.8032, Acceptance: 77.50%, Time: 0.04 s
Iteration 1770/5000: Ground Truth: -12.6084, Best: -12.6228, Current: -11.5500, Acceptance: 77.57%, Time: 0.04 s
Iteration 1780/5000: Ground Truth: -12.6084, Best: -12.6228, Current: -12.0597, Acceptance: 77.53%, Time: 0.04 s
Iteration 1790/5000: Ground Truth: -12.6084, Best: -12.6228, Current: -11.3679, Acceptance: 77.49%, Time: 0.06 s
Iteration 1800/5000: Ground Truth: -12.6084, Best: -12.6228, Current: -11.4805, Acceptance: 77.39%, Time: 0.07 s
Iteration 1810/5000: Ground Truth: -12.6084, Best: -12.6228, Current: -10.6782, Acceptance: 77.35%, Time: 0.04 s
Iteration 1820/5000: Ground Truth: -12.6084, Best: -12.6228, Current: -10.2732, Acceptance: 77.47%, Time: 0.07 s
Iteration 1830/5000: Ground Truth: -12.6084, Best: -12.6228, Current: -9.7187, Acceptance: 77.60%, Time: 0.07 s
Iteration 1840/5000: Ground Truth: -12.6084, Best: -12.6228, Current: -11.4809, Acceptance: 77.66%, Time: 0.06 s
Iteration 1850/5000: Ground Truth: -12.6084, Best: -12.6228, Current: -9.8280, Acceptance: 77.62%, Time: 0.06 s
Iteration 1860/5000: Ground Truth: -12.6084, Best: -12.6228, Current: -11.7942, Acceptance: 77.63%, Time: 0.04 s
Iteration 1870/5000: Ground Truth: -12.6084, Best: -12.6228, Current: -9.5708, Acceptance: 77.70%, Time: 0.06 s
Iteration 1880/5000: Ground Truth: -12.6084, Best: -12.6228, Current: -11.7928, Acceptance: 77.61%, Time: 0.04 s
Iteration 1890/5000: Ground Truth: -12.6084, Best: -12.6228, Current: -11.2005, Acceptance: 77.67%, Time: 0.06 s
Iteration 1900/5000: Ground Truth: -12.6084, Best: -12.6228, Current: -11.3534, Acceptance: 77.68%, Time: 0.04 s
Iteration 1910/5000: Ground Truth: -12.6084, Best: -12.6228, Current: -11.7912, Acceptance: 77.75%, Time: 0.04 s
Iteration 1920/5000: Ground Truth: -12.6084, Best: -12.6228, Current: -11.9946, Acceptance: 77.76%, Time: 0.04 s
Iteration 1930/5000: Ground Truth: -12.6084, Best: -12.6228, Current: -12.4947, Acceptance: 77.67%, Time: 0.04 s
Iteration 1940/5000: Ground Truth: -12.6084, Best: -12.6228, Current: -10.5578, Acceptance: 77.73%, Time: 0.04 s
Iteration 1950/5000: Ground Truth: -12.6084, Best: -12.6228, Current: -11.7809, Acceptance: 77.74%, Time: 0.04 s
Iteration 1960/5000: Ground Truth: -12.6084, Best: -12.6228, Current: -10.5645, Acceptance: 77.76%, Time: 0.04 s
Iteration 1970/5000: Ground Truth: -12.6084, Best: -12.6228, Current: -10.1776, Acceptance: 77.82%, Time: 0.06 s
Iteration 1980/5000: Ground Truth: -12.6084, Best: -12.6228, Current: -12.3424, Acceptance: 77.83%, Time: 0.04 s
Iteration 1990/5000: Ground Truth: -12.6084, Best: -12.6228, Current: -11.6416, Acceptance: 77.79%, Time: 0.06 s
Iteration 2000/5000: Ground Truth: -12.6084, Best: -12.6228, Current: -11.3111, Acceptance: 77.85%, Time: 0.06 s
Iteration 2010/5000: Ground Truth: -12.6084, Best: -12.6228, Current: -12.0975, Acceptance: 77.91%, Time: 0.04 s
Iteration 2020/5000: Ground Truth: -12.6084, Best: -12.6228, Current: -11.2522, Acceptance: 77.97%, Time: 0.04 s
Iteration 2030/5000: Ground Truth: -12.6084, Best: -12.6228, Current: -11.2385, Acceptance: 77.98%, Time: 0.04 s
Iteration 2040/5000: Ground Truth: -12.6084, Best: -12.6228, Current: -11.9517, Acceptance: 77.94%, Time: 0.04 s
Iteration 2050/5000: Ground Truth: -12.6084, Best: -12.6228, Current: -10.7089, Acceptance: 77.85%, Time: 0.04 s
Iteration 2060/5000: Ground Truth: -12.6084, Best: -12.6228, Current: -9.9676, Acceptance: 77.86%, Time: 0.06 s
Iteration 2070/5000: Ground Truth: -12.6084, Best: -12.6228, Current: -10.9433, Acceptance: 77.87%, Time: 0.04 s
Iteration 2080/5000: Ground Truth: -12.6084, Best: -12.6228, Current: -11.8218, Acceptance: 77.88%, Time: 0.04 s
Iteration 2090/5000: Ground Truth: -12.6084, Best: -12.6228, Current: -11.0118, Acceptance: 77.89%, Time: 0.04 s
Iteration 2100/5000: Ground Truth: -12.6084, Best: -12.6228, Current: -11.1283, Acceptance: 77.95%, Time: 0.04 s
Iteration 2110/5000: Ground Truth: -12.6084, Best: -12.6228, Current: -9.6563, Acceptance: 78.06%, Time: 0.04 s
Iteration 2120/5000: Ground Truth: -12.6084, Best: -12.6228, Current: -11.0298, Acceptance: 77.97%, Time: 0.04 s
Iteration 2130/5000: Ground Truth: -12.6084, Best: -12.6228, Current: -11.4723, Acceptance: 78.03%, Time: 0.04 s
Iteration 2140/5000: Ground Truth: -12.6084, Best: -12.6228, Current: -11.4920, Acceptance: 77.99%, Time: 0.04 s
Iteration 2150/5000: Ground Truth: -12.6084, Best: -12.6228, Current: -12.2805, Acceptance: 77.91%, Time: 0.04 s
Iteration 2160/5000: Ground Truth: -12.6084, Best: -12.6228, Current: -12.4378, Acceptance: 77.92%, Time: 0.04 s
Iteration 2170/5000: Ground Truth: -12.6084, Best: -12.6228, Current: -11.4776, Acceptance: 77.88%, Time: 0.04 s
Iteration 2180/5000: Ground Truth: -12.6084, Best: -12.6228, Current: -9.9072, Acceptance: 77.94%, Time: 0.07 s
Iteration 2190/5000: Ground Truth: -12.6084, Best: -12.6228, Current: -11.0165, Acceptance: 77.99%, Time: 0.06 s
Iteration 2200/5000: Ground Truth: -12.6084, Best: -12.6228, Current: -10.5795, Acceptance: 78.00%, Time: 0.06 s
Iteration 2210/5000: Ground Truth: -12.6084, Best: -12.6228, Current: -11.8897, Acceptance: 78.05%, Time: 0.04 s
Iteration 2220/5000: Ground Truth: -12.6084, Best: -12.6228, Current: -10.6686, Acceptance: 78.02%, Time: 0.04 s
Iteration 2230/5000: Ground Truth: -12.6084, Best: -12.6228, Current: -9.1400, Acceptance: 78.03%, Time: 0.04 s
Iteration 2240/5000: Ground Truth: -12.6084, Best: -12.6228, Current: -11.0817, Acceptance: 78.04%, Time: 0.04 s
Iteration 2250/5000: Ground Truth: -12.6084, Best: -12.6228, Current: -11.0754, Acceptance: 77.96%, Time: 0.04 s
Iteration 2260/5000: Ground Truth: -12.6084, Best: -12.6228, Current: -11.8577, Acceptance: 77.96%, Time: 0.04 s
Iteration 2270/5000: Ground Truth: -12.6084, Best: -12.6228, Current: -10.9469, Acceptance: 78.06%, Time: 0.06 s
Iteration 2280/5000: Ground Truth: -12.6084, Best: -12.6228, Current: -12.3053, Acceptance: 77.98%, Time: 0.04 s
Iteration 2290/5000: Ground Truth: -12.6084, Best: -12.6228, Current: -10.6948, Acceptance: 77.95%, Time: 0.06 s
Iteration 2300/5000: Ground Truth: -12.6084, Best: -12.6228, Current: -11.9738, Acceptance: 77.91%, Time: 0.04 s
Iteration 2310/5000: Ground Truth: -12.6084, Best: -12.6228, Current: -12.3832, Acceptance: 77.88%, Time: 0.04 s
Iteration 2320/5000: Ground Truth: -12.6084, Best: -12.6228, Current: -11.6517, Acceptance: 77.84%, Time: 0.06 s
Iteration 2330/5000: Ground Truth: -12.6084, Best: -12.6228, Current: -11.8554, Acceptance: 77.85%, Time: 0.04 s
Iteration 2340/5000: Ground Truth: -12.6084, Best: -12.6228, Current: -11.1526, Acceptance: 77.82%, Time: 0.04 s
Iteration 2350/5000: Ground Truth: -12.6084, Best: -12.6228, Current: -11.5144, Acceptance: 77.79%, Time: 0.04 s
Iteration 2360/5000: Ground Truth: -12.6084, Best: -12.6228, Current: -9.6161, Acceptance: 77.84%, Time: 0.04 s
Iteration 2370/5000: Ground Truth: -12.6084, Best: -12.6228, Current: -11.9968, Acceptance: 77.81%, Time: 0.04 s
Iteration 2380/5000: Ground Truth: -12.6084, Best: -12.6228, Current: -10.5064, Acceptance: 77.77%, Time: 0.06 s
Iteration 2390/5000: Ground Truth: -12.6084, Best: -12.6228, Current: -12.2254, Acceptance: 77.78%, Time: 0.04 s
Iteration 2400/5000: Ground Truth: -12.6084, Best: -12.6228, Current: -12.3336, Acceptance: 77.79%, Time: 0.04 s
Iteration 2410/5000: Ground Truth: -12.6084, Best: -12.6228, Current: -12.3248, Acceptance: 77.88%, Time: 0.04 s
Iteration 2420/5000: Ground Truth: -12.6084, Best: -12.6228, Current: -11.6360, Acceptance: 77.89%, Time: 0.04 s
Iteration 2430/5000: Ground Truth: -12.6084, Best: -12.6228, Current: -10.8793, Acceptance: 77.98%, Time: 0.07 s
Iteration 2440/5000: Ground Truth: -12.6084, Best: -12.6228, Current: -11.6307, Acceptance: 77.99%, Time: 0.04 s
Iteration 2450/5000: Ground Truth: -12.6084, Best: -12.6228, Current: -12.2282, Acceptance: 78.00%, Time: 0.04 s
Iteration 2460/5000: Ground Truth: -12.6084, Best: -12.6228, Current: -11.9700, Acceptance: 78.01%, Time: 0.04 s
Iteration 2470/5000: Ground Truth: -12.6084, Best: -12.6228, Current: -10.5482, Acceptance: 78.02%, Time: 0.04 s
Iteration 2480/5000: Ground Truth: -12.6084, Best: -12.6228, Current: -11.5877, Acceptance: 78.06%, Time: 0.04 s
Iteration 2490/5000: Ground Truth: -12.6084, Best: -12.6228, Current: -10.8082, Acceptance: 78.07%, Time: 0.06 s
Iteration 2500/5000: Ground Truth: -12.6084, Best: -12.6228, Current: -10.9962, Acceptance: 78.12%, Time: 0.04 s
Iteration 2510/5000: Ground Truth: -12.6084, Best: -12.6228, Current: -12.4999, Acceptance: 78.13%, Time: 0.04 s
Iteration 2520/5000: Ground Truth: -12.6084, Best: -12.6228, Current: -10.4564, Acceptance: 78.10%, Time: 0.04 s
Iteration 2530/5000: Ground Truth: -12.6084, Best: -12.6228, Current: -11.8510, Acceptance: 78.06%, Time: 0.04 s
Iteration 2540/5000: Ground Truth: -12.6084, Best: -12.6228, Current: -12.3760, Acceptance: 78.11%, Time: 0.04 s
Iteration 2550/5000: Ground Truth: -12.6084, Best: -12.6228, Current: -10.7829, Acceptance: 78.08%, Time: 0.06 s
Iteration 2560/5000: Ground Truth: -12.6084, Best: -12.6228, Current: -11.5699, Acceptance: 78.05%, Time: 0.04 s
Iteration 2570/5000: Ground Truth: -12.6084, Best: -12.6228, Current: -11.3044, Acceptance: 78.05%, Time: 0.04 s
Iteration 2580/5000: Ground Truth: -12.6084, Best: -12.6228, Current: -10.5610, Acceptance: 78.02%, Time: 0.04 s
Iteration 2590/5000: Ground Truth: -12.6084, Best: -12.6228, Current: -10.8769, Acceptance: 78.07%, Time: 0.04 s
Iteration 2600/5000: Ground Truth: -12.6084, Best: -12.6228, Current: -11.8233, Acceptance: 77.96%, Time: 0.04 s
Iteration 2610/5000: Ground Truth: -12.6084, Best: -12.6228, Current: -12.4014, Acceptance: 77.85%, Time: 0.04 s
Iteration 2620/5000: Ground Truth: -12.6084, Best: -12.6228, Current: -10.5914, Acceptance: 77.90%, Time: 0.04 s
Iteration 2630/5000: Ground Truth: -12.6084, Best: -12.6228, Current: -11.3924, Acceptance: 77.95%, Time: 0.04 s
Iteration 2640/5000: Ground Truth: -12.6084, Best: -12.6228, Current: -10.5544, Acceptance: 77.95%, Time: 0.04 s
Iteration 2650/5000: Ground Truth: -12.6084, Best: -12.6228, Current: -11.6830, Acceptance: 77.96%, Time: 0.04 s
Iteration 2660/5000: Ground Truth: -12.6084, Best: -12.6228, Current: -10.7324, Acceptance: 78.01%, Time: 0.04 s
Iteration 2670/5000: Ground Truth: -12.6084, Best: -12.6228, Current: -11.7792, Acceptance: 77.90%, Time: 0.04 s
Iteration 2680/5000: Ground Truth: -12.6084, Best: -12.6228, Current: -11.8645, Acceptance: 77.87%, Time: 0.04 s
Iteration 2690/5000: Ground Truth: -12.6084, Best: -12.6228, Current: -11.0771, Acceptance: 77.84%, Time: 0.04 s
Iteration 2700/5000: Ground Truth: -12.6084, Best: -12.6228, Current: -11.8924, Acceptance: 77.78%, Time: 0.04 s
Iteration 2710/5000: Ground Truth: -12.6084, Best: -12.6228, Current: -12.4543, Acceptance: 77.79%, Time: 0.04 s
Iteration 2720/5000: Ground Truth: -12.6084, Best: -12.6228, Current: -12.1277, Acceptance: 77.79%, Time: 0.04 s
Iteration 2730/5000: Ground Truth: -12.6084, Best: -12.6228, Current: -11.7201, Acceptance: 77.73%, Time: 0.04 s
Iteration 2740/5000: Ground Truth: -12.6084, Best: -12.6228, Current: -11.4912, Acceptance: 77.70%, Time: 0.04 s
Iteration 2750/5000: Ground Truth: -12.6084, Best: -12.6228, Current: -11.3471, Acceptance: 77.75%, Time: 0.07 s
Iteration 2760/5000: Ground Truth: -12.6084, Best: -12.6228, Current: -10.2389, Acceptance: 77.72%, Time: 0.07 s
Iteration 2770/5000: Ground Truth: -12.6084, Best: -12.6228, Current: -10.8176, Acceptance: 77.76%, Time: 0.07 s
Iteration 2780/5000: Ground Truth: -12.6084, Best: -12.6228, Current: -12.0460, Acceptance: 77.84%, Time: 0.04 s
Iteration 2790/5000: Ground Truth: -12.6084, Best: -12.6228, Current: -11.2403, Acceptance: 77.81%, Time: 0.04 s
Iteration 2800/5000: Ground Truth: -12.6084, Best: -12.6228, Current: -11.1940, Acceptance: 77.79%, Time: 0.07 s
Iteration 2810/5000: Ground Truth: -12.6084, Best: -12.6228, Current: -11.9272, Acceptance: 77.72%, Time: 0.04 s
Iteration 2820/5000: Ground Truth: -12.6084, Best: -12.6228, Current: -10.1484, Acceptance: 77.66%, Time: 0.07 s
Iteration 2830/5000: Ground Truth: -12.6084, Best: -12.6228, Current: -11.8959, Acceptance: 77.56%, Time: 0.04 s
Iteration 2840/5000: Ground Truth: -12.6084, Best: -12.6228, Current: -11.4323, Acceptance: 77.57%, Time: 0.04 s
Iteration 2850/5000: Ground Truth: -12.6084, Best: -12.6228, Current: -12.2752, Acceptance: 77.54%, Time: 0.04 s
Iteration 2860/5000: Ground Truth: -12.6084, Best: -12.6228, Current: -11.5671, Acceptance: 77.48%, Time: 0.04 s
Iteration 2870/5000: Ground Truth: -12.6084, Best: -12.6228, Current: -10.0356, Acceptance: 77.46%, Time: 0.07 s
Iteration 2880/5000: Ground Truth: -12.6084, Best: -12.6228, Current: -12.1819, Acceptance: 77.40%, Time: 0.04 s
Iteration 2890/5000: Ground Truth: -12.6084, Best: -12.6228, Current: -12.0641, Acceptance: 77.47%, Time: 0.04 s
Iteration 2900/5000: Ground Truth: -12.6084, Best: -12.6228, Current: -11.5031, Acceptance: 77.48%, Time: 0.07 s
Iteration 2910/5000: Ground Truth: -12.6084, Best: -12.6228, Current: -10.8512, Acceptance: 77.56%, Time: 0.04 s
Iteration 2920/5000: Ground Truth: -12.6084, Best: -12.6228, Current: -11.8965, Acceptance: 77.60%, Time: 0.04 s
Iteration 2930/5000: Ground Truth: -12.6084, Best: -12.6228, Current: -11.4910, Acceptance: 77.65%, Time: 0.04 s
Iteration 2940/5000: Ground Truth: -12.6084, Best: -12.6228, Current: -8.8806, Acceptance: 77.62%, Time: 0.07 s
Iteration 2950/5000: Ground Truth: -12.6084, Best: -12.6228, Current: -11.5324, Acceptance: 77.56%, Time: 0.07 s
Iteration 2960/5000: Ground Truth: -12.6084, Best: -12.6228, Current: -12.5201, Acceptance: 77.47%, Time: 0.04 s
Iteration 2970/5000: Ground Truth: -12.6084, Best: -12.6228, Current: -10.7169, Acceptance: 77.47%, Time: 0.07 s
Iteration 2980/5000: Ground Truth: -12.6084, Best: -12.6228, Current: -11.6522, Acceptance: 77.48%, Time: 0.04 s
Iteration 2990/5000: Ground Truth: -12.6084, Best: -12.6228, Current: -11.6044, Acceptance: 77.46%, Time: 0.04 s
Iteration 3000/5000: Ground Truth: -12.6084, Best: -12.6228, Current: -11.4871, Acceptance: 77.53%, Time: 0.04 s
Iteration 3010/5000: Ground Truth: -12.6084, Best: -12.6228, Current: -12.4144, Acceptance: 77.48%, Time: 0.04 s
Iteration 3020/5000: Ground Truth: -12.6084, Best: -12.6228, Current: -11.1507, Acceptance: 77.38%, Time: 0.07 s
Iteration 3030/5000: Ground Truth: -12.6084, Best: -12.6228, Current: -10.8726, Acceptance: 77.36%, Time: 0.07 s
Iteration 3040/5000: Ground Truth: -12.6084, Best: -12.6228, Current: -11.2599, Acceptance: 77.40%, Time: 0.07 s
Iteration 3050/5000: Ground Truth: -12.6084, Best: -12.6228, Current: -12.2984, Acceptance: 77.41%, Time: 0.04 s
Iteration 3060/5000: Ground Truth: -12.6084, Best: -12.6228, Current: -11.2014, Acceptance: 77.39%, Time: 0.06 s
Iteration 3070/5000: Ground Truth: -12.6084, Best: -12.6228, Current: -11.1075, Acceptance: 77.43%, Time: 0.04 s
Iteration 3080/5000: Ground Truth: -12.6084, Best: -12.6228, Current: -10.4049, Acceptance: 77.50%, Time: 0.07 s
Iteration 3090/5000: Ground Truth: -12.6084, Best: -12.6228, Current: -10.7598, Acceptance: 77.44%, Time: 0.07 s
Iteration 3100/5000: Ground Truth: -12.6084, Best: -12.6228, Current: -12.4100, Acceptance: 77.45%, Time: 0.04 s
Iteration 3110/5000: Ground Truth: -12.6084, Best: -12.6228, Current: -11.7958, Acceptance: 77.43%, Time: 0.04 s
Iteration 3120/5000: Ground Truth: -12.6084, Best: -12.6228, Current: -11.1925, Acceptance: 77.40%, Time: 0.04 s
Iteration 3130/5000: Ground Truth: -12.6084, Best: -12.6228, Current: -11.1625, Acceptance: 77.38%, Time: 0.07 s
Iteration 3140/5000: Ground Truth: -12.6084, Best: -12.6228, Current: -10.0270, Acceptance: 77.42%, Time: 0.04 s
Iteration 3150/5000: Ground Truth: -12.6084, Best: -12.6228, Current: -10.9530, Acceptance: 77.46%, Time: 0.04 s
Iteration 3160/5000: Ground Truth: -12.6084, Best: -12.6228, Current: -10.7216, Acceptance: 77.47%, Time: 0.04 s
Iteration 3170/5000: Ground Truth: -12.6084, Best: -12.6228, Current: -11.7555, Acceptance: 77.38%, Time: 0.07 s
Iteration 3180/5000: Ground Truth: -12.6084, Best: -12.6228, Current: -11.9195, Acceptance: 77.36%, Time: 0.04 s
Iteration 3190/5000: Ground Truth: -12.6084, Best: -12.6228, Current: -8.3143, Acceptance: 77.43%, Time: 0.07 s
Iteration 3200/5000: Ground Truth: -12.6084, Best: -12.6228, Current: -11.9195, Acceptance: 77.44%, Time: 0.04 s
Iteration 3210/5000: Ground Truth: -12.6084, Best: -12.6228, Current: -10.8088, Acceptance: 77.51%, Time: 0.07 s
Iteration 3220/5000: Ground Truth: -12.6084, Best: -12.6228, Current: -11.4142, Acceptance: 77.52%, Time: 0.04 s
Iteration 3230/5000: Ground Truth: -12.6084, Best: -12.6228, Current: -12.3876, Acceptance: 77.46%, Time: 0.04 s
Iteration 3240/5000: Ground Truth: -12.6084, Best: -12.6228, Current: -10.7420, Acceptance: 77.53%, Time: 0.07 s
Iteration 3250/5000: Ground Truth: -12.6084, Best: -12.6228, Current: -10.7370, Acceptance: 77.51%, Time: 0.04 s
Iteration 3260/5000: Ground Truth: -12.6084, Best: -12.6228, Current: -10.3988, Acceptance: 77.48%, Time: 0.07 s
Iteration 3270/5000: Ground Truth: -12.6084, Best: -12.6228, Current: -10.7080, Acceptance: 77.46%, Time: 0.04 s
Iteration 3280/5000: Ground Truth: -12.6084, Best: -12.6228, Current: -9.5888, Acceptance: 77.47%, Time: 0.07 s
Iteration 3290/5000: Ground Truth: -12.6084, Best: -12.6228, Current: -11.0941, Acceptance: 77.51%, Time: 0.06 s
Iteration 3300/5000: Ground Truth: -12.6084, Best: -12.6228, Current: -11.5560, Acceptance: 77.48%, Time: 0.04 s
Iteration 3310/5000: Ground Truth: -12.6084, Best: -12.6228, Current: -11.8972, Acceptance: 77.46%, Time: 0.04 s
Iteration 3320/5000: Ground Truth: -12.6084, Best: -12.6228, Current: -10.2059, Acceptance: 77.44%, Time: 0.04 s
Iteration 3330/5000: Ground Truth: -12.6084, Best: -12.6228, Current: -11.5254, Acceptance: 77.48%, Time: 0.07 s
Iteration 3340/5000: Ground Truth: -12.6084, Best: -12.6228, Current: -11.5472, Acceptance: 77.49%, Time: 0.04 s
Iteration 3350/5000: Ground Truth: -12.6084, Best: -12.6228, Current: -11.1479, Acceptance: 77.52%, Time: 0.07 s
Iteration 3360/5000: Ground Truth: -12.6084, Best: -12.6228, Current: -11.7737, Acceptance: 77.59%, Time: 0.04 s
Iteration 3370/5000: Ground Truth: -12.6084, Best: -12.6228, Current: -10.7554, Acceptance: 77.60%, Time: 0.07 s
Iteration 3380/5000: Ground Truth: -12.6084, Best: -12.6228, Current: -10.8106, Acceptance: 77.57%, Time: 0.07 s
Iteration 3390/5000: Ground Truth: -12.6084, Best: -12.6228, Current: -11.9976, Acceptance: 77.55%, Time: 0.04 s
Iteration 3400/5000: Ground Truth: -12.6084, Best: -12.6228, Current: -11.9624, Acceptance: 77.50%, Time: 0.04 s
Iteration 3410/5000: Ground Truth: -12.6084, Best: -12.6228, Current: -10.6862, Acceptance: 77.51%, Time: 0.06 s
Iteration 3420/5000: Ground Truth: -12.6084, Best: -12.6228, Current: -11.5191, Acceptance: 77.54%, Time: 0.04 s
Iteration 3430/5000: Ground Truth: -12.6084, Best: -12.6228, Current: -12.0824, Acceptance: 77.55%, Time: 0.07 s
Iteration 3440/5000: Ground Truth: -12.6084, Best: -12.6228, Current: -9.0737, Acceptance: 77.59%, Time: 0.04 s
Iteration 3450/5000: Ground Truth: -12.6084, Best: -12.6228, Current: -11.5058, Acceptance: 77.65%, Time: 0.04 s
Iteration 3460/5000: Ground Truth: -12.6084, Best: -12.6228, Current: -11.4941, Acceptance: 77.66%, Time: 0.04 s
Iteration 3470/5000: Ground Truth: -12.6084, Best: -12.6228, Current: -10.3008, Acceptance: 77.72%, Time: 0.07 s
Iteration 3480/5000: Ground Truth: -12.6084, Best: -12.6228, Current: -11.9483, Acceptance: 77.73%, Time: 0.04 s
Iteration 3490/5000: Ground Truth: -12.6084, Best: -12.6228, Current: -11.1640, Acceptance: 77.74%, Time: 0.04 s
Iteration 3500/5000: Ground Truth: -12.6084, Best: -12.6228, Current: -12.2821, Acceptance: 77.71%, Time: 0.04 s
Iteration 3510/5000: Ground Truth: -12.6084, Best: -12.6228, Current: -10.9906, Acceptance: 77.64%, Time: 0.04 s
Iteration 3520/5000: Ground Truth: -12.6084, Best: -12.6228, Current: -12.3566, Acceptance: 77.56%, Time: 0.04 s
Iteration 3530/5000: Ground Truth: -12.6084, Best: -12.6228, Current: -10.1322, Acceptance: 77.56%, Time: 0.04 s
Iteration 3540/5000: Ground Truth: -12.6084, Best: -12.6228, Current: -11.9452, Acceptance: 77.60%, Time: 0.04 s
Iteration 3550/5000: Ground Truth: -12.6084, Best: -12.6228, Current: -10.5346, Acceptance: 77.61%, Time: 0.07 s
Iteration 3560/5000: Ground Truth: -12.6084, Best: -12.6228, Current: -11.7647, Acceptance: 77.61%, Time: 0.04 s
Iteration 3570/5000: Ground Truth: -12.6084, Best: -12.6228, Current: -11.4811, Acceptance: 77.59%, Time: 0.07 s
Iteration 3580/5000: Ground Truth: -12.6084, Best: -12.6228, Current: -11.0883, Acceptance: 77.63%, Time: 0.07 s
Iteration 3590/5000: Ground Truth: -12.6084, Best: -12.6228, Current: -11.6186, Acceptance: 77.60%, Time: 0.07 s
Iteration 3600/5000: Ground Truth: -12.6084, Best: -12.6228, Current: -10.8810, Acceptance: 77.64%, Time: 0.04 s
Iteration 3610/5000: Ground Truth: -12.6084, Best: -12.6228, Current: -12.4302, Acceptance: 77.67%, Time: 0.04 s
Iteration 3620/5000: Ground Truth: -12.6084, Best: -12.6228, Current: -11.1453, Acceptance: 77.62%, Time: 0.04 s
Iteration 3630/5000: Ground Truth: -12.6084, Best: -12.6228, Current: -11.6942, Acceptance: 77.63%, Time: 0.04 s
Iteration 3640/5000: Ground Truth: -12.6084, Best: -12.6228, Current: -10.5658, Acceptance: 77.64%, Time: 0.07 s
Iteration 3650/5000: Ground Truth: -12.6084, Best: -12.6228, Current: -11.3509, Acceptance: 77.64%, Time: 0.04 s
Iteration 3660/5000: Ground Truth: -12.6084, Best: -12.6228, Current: -11.8542, Acceptance: 77.62%, Time: 0.04 s
Iteration 3670/5000: Ground Truth: -12.6084, Best: -12.6228, Current: -11.2720, Acceptance: 77.63%, Time: 0.04 s
Iteration 3680/5000: Ground Truth: -12.6084, Best: -12.6228, Current: -12.1208, Acceptance: 77.64%, Time: 0.04 s
Iteration 3690/5000: Ground Truth: -12.6084, Best: -12.6228, Current: -10.9524, Acceptance: 77.70%, Time: 0.07 s
Iteration 3700/5000: Ground Truth: -12.6084, Best: -12.6228, Current: -12.2207, Acceptance: 77.70%, Time: 0.04 s
Iteration 3710/5000: Ground Truth: -12.6084, Best: -12.6228, Current: -10.8508, Acceptance: 77.71%, Time: 0.07 s
Iteration 3720/5000: Ground Truth: -12.6084, Best: -12.6228, Current: -11.3231, Acceptance: 77.72%, Time: 0.04 s
Iteration 3730/5000: Ground Truth: -12.6084, Best: -12.6228, Current: -11.2721, Acceptance: 77.75%, Time: 0.04 s
Iteration 3740/5000: Ground Truth: -12.6084, Best: -12.6228, Current: -9.9801, Acceptance: 77.78%, Time: 0.06 s
Iteration 3750/5000: Ground Truth: -12.6084, Best: -12.6228, Current: -10.7305, Acceptance: 77.81%, Time: 0.04 s
Iteration 3760/5000: Ground Truth: -12.6084, Best: -12.6228, Current: -10.9158, Acceptance: 77.82%, Time: 0.06 s
Iteration 3770/5000: Ground Truth: -12.6084, Best: -12.6228, Current: -10.9553, Acceptance: 77.85%, Time: 0.06 s
Iteration 3780/5000: Ground Truth: -12.6084, Best: -12.6228, Current: -11.2267, Acceptance: 77.83%, Time: 0.04 s
Iteration 3790/5000: Ground Truth: -12.6084, Best: -12.6228, Current: -11.7349, Acceptance: 77.81%, Time: 0.04 s
Iteration 3800/5000: Ground Truth: -12.6084, Best: -12.6228, Current: -11.7527, Acceptance: 77.82%, Time: 0.04 s
Iteration 3810/5000: Ground Truth: -12.6084, Best: -12.6228, Current: -12.4248, Acceptance: 77.72%, Time: 0.04 s
Iteration 3820/5000: Ground Truth: -12.6084, Best: -12.6228, Current: -10.9968, Acceptance: 77.72%, Time: 0.07 s
Iteration 3830/5000: Ground Truth: -12.6084, Best: -12.6228, Current: -11.2668, Acceptance: 77.75%, Time: 0.04 s
Iteration 3840/5000: Ground Truth: -12.6084, Best: -12.6228, Current: -11.6815, Acceptance: 77.73%, Time: 0.04 s
Iteration 3850/5000: Ground Truth: -12.6084, Best: -12.6228, Current: -10.1611, Acceptance: 77.74%, Time: 0.04 s
Iteration 3860/5000: Ground Truth: -12.6084, Best: -12.6228, Current: -10.8221, Acceptance: 77.80%, Time: 0.04 s
Iteration 3870/5000: Ground Truth: -12.6084, Best: -12.6228, Current: -11.6792, Acceptance: 77.80%, Time: 0.07 s
Iteration 3880/5000: Ground Truth: -12.6084, Best: -12.6228, Current: -11.6820, Acceptance: 77.84%, Time: 0.04 s
Iteration 3890/5000: Ground Truth: -12.6084, Best: -12.6228, Current: -11.4537, Acceptance: 77.81%, Time: 0.07 s
Iteration 3900/5000: Ground Truth: -12.6084, Best: -12.6228, Current: -9.3291, Acceptance: 77.87%, Time: 0.06 s
Iteration 3910/5000: Ground Truth: -12.6084, Best: -12.6228, Current: -11.7963, Acceptance: 77.83%, Time: 0.04 s
Iteration 3920/5000: Ground Truth: -12.6084, Best: -12.6228, Current: -12.0009, Acceptance: 77.78%, Time: 0.06 s
Iteration 3930/5000: Ground Truth: -12.6084, Best: -12.6228, Current: -11.0982, Acceptance: 77.81%, Time: 0.04 s
Iteration 3940/5000: Ground Truth: -12.6084, Best: -12.6228, Current: -10.5856, Acceptance: 77.84%, Time: 0.04 s
Iteration 3950/5000: Ground Truth: -12.6084, Best: -12.6228, Current: -11.5594, Acceptance: 77.80%, Time: 0.07 s
Iteration 3960/5000: Ground Truth: -12.6084, Best: -12.6228, Current: -10.5408, Acceptance: 77.78%, Time: 0.04 s
Iteration 3970/5000: Ground Truth: -12.6084, Best: -12.6228, Current: -11.2954, Acceptance: 77.81%, Time: 0.04 s
Iteration 3980/5000: Ground Truth: -12.6084, Best: -12.6228, Current: -12.0851, Acceptance: 77.81%, Time: 0.04 s
Iteration 3990/5000: Ground Truth: -12.6084, Best: -12.6228, Current: -11.6493, Acceptance: 77.79%, Time: 0.04 s
Iteration 4000/5000: Ground Truth: -12.6084, Best: -12.6228, Current: -12.1681, Acceptance: 77.80%, Time: 0.07 s
Iteration 4010/5000: Ground Truth: -12.6084, Best: -12.6228, Current: -11.8309, Acceptance: 77.78%, Time: 0.07 s
Iteration 4020/5000: Ground Truth: -12.6084, Best: -12.6228, Current: -11.4617, Acceptance: 77.79%, Time: 0.04 s
Iteration 4030/5000: Ground Truth: -12.6084, Best: -12.6228, Current: -11.3324, Acceptance: 77.77%, Time: 0.04 s
Iteration 4040/5000: Ground Truth: -12.6084, Best: -12.6228, Current: -11.5288, Acceptance: 77.77%, Time: 0.04 s
Iteration 4050/5000: Ground Truth: -12.6084, Best: -12.6228, Current: -11.2738, Acceptance: 77.80%, Time: 0.04 s
Iteration 4060/5000: Ground Truth: -12.6084, Best: -12.6228, Current: -11.4169, Acceptance: 77.81%, Time: 0.07 s
Iteration 4070/5000: Ground Truth: -12.6084, Best: -12.6228, Current: -11.7069, Acceptance: 77.76%, Time: 0.04 s
Iteration 4080/5000: Ground Truth: -12.6084, Best: -12.6228, Current: -12.3024, Acceptance: 77.77%, Time: 0.04 s
Iteration 4090/5000: Ground Truth: -12.6084, Best: -12.6228, Current: -9.7367, Acceptance: 77.80%, Time: 0.06 s
Iteration 4100/5000: Ground Truth: -12.6084, Best: -12.6228, Current: -11.4531, Acceptance: 77.80%, Time: 0.04 s
Iteration 4110/5000: Ground Truth: -12.6084, Best: -12.6228, Current: -11.3617, Acceptance: 77.79%, Time: 0.04 s
Iteration 4120/5000: Ground Truth: -12.6084, Best: -12.6228, Current: -11.1498, Acceptance: 77.84%, Time: 0.04 s
Iteration 4130/5000: Ground Truth: -12.6084, Best: -12.6228, Current: -11.2445, Acceptance: 77.87%, Time: 0.07 s
Iteration 4140/5000: Ground Truth: -12.6084, Best: -12.6228, Current: -11.8294, Acceptance: 77.90%, Time: 0.04 s
Iteration 4150/5000: Ground Truth: -12.6084, Best: -12.6228, Current: -11.8373, Acceptance: 77.93%, Time: 0.04 s
Iteration 4160/5000: Ground Truth: -12.6084, Best: -12.6228, Current: -11.2897, Acceptance: 77.93%, Time: 0.06 s
Iteration 4170/5000: Ground Truth: -12.6084, Best: -12.6228, Current: -11.6011, Acceptance: 77.87%, Time: 0.04 s
Iteration 4180/5000: Ground Truth: -12.6084, Best: -12.6228, Current: -12.3671, Acceptance: 77.85%, Time: 0.04 s
Iteration 4190/5000: Ground Truth: -12.6084, Best: -12.6228, Current: -12.2209, Acceptance: 77.80%, Time: 0.04 s
Iteration 4200/5000: Ground Truth: -12.6084, Best: -12.6228, Current: -11.1792, Acceptance: 77.74%, Time: 0.07 s
Iteration 4210/5000: Ground Truth: -12.6084, Best: -12.6228, Current: -11.2109, Acceptance: 77.79%, Time: 0.04 s
Iteration 4220/5000: Ground Truth: -12.6084, Best: -12.6228, Current: -9.3388, Acceptance: 77.82%, Time: 0.07 s
Iteration 4230/5000: Ground Truth: -12.6084, Best: -12.6228, Current: -10.0830, Acceptance: 77.87%, Time: 0.06 s
Iteration 4240/5000: Ground Truth: -12.6084, Best: -12.6228, Current: -11.7852, Acceptance: 77.85%, Time: 0.06 s
Iteration 4250/5000: Ground Truth: -12.6084, Best: -12.6228, Current: -11.5897, Acceptance: 77.84%, Time: 0.07 s
Iteration 4260/5000: Ground Truth: -12.6084, Best: -12.6228, Current: -12.1072, Acceptance: 77.84%, Time: 0.04 s
Iteration 4270/5000: Ground Truth: -12.6084, Best: -12.6228, Current: -11.0938, Acceptance: 77.80%, Time: 0.04 s
Iteration 4280/5000: Ground Truth: -12.6084, Best: -12.6228, Current: -11.6560, Acceptance: 77.83%, Time: 0.04 s
Iteration 4290/5000: Ground Truth: -12.6084, Best: -12.6228, Current: -11.5513, Acceptance: 77.79%, Time: 0.04 s
Iteration 4300/5000: Ground Truth: -12.6084, Best: -12.6228, Current: -11.5013, Acceptance: 77.77%, Time: 0.04 s
Iteration 4310/5000: Ground Truth: -12.6084, Best: -12.6228, Current: -11.7995, Acceptance: 77.77%, Time: 0.04 s
Iteration 4320/5000: Ground Truth: -12.6084, Best: -12.6228, Current: -10.9386, Acceptance: 77.75%, Time: 0.04 s
Iteration 4330/5000: Ground Truth: -12.6084, Best: -12.6228, Current: -11.8194, Acceptance: 77.76%, Time: 0.04 s
Iteration 4340/5000: Ground Truth: -12.6084, Best: -12.6228, Current: -9.2854, Acceptance: 77.79%, Time: 0.04 s
Iteration 4350/5000: Ground Truth: -12.6084, Best: -12.6228, Current: -11.5089, Acceptance: 77.79%, Time: 0.04 s
Iteration 4360/5000: Ground Truth: -12.6084, Best: -12.6228, Current: -11.5265, Acceptance: 77.75%, Time: 0.07 s
Iteration 4370/5000: Ground Truth: -12.6084, Best: -12.6228, Current: -11.9124, Acceptance: 77.76%, Time: 0.04 s
Iteration 4380/5000: Ground Truth: -12.6084, Best: -12.6228, Current: -12.0085, Acceptance: 77.72%, Time: 0.07 s
Iteration 4390/5000: Ground Truth: -12.6084, Best: -12.6228, Current: -11.5037, Acceptance: 77.70%, Time: 0.07 s
Iteration 4400/5000: Ground Truth: -12.6084, Best: -12.6228, Current: -11.3917, Acceptance: 77.73%, Time: 0.07 s
Iteration 4410/5000: Ground Truth: -12.6084, Best: -12.6228, Current: -10.0041, Acceptance: 77.69%, Time: 0.07 s
Iteration 4420/5000: Ground Truth: -12.6084, Best: -12.6228, Current: -11.9606, Acceptance: 77.60%, Time: 0.07 s
Iteration 4430/5000: Ground Truth: -12.6084, Best: -12.6228, Current: -11.9316, Acceptance: 77.65%, Time: 0.04 s
Iteration 4440/5000: Ground Truth: -12.6084, Best: -12.6228, Current: -11.5725, Acceptance: 77.61%, Time: 0.07 s
Iteration 4450/5000: Ground Truth: -12.6084, Best: -12.6228, Current: -11.9928, Acceptance: 77.64%, Time: 0.04 s
Iteration 4460/5000: Ground Truth: -12.6084, Best: -12.6228, Current: -12.2417, Acceptance: 77.60%, Time: 0.04 s
Iteration 4470/5000: Ground Truth: -12.6084, Best: -12.6228, Current: -11.9058, Acceptance: 77.61%, Time: 0.04 s
Iteration 4480/5000: Ground Truth: -12.6084, Best: -12.6228, Current: -12.1000, Acceptance: 77.57%, Time: 0.04 s
Iteration 4490/5000: Ground Truth: -12.6084, Best: -12.6228, Current: -11.4262, Acceptance: 77.62%, Time: 0.04 s
Iteration 4500/5000: Ground Truth: -12.6084, Best: -12.6228, Current: -11.2162, Acceptance: 77.58%, Time: 0.04 s
Iteration 4510/5000: Ground Truth: -12.6084, Best: -12.6228, Current: -11.6883, Acceptance: 77.63%, Time: 0.04 s
Iteration 4520/5000: Ground Truth: -12.6084, Best: -12.6228, Current: -11.0670, Acceptance: 77.61%, Time: 0.04 s
Iteration 4530/5000: Ground Truth: -12.6084, Best: -12.6228, Current: -12.1811, Acceptance: 77.62%, Time: 0.04 s
Iteration 4540/5000: Ground Truth: -12.6084, Best: -12.6228, Current: -11.4672, Acceptance: 77.62%, Time: 0.04 s
Iteration 4550/5000: Ground Truth: -12.6084, Best: -12.6228, Current: -10.6738, Acceptance: 77.60%, Time: 0.07 s
Iteration 4560/5000: Ground Truth: -12.6084, Best: -12.6228, Current: -11.9355, Acceptance: 77.61%, Time: 0.04 s
Iteration 4570/5000: Ground Truth: -12.6084, Best: -12.6228, Current: -11.5239, Acceptance: 77.66%, Time: 0.04 s
Iteration 4580/5000: Ground Truth: -12.6084, Best: -12.6228, Current: -11.3316, Acceptance: 77.64%, Time: 0.07 s
Iteration 4590/5000: Ground Truth: -12.6084, Best: -12.6228, Current: -10.8561, Acceptance: 77.67%, Time: 0.06 s
Iteration 4600/5000: Ground Truth: -12.6084, Best: -12.6228, Current: -10.2817, Acceptance: 77.65%, Time: 0.07 s
Iteration 4610/5000: Ground Truth: -12.6084, Best: -12.6228, Current: -11.2999, Acceptance: 77.59%, Time: 0.07 s
Iteration 4620/5000: Ground Truth: -12.6084, Best: -12.6228, Current: -10.9231, Acceptance: 77.58%, Time: 0.04 s
Iteration 4630/5000: Ground Truth: -12.6084, Best: -12.6228, Current: -9.9456, Acceptance: 77.60%, Time: 0.04 s
Iteration 4640/5000: Ground Truth: -12.6084, Best: -12.6228, Current: -10.3931, Acceptance: 77.63%, Time: 0.07 s
Iteration 4650/5000: Ground Truth: -12.6084, Best: -12.6228, Current: -11.6838, Acceptance: 77.63%, Time: 0.07 s
Iteration 4660/5000: Ground Truth: -12.6084, Best: -12.6228, Current: -11.0908, Acceptance: 77.64%, Time: 0.04 s
Iteration 4670/5000: Ground Truth: -12.6084, Best: -12.6228, Current: -11.8101, Acceptance: 77.64%, Time: 0.04 s
Iteration 4680/5000: Ground Truth: -12.6084, Best: -12.6228, Current: -11.6108, Acceptance: 77.63%, Time: 0.04 s
Iteration 4690/5000: Ground Truth: -12.6084, Best: -12.6228, Current: -11.7346, Acceptance: 77.65%, Time: 0.04 s
Iteration 4700/5000: Ground Truth: -12.6084, Best: -12.6228, Current: -11.4222, Acceptance: 77.64%, Time: 0.04 s
Iteration 4710/5000: Ground Truth: -12.6084, Best: -12.6228, Current: -11.8157, Acceptance: 77.64%, Time: 0.04 s
Iteration 4720/5000: Ground Truth: -12.6084, Best: -12.6228, Current: -11.3663, Acceptance: 77.67%, Time: 0.04 s
Iteration 4730/5000: Ground Truth: -12.6084, Best: -12.6228, Current: -11.0615, Acceptance: 77.63%, Time: 0.04 s
Iteration 4740/5000: Ground Truth: -12.6084, Best: -12.6228, Current: -10.3710, Acceptance: 77.68%, Time: 0.04 s
Iteration 4750/5000: Ground Truth: -12.6084, Best: -12.6228, Current: -12.0385, Acceptance: 77.66%, Time: 0.04 s
Iteration 4760/5000: Ground Truth: -12.6084, Best: -12.6228, Current: -9.6353, Acceptance: 77.71%, Time: 0.04 s
Iteration 4770/5000: Ground Truth: -12.6084, Best: -12.6228, Current: -10.9451, Acceptance: 77.63%, Time: 0.06 s
Iteration 4780/5000: Ground Truth: -12.6084, Best: -12.6228, Current: -11.1932, Acceptance: 77.64%, Time: 0.06 s
Iteration 4790/5000: Ground Truth: -12.6084, Best: -12.6228, Current: -11.4779, Acceptance: 77.60%, Time: 0.07 s
Iteration 4800/5000: Ground Truth: -12.6084, Best: -12.6228, Current: -12.0296, Acceptance: 77.62%, Time: 0.04 s
Iteration 4810/5000: Ground Truth: -12.6084, Best: -12.6228, Current: -9.3800, Acceptance: 77.61%, Time: 0.06 s
Iteration 4820/5000: Ground Truth: -12.6084, Best: -12.6228, Current: -10.7993, Acceptance: 77.61%, Time: 0.04 s
Iteration 4830/5000: Ground Truth: -12.6084, Best: -12.6228, Current: -10.7221, Acceptance: 77.66%, Time: 0.04 s
Iteration 4840/5000: Ground Truth: -12.6084, Best: -12.6228, Current: -11.3798, Acceptance: 77.64%, Time: 0.07 s
Iteration 4850/5000: Ground Truth: -12.6084, Best: -12.6228, Current: -11.3134, Acceptance: 77.63%, Time: 0.07 s
Iteration 4860/5000: Ground Truth: -12.6084, Best: -12.6228, Current: -12.0986, Acceptance: 77.63%, Time: 0.04 s
Iteration 4870/5000: Ground Truth: -12.6084, Best: -12.6228, Current: -12.4719, Acceptance: 77.64%, Time: 0.04 s
Iteration 4880/5000: Ground Truth: -12.6084, Best: -12.6228, Current: -11.2748, Acceptance: 77.66%, Time: 0.07 s
Iteration 4890/5000: Ground Truth: -12.6084, Best: -12.6228, Current: -11.7946, Acceptance: 77.65%, Time: 0.04 s
Iteration 4900/5000: Ground Truth: -12.6084, Best: -12.6228, Current: -11.5998, Acceptance: 77.65%, Time: 0.04 s
Iteration 4910/5000: Ground Truth: -12.6084, Best: -12.6228, Current: -10.8687, Acceptance: 77.68%, Time: 0.07 s
Iteration 4920/5000: Ground Truth: -12.6084, Best: -12.6228, Current: -11.0819, Acceptance: 77.64%, Time: 0.04 s
Iteration 4930/5000: Ground Truth: -12.6084, Best: -12.6228, Current: -11.5196, Acceptance: 77.63%, Time: 0.04 s
Iteration 4940/5000: Ground Truth: -12.6084, Best: -12.6228, Current: -12.3330, Acceptance: 77.63%, Time: 0.04 s
Iteration 4950/5000: Ground Truth: -12.6084, Best: -12.6228, Current: -12.4860, Acceptance: 77.56%, Time: 0.07 s
Iteration 4960/5000: Ground Truth: -12.6084, Best: -12.6228, Current: -11.6220, Acceptance: 77.56%, Time: 0.04 s
Iteration 4970/5000: Ground Truth: -12.6084, Best: -12.6228, Current: -10.5425, Acceptance: 77.57%, Time: 0.04 s
Iteration 4980/5000: Ground Truth: -12.6084, Best: -12.6228, Current: -11.4347, Acceptance: 77.57%, Time: 0.04 s
Iteration 4990/5000: Ground Truth: -12.6084, Best: -12.6228, Current: -11.3547, Acceptance: 77.58%, Time: 0.04 s
Iteration 5000/5000: Ground Truth: -12.6084, Best: -12.6228, Current: -11.1625, Acceptance: 77.58%, Time: 0.07 s
Matched for mp-2415: RMSD = 1.455, ΔE = 0.014 eV
mp-2415 match: True
Initial energy: -33.85963821411133
  *** New best: -34.9056 eV
Iteration 10/5000: Ground Truth: -34.9186, Best: -34.9056, Current: -32.4140, Acceptance: 90.00%, Time: 0.04 s
  *** New best: -34.9070 eV
Iteration 20/5000: Ground Truth: -34.9186, Best: -34.9070, Current: -32.4293, Acceptance: 85.00%, Time: 0.07 s
  *** New best: -34.9097 eV
Iteration 30/5000: Ground Truth: -34.9186, Best: -34.9097, Current: -33.8591, Acceptance: 83.33%, Time: 0.07 s
  *** New best: -34.9122 eV
Iteration 40/5000: Ground Truth: -34.9186, Best: -34.9122, Current: -34.6896, Acceptance: 80.00%, Time: 0.04 s
  *** New best: -34.9157 eV
Iteration 50/5000: Ground Truth: -34.9186, Best: -34.9157, Current: -33.5628, Acceptance: 76.00%, Time: 0.04 s
Iteration 60/5000: Ground Truth: -34.9186, Best: -34.9157, Current: -33.6852, Acceptance: 71.67%, Time: 0.07 s
  *** New best: -34.9180 eV
Iteration 70/5000: Ground Truth: -34.9186, Best: -34.9180, Current: -34.0934, Acceptance: 71.43%, Time: 0.04 s
Iteration 80/5000: Ground Truth: -34.9186, Best: -34.9180, Current: -32.9760, Acceptance: 71.25%, Time: 0.07 s
Iteration 90/5000: Ground Truth: -34.9186, Best: -34.9180, Current: -34.2614, Acceptance: 70.00%, Time: 0.07 s
Iteration 100/5000: Ground Truth: -34.9186, Best: -34.9180, Current: -33.0529, Acceptance: 71.00%, Time: 0.07 s
Iteration 110/5000: Ground Truth: -34.9186, Best: -34.9180, Current: -33.5681, Acceptance: 70.00%, Time: 0.04 s
Iteration 120/5000: Ground Truth: -34.9186, Best: -34.9180, Current: -33.5754, Acceptance: 69.17%, Time: 0.04 s
Iteration 130/5000: Ground Truth: -34.9186, Best: -34.9180, Current: -33.6385, Acceptance: 69.23%, Time: 0.07 s
Iteration 140/5000: Ground Truth: -34.9186, Best: -34.9180, Current: -31.4200, Acceptance: 70.71%, Time: 0.07 s
Iteration 150/5000: Ground Truth: -34.9186, Best: -34.9180, Current: -33.4525, Acceptance: 71.33%, Time: 0.07 s
Iteration 160/5000: Ground Truth: -34.9186, Best: -34.9180, Current: -34.6687, Acceptance: 70.00%, Time: 0.04 s
Iteration 170/5000: Ground Truth: -34.9186, Best: -34.9180, Current: -33.7417, Acceptance: 68.82%, Time: 0.07 s
Iteration 180/5000: Ground Truth: -34.9186, Best: -34.9180, Current: -32.3604, Acceptance: 69.44%, Time: 0.07 s
Iteration 190/5000: Ground Truth: -34.9186, Best: -34.9180, Current: -34.3790, Acceptance: 70.00%, Time: 0.04 s
Iteration 200/5000: Ground Truth: -34.9186, Best: -34.9180, Current: -33.7261, Acceptance: 68.50%, Time: 0.04 s
Iteration 210/5000: Ground Truth: -34.9186, Best: -34.9180, Current: -33.0863, Acceptance: 70.00%, Time: 0.04 s
Iteration 220/5000: Ground Truth: -34.9186, Best: -34.9180, Current: -32.2925, Acceptance: 71.36%, Time: 0.07 s
Iteration 230/5000: Ground Truth: -34.9186, Best: -34.9180, Current: -32.5507, Acceptance: 72.17%, Time: 0.07 s
Iteration 240/5000: Ground Truth: -34.9186, Best: -34.9180, Current: -33.7591, Acceptance: 71.67%, Time: 0.04 s
Iteration 250/5000: Ground Truth: -34.9186, Best: -34.9180, Current: -33.3586, Acceptance: 71.20%, Time: 0.07 s
Iteration 260/5000: Ground Truth: -34.9186, Best: -34.9180, Current: -33.4092, Acceptance: 70.38%, Time: 0.07 s
Iteration 270/5000: Ground Truth: -34.9186, Best: -34.9180, Current: -33.6924, Acceptance: 70.00%, Time: 0.07 s
Iteration 280/5000: Ground Truth: -34.9186, Best: -34.9180, Current: -33.7714, Acceptance: 70.00%, Time: 0.07 s
Iteration 290/5000: Ground Truth: -34.9186, Best: -34.9180, Current: -34.2322, Acceptance: 70.00%, Time: 0.04 s
Iteration 300/5000: Ground Truth: -34.9186, Best: -34.9180, Current: -33.6095, Acceptance: 71.00%, Time: 0.04 s
Iteration 310/5000: Ground Truth: -34.9186, Best: -34.9180, Current: -33.8290, Acceptance: 71.29%, Time: 0.07 s
Iteration 320/5000: Ground Truth: -34.9186, Best: -34.9180, Current: -33.7127, Acceptance: 70.94%, Time: 0.04 s
Iteration 330/5000: Ground Truth: -34.9186, Best: -34.9180, Current: -32.0743, Acceptance: 71.82%, Time: 0.07 s
Iteration 340/5000: Ground Truth: -34.9186, Best: -34.9180, Current: -34.1634, Acceptance: 72.35%, Time: 0.04 s
Iteration 350/5000: Ground Truth: -34.9186, Best: -34.9180, Current: -34.0222, Acceptance: 72.29%, Time: 0.07 s
Iteration 360/5000: Ground Truth: -34.9186, Best: -34.9180, Current: -33.5313, Acceptance: 72.50%, Time: 0.07 s
Iteration 370/5000: Ground Truth: -34.9186, Best: -34.9180, Current: -33.4556, Acceptance: 72.16%, Time: 0.04 s
Iteration 380/5000: Ground Truth: -34.9186, Best: -34.9180, Current: -32.8386, Acceptance: 72.11%, Time: 0.04 s
Iteration 390/5000: Ground Truth: -34.9186, Best: -34.9180, Current: -33.2754, Acceptance: 72.05%, Time: 0.07 s
Iteration 400/5000: Ground Truth: -34.9186, Best: -34.9180, Current: -33.5415, Acceptance: 72.00%, Time: 0.07 s
Iteration 410/5000: Ground Truth: -34.9186, Best: -34.9180, Current: -32.0713, Acceptance: 72.20%, Time: 0.07 s
Iteration 420/5000: Ground Truth: -34.9186, Best: -34.9180, Current: -32.8233, Acceptance: 72.14%, Time: 0.07 s
Iteration 430/5000: Ground Truth: -34.9186, Best: -34.9180, Current: -33.4003, Acceptance: 71.86%, Time: 0.07 s
Iteration 440/5000: Ground Truth: -34.9186, Best: -34.9180, Current: -31.3906, Acceptance: 71.82%, Time: 0.07 s
Iteration 450/5000: Ground Truth: -34.9186, Best: -34.9180, Current: -33.8138, Acceptance: 72.44%, Time: 0.07 s
Iteration 460/5000: Ground Truth: -34.9186, Best: -34.9180, Current: -32.4387, Acceptance: 72.39%, Time: 0.07 s
Iteration 470/5000: Ground Truth: -34.9186, Best: -34.9180, Current: -33.0425, Acceptance: 72.34%, Time: 0.07 s
Iteration 480/5000: Ground Truth: -34.9186, Best: -34.9180, Current: -34.3271, Acceptance: 71.88%, Time: 0.07 s
Iteration 490/5000: Ground Truth: -34.9186, Best: -34.9180, Current: -33.6899, Acceptance: 71.84%, Time: 0.04 s
Iteration 500/5000: Ground Truth: -34.9186, Best: -34.9180, Current: -33.6403, Acceptance: 72.20%, Time: 0.04 s
Iteration 510/5000: Ground Truth: -34.9186, Best: -34.9180, Current: -31.6753, Acceptance: 72.55%, Time: 0.07 s
Iteration 520/5000: Ground Truth: -34.9186, Best: -34.9180, Current: -32.9105, Acceptance: 72.12%, Time: 0.04 s
Iteration 530/5000: Ground Truth: -34.9186, Best: -34.9180, Current: -33.0513, Acceptance: 71.70%, Time: 0.07 s
Iteration 540/5000: Ground Truth: -34.9186, Best: -34.9180, Current: -34.4641, Acceptance: 71.30%, Time: 0.07 s
Iteration 550/5000: Ground Truth: -34.9186, Best: -34.9180, Current: -33.1388, Acceptance: 71.27%, Time: 0.07 s
Iteration 560/5000: Ground Truth: -34.9186, Best: -34.9180, Current: -32.3369, Acceptance: 71.25%, Time: 0.07 s
Iteration 570/5000: Ground Truth: -34.9186, Best: -34.9180, Current: -32.5511, Acceptance: 71.58%, Time: 0.07 s
  *** New best: -34.9182 eV
Iteration 580/5000: Ground Truth: -34.9186, Best: -34.9182, Current: -33.7334, Acceptance: 71.55%, Time: 0.07 s
Iteration 590/5000: Ground Truth: -34.9186, Best: -34.9182, Current: -33.8515, Acceptance: 71.86%, Time: 0.04 s
Iteration 600/5000: Ground Truth: -34.9186, Best: -34.9182, Current: -33.5330, Acceptance: 71.83%, Time: 0.04 s
Iteration 610/5000: Ground Truth: -34.9186, Best: -34.9182, Current: -33.8110, Acceptance: 71.64%, Time: 0.07 s
Iteration 620/5000: Ground Truth: -34.9186, Best: -34.9182, Current: -32.1037, Acceptance: 71.45%, Time: 0.07 s
Iteration 630/5000: Ground Truth: -34.9186, Best: -34.9182, Current: -33.5698, Acceptance: 70.95%, Time: 0.07 s
Iteration 640/5000: Ground Truth: -34.9186, Best: -34.9182, Current: -31.6982, Acceptance: 71.09%, Time: 0.07 s
Iteration 650/5000: Ground Truth: -34.9186, Best: -34.9182, Current: -33.0438, Acceptance: 71.54%, Time: 0.07 s
Iteration 660/5000: Ground Truth: -34.9186, Best: -34.9182, Current: -33.1759, Acceptance: 71.52%, Time: 0.05 s
Iteration 670/5000: Ground Truth: -34.9186, Best: -34.9182, Current: -32.2469, Acceptance: 71.34%, Time: 0.07 s
Iteration 680/5000: Ground Truth: -34.9186, Best: -34.9182, Current: -32.2505, Acceptance: 71.62%, Time: 0.07 s
Iteration 690/5000: Ground Truth: -34.9186, Best: -34.9182, Current: -33.3927, Acceptance: 71.59%, Time: 0.04 s
Iteration 700/5000: Ground Truth: -34.9186, Best: -34.9182, Current: -33.6513, Acceptance: 71.71%, Time: 0.04 s
Iteration 710/5000: Ground Truth: -34.9186, Best: -34.9182, Current: -33.4207, Acceptance: 71.41%, Time: 0.07 s
Iteration 720/5000: Ground Truth: -34.9186, Best: -34.9182, Current: -34.0525, Acceptance: 71.39%, Time: 0.07 s
Iteration 730/5000: Ground Truth: -34.9186, Best: -34.9182, Current: -33.3418, Acceptance: 71.51%, Time: 0.04 s
Iteration 740/5000: Ground Truth: -34.9186, Best: -34.9182, Current: -32.3762, Acceptance: 71.62%, Time: 0.07 s
Iteration 750/5000: Ground Truth: -34.9186, Best: -34.9182, Current: -33.8291, Acceptance: 71.60%, Time: 0.04 s
Iteration 760/5000: Ground Truth: -34.9186, Best: -34.9182, Current: -33.7717, Acceptance: 71.71%, Time: 0.04 s
Iteration 770/5000: Ground Truth: -34.9186, Best: -34.9182, Current: -31.9690, Acceptance: 71.69%, Time: 0.07 s
Iteration 780/5000: Ground Truth: -34.9186, Best: -34.9182, Current: -33.2493, Acceptance: 71.67%, Time: 0.07 s
Iteration 790/5000: Ground Truth: -34.9186, Best: -34.9182, Current: -34.4335, Acceptance: 71.27%, Time: 0.07 s
Iteration 800/5000: Ground Truth: -34.9186, Best: -34.9182, Current: -31.0963, Acceptance: 71.38%, Time: 0.07 s
Iteration 810/5000: Ground Truth: -34.9186, Best: -34.9182, Current: -33.8034, Acceptance: 71.60%, Time: 0.07 s
Iteration 820/5000: Ground Truth: -34.9186, Best: -34.9182, Current: -33.8798, Acceptance: 71.46%, Time: 0.04 s
Iteration 830/5000: Ground Truth: -34.9186, Best: -34.9182, Current: -34.7016, Acceptance: 71.20%, Time: 0.07 s
Iteration 840/5000: Ground Truth: -34.9186, Best: -34.9182, Current: -33.0535, Acceptance: 71.31%, Time: 0.07 s
Iteration 850/5000: Ground Truth: -34.9186, Best: -34.9182, Current: -32.0020, Acceptance: 71.41%, Time: 0.07 s
Iteration 860/5000: Ground Truth: -34.9186, Best: -34.9182, Current: -32.6250, Acceptance: 71.74%, Time: 0.07 s
Iteration 870/5000: Ground Truth: -34.9186, Best: -34.9182, Current: -34.4027, Acceptance: 71.84%, Time: 0.04 s
Iteration 880/5000: Ground Truth: -34.9186, Best: -34.9182, Current: -34.0471, Acceptance: 71.70%, Time: 0.04 s
Iteration 890/5000: Ground Truth: -34.9186, Best: -34.9182, Current: -33.1450, Acceptance: 71.69%, Time: 0.07 s
Iteration 900/5000: Ground Truth: -34.9186, Best: -34.9182, Current: -33.8299, Acceptance: 71.44%, Time: 0.07 s
Iteration 910/5000: Ground Truth: -34.9186, Best: -34.9182, Current: -34.0029, Acceptance: 71.10%, Time: 0.04 s
Iteration 920/5000: Ground Truth: -34.9186, Best: -34.9182, Current: -33.6092, Acceptance: 71.09%, Time: 0.07 s
Iteration 930/5000: Ground Truth: -34.9186, Best: -34.9182, Current: -33.4414, Acceptance: 71.29%, Time: 0.07 s
Iteration 940/5000: Ground Truth: -34.9186, Best: -34.9182, Current: -32.8468, Acceptance: 71.49%, Time: 0.07 s
Iteration 950/5000: Ground Truth: -34.9186, Best: -34.9182, Current: -34.1230, Acceptance: 71.47%, Time: 0.04 s
Iteration 960/5000: Ground Truth: -34.9186, Best: -34.9182, Current: -34.2079, Acceptance: 71.67%, Time: 0.04 s
Iteration 970/5000: Ground Truth: -34.9186, Best: -34.9182, Current: -30.7437, Acceptance: 71.96%, Time: 0.07 s
Iteration 980/5000: Ground Truth: -34.9186, Best: -34.9182, Current: -33.5403, Acceptance: 72.14%, Time: 0.07 s
Iteration 990/5000: Ground Truth: -34.9186, Best: -34.9182, Current: -34.4012, Acceptance: 71.92%, Time: 0.07 s
Iteration 1000/5000: Ground Truth: -34.9186, Best: -34.9182, Current: -32.7510, Acceptance: 72.20%, Time: 0.07 s
Iteration 1010/5000: Ground Truth: -34.9186, Best: -34.9182, Current: -33.4494, Acceptance: 72.28%, Time: 0.07 s
Iteration 1020/5000: Ground Truth: -34.9186, Best: -34.9182, Current: -34.1254, Acceptance: 72.25%, Time: 0.07 s
Iteration 1030/5000: Ground Truth: -34.9186, Best: -34.9182, Current: -33.4148, Acceptance: 72.23%, Time: 0.07 s
Iteration 1040/5000: Ground Truth: -34.9186, Best: -34.9182, Current: -31.9375, Acceptance: 72.50%, Time: 0.07 s
Iteration 1050/5000: Ground Truth: -34.9186, Best: -34.9182, Current: -32.4731, Acceptance: 72.48%, Time: 0.07 s
Iteration 1060/5000: Ground Truth: -34.9186, Best: -34.9182, Current: -31.4520, Acceptance: 72.36%, Time: 0.07 s
Iteration 1070/5000: Ground Truth: -34.9186, Best: -34.9182, Current: -32.7685, Acceptance: 72.43%, Time: 0.04 s
Iteration 1080/5000: Ground Truth: -34.9186, Best: -34.9182, Current: -33.5878, Acceptance: 72.22%, Time: 0.07 s
Iteration 1090/5000: Ground Truth: -34.9186, Best: -34.9182, Current: -33.0801, Acceptance: 72.29%, Time: 0.07 s
Iteration 1100/5000: Ground Truth: -34.9186, Best: -34.9182, Current: -33.5187, Acceptance: 72.18%, Time: 0.07 s
Iteration 1110/5000: Ground Truth: -34.9186, Best: -34.9182, Current: -32.3377, Acceptance: 71.98%, Time: 0.07 s
Iteration 1120/5000: Ground Truth: -34.9186, Best: -34.9182, Current: -34.4875, Acceptance: 71.79%, Time: 0.07 s
Iteration 1130/5000: Ground Truth: -34.9186, Best: -34.9182, Current: -32.4976, Acceptance: 71.95%, Time: 0.07 s
Iteration 1140/5000: Ground Truth: -34.9186, Best: -34.9182, Current: -32.2756, Acceptance: 72.02%, Time: 0.07 s
Iteration 1150/5000: Ground Truth: -34.9186, Best: -34.9182, Current: -29.9517, Acceptance: 72.09%, Time: 0.07 s
Iteration 1160/5000: Ground Truth: -34.9186, Best: -34.9182, Current: -31.7663, Acceptance: 72.24%, Time: 0.07 s
Iteration 1170/5000: Ground Truth: -34.9186, Best: -34.9182, Current: -32.5581, Acceptance: 72.22%, Time: 0.07 s
Iteration 1180/5000: Ground Truth: -34.9186, Best: -34.9182, Current: -34.3439, Acceptance: 72.29%, Time: 0.04 s
Iteration 1190/5000: Ground Truth: -34.9186, Best: -34.9182, Current: -33.4652, Acceptance: 72.27%, Time: 0.04 s
Iteration 1200/5000: Ground Truth: -34.9186, Best: -34.9182, Current: -33.7328, Acceptance: 72.25%, Time: 0.07 s
Iteration 1210/5000: Ground Truth: -34.9186, Best: -34.9182, Current: -32.8696, Acceptance: 72.31%, Time: 0.07 s
Iteration 1220/5000: Ground Truth: -34.9186, Best: -34.9182, Current: -31.5699, Acceptance: 72.38%, Time: 0.04 s
Iteration 1230/5000: Ground Truth: -34.9186, Best: -34.9182, Current: -33.3888, Acceptance: 72.36%, Time: 0.04 s
Iteration 1240/5000: Ground Truth: -34.9186, Best: -34.9182, Current: -33.7405, Acceptance: 72.26%, Time: 0.04 s
Iteration 1250/5000: Ground Truth: -34.9186, Best: -34.9182, Current: -33.3921, Acceptance: 72.32%, Time: 0.04 s
Iteration 1260/5000: Ground Truth: -34.9186, Best: -34.9182, Current: -34.4345, Acceptance: 72.14%, Time: 0.07 s
Iteration 1270/5000: Ground Truth: -34.9186, Best: -34.9182, Current: -33.6926, Acceptance: 71.97%, Time: 0.07 s
  *** New best: -34.9185 eV
Iteration 1280/5000: Ground Truth: -34.9186, Best: -34.9185, Current: -33.3697, Acceptance: 71.95%, Time: 0.07 s
Iteration 1290/5000: Ground Truth: -34.9186, Best: -34.9185, Current: -34.1936, Acceptance: 71.94%, Time: 0.04 s
Iteration 1300/5000: Ground Truth: -34.9186, Best: -34.9185, Current: -33.4773, Acceptance: 72.08%, Time: 0.04 s
Iteration 1310/5000: Ground Truth: -34.9186, Best: -34.9185, Current: -33.7787, Acceptance: 72.14%, Time: 0.04 s
Iteration 1320/5000: Ground Truth: -34.9186, Best: -34.9185, Current: -33.4619, Acceptance: 72.20%, Time: 0.07 s
Iteration 1330/5000: Ground Truth: -34.9186, Best: -34.9185, Current: -33.3823, Acceptance: 72.18%, Time: 0.07 s
Iteration 1340/5000: Ground Truth: -34.9186, Best: -34.9185, Current: -34.8154, Acceptance: 71.94%, Time: 0.04 s
Iteration 1350/5000: Ground Truth: -34.9186, Best: -34.9185, Current: -34.4551, Acceptance: 71.78%, Time: 0.07 s
Iteration 1360/5000: Ground Truth: -34.9186, Best: -34.9185, Current: -33.9405, Acceptance: 71.91%, Time: 0.04 s
Iteration 1370/5000: Ground Truth: -34.9186, Best: -34.9185, Current: -33.6766, Acceptance: 71.90%, Time: 0.04 s
Iteration 1380/5000: Ground Truth: -34.9186, Best: -34.9185, Current: -32.1293, Acceptance: 71.96%, Time: 0.07 s
Iteration 1390/5000: Ground Truth: -34.9186, Best: -34.9185, Current: -33.2694, Acceptance: 71.87%, Time: 0.07 s
Iteration 1400/5000: Ground Truth: -34.9186, Best: -34.9185, Current: -34.0908, Acceptance: 71.57%, Time: 0.07 s
Iteration 1410/5000: Ground Truth: -34.9186, Best: -34.9185, Current: -33.0334, Acceptance: 71.63%, Time: 0.07 s
Iteration 1420/5000: Ground Truth: -34.9186, Best: -34.9185, Current: -33.0923, Acceptance: 71.62%, Time: 0.07 s
Iteration 1430/5000: Ground Truth: -34.9186, Best: -34.9185, Current: -33.0564, Acceptance: 71.54%, Time: 0.07 s
Iteration 1440/5000: Ground Truth: -34.9186, Best: -34.9185, Current: -33.2548, Acceptance: 71.60%, Time: 0.04 s
Iteration 1450/5000: Ground Truth: -34.9186, Best: -34.9185, Current: -33.7295, Acceptance: 71.52%, Time: 0.04 s
Iteration 1460/5000: Ground Truth: -34.9186, Best: -34.9185, Current: -32.5051, Acceptance: 71.51%, Time: 0.07 s
Iteration 1470/5000: Ground Truth: -34.9186, Best: -34.9185, Current: -33.4273, Acceptance: 71.50%, Time: 0.07 s
Iteration 1480/5000: Ground Truth: -34.9186, Best: -34.9185, Current: -32.3309, Acceptance: 71.55%, Time: 0.07 s
Iteration 1490/5000: Ground Truth: -34.9186, Best: -34.9185, Current: -32.8555, Acceptance: 71.61%, Time: 0.04 s
Iteration 1500/5000: Ground Truth: -34.9186, Best: -34.9185, Current: -33.3018, Acceptance: 71.60%, Time: 0.04 s
Iteration 1510/5000: Ground Truth: -34.9186, Best: -34.9185, Current: -32.7425, Acceptance: 71.79%, Time: 0.07 s
Iteration 1520/5000: Ground Truth: -34.9186, Best: -34.9185, Current: -33.0923, Acceptance: 71.84%, Time: 0.07 s
Iteration 1530/5000: Ground Truth: -34.9186, Best: -34.9185, Current: -33.8912, Acceptance: 71.90%, Time: 0.07 s
Iteration 1540/5000: Ground Truth: -34.9186, Best: -34.9185, Current: -31.7979, Acceptance: 71.88%, Time: 0.07 s
Iteration 1550/5000: Ground Truth: -34.9186, Best: -34.9185, Current: -33.5854, Acceptance: 71.87%, Time: 0.04 s
Iteration 1560/5000: Ground Truth: -34.9186, Best: -34.9185, Current: -34.2907, Acceptance: 71.73%, Time: 0.04 s
Iteration 1570/5000: Ground Truth: -34.9186, Best: -34.9185, Current: -33.8100, Acceptance: 71.72%, Time: 0.04 s
Iteration 1580/5000: Ground Truth: -34.9186, Best: -34.9185, Current: -33.5954, Acceptance: 71.65%, Time: 0.04 s
Iteration 1590/5000: Ground Truth: -34.9186, Best: -34.9185, Current: -33.6562, Acceptance: 71.38%, Time: 0.07 s
Iteration 1600/5000: Ground Truth: -34.9186, Best: -34.9185, Current: -33.3732, Acceptance: 71.25%, Time: 0.07 s
Iteration 1610/5000: Ground Truth: -34.9186, Best: -34.9185, Current: -33.4924, Acceptance: 71.18%, Time: 0.07 s
Iteration 1620/5000: Ground Truth: -34.9186, Best: -34.9185, Current: -34.6664, Acceptance: 71.05%, Time: 0.04 s
Iteration 1630/5000: Ground Truth: -34.9186, Best: -34.9185, Current: -33.8240, Acceptance: 71.04%, Time: 0.07 s
Iteration 1640/5000: Ground Truth: -34.9186, Best: -34.9185, Current: -31.9182, Acceptance: 71.10%, Time: 0.07 s
Iteration 1650/5000: Ground Truth: -34.9186, Best: -34.9185, Current: -31.5902, Acceptance: 71.21%, Time: 0.07 s
Iteration 1660/5000: Ground Truth: -34.9186, Best: -34.9185, Current: -33.3933, Acceptance: 71.14%, Time: 0.07 s
Iteration 1670/5000: Ground Truth: -34.9186, Best: -34.9185, Current: -33.9968, Acceptance: 71.02%, Time: 0.04 s
Iteration 1680/5000: Ground Truth: -34.9186, Best: -34.9185, Current: -31.5756, Acceptance: 71.13%, Time: 0.07 s
Iteration 1690/5000: Ground Truth: -34.9186, Best: -34.9185, Current: -31.3601, Acceptance: 71.18%, Time: 0.07 s
Iteration 1700/5000: Ground Truth: -34.9186, Best: -34.9185, Current: -33.2808, Acceptance: 71.12%, Time: 0.07 s
Iteration 1710/5000: Ground Truth: -34.9186, Best: -34.9185, Current: -32.1829, Acceptance: 71.29%, Time: 0.07 s
Iteration 1720/5000: Ground Truth: -34.9186, Best: -34.9185, Current: -32.7342, Acceptance: 71.28%, Time: 0.07 s
Iteration 1730/5000: Ground Truth: -34.9186, Best: -34.9185, Current: -34.7275, Acceptance: 71.10%, Time: 0.07 s
Iteration 1740/5000: Ground Truth: -34.9186, Best: -34.9185, Current: -31.7010, Acceptance: 71.15%, Time: 0.07 s
Iteration 1750/5000: Ground Truth: -34.9186, Best: -34.9185, Current: -33.7650, Acceptance: 71.20%, Time: 0.04 s
Iteration 1760/5000: Ground Truth: -34.9186, Best: -34.9185, Current: -33.3671, Acceptance: 71.08%, Time: 0.04 s
Iteration 1770/5000: Ground Truth: -34.9186, Best: -34.9185, Current: -32.4237, Acceptance: 71.13%, Time: 0.07 s
Iteration 1780/5000: Ground Truth: -34.9186, Best: -34.9185, Current: -33.8315, Acceptance: 71.07%, Time: 0.07 s
Iteration 1790/5000: Ground Truth: -34.9186, Best: -34.9185, Current: -33.4036, Acceptance: 71.06%, Time: 0.07 s
Iteration 1800/5000: Ground Truth: -34.9186, Best: -34.9185, Current: -33.0410, Acceptance: 71.11%, Time: 0.07 s
Iteration 1810/5000: Ground Truth: -34.9186, Best: -34.9185, Current: -33.5223, Acceptance: 71.16%, Time: 0.07 s
Iteration 1820/5000: Ground Truth: -34.9186, Best: -34.9185, Current: -33.1598, Acceptance: 71.10%, Time: 0.07 s
Iteration 1830/5000: Ground Truth: -34.9186, Best: -34.9185, Current: -33.2345, Acceptance: 71.09%, Time: 0.07 s
Iteration 1840/5000: Ground Truth: -34.9186, Best: -34.9185, Current: -32.6925, Acceptance: 71.14%, Time: 0.07 s
Iteration 1850/5000: Ground Truth: -34.9186, Best: -34.9185, Current: -34.3255, Acceptance: 71.03%, Time: 0.07 s
Iteration 1860/5000: Ground Truth: -34.9186, Best: -34.9185, Current: -33.2972, Acceptance: 70.91%, Time: 0.06 s
Iteration 1870/5000: Ground Truth: -34.9186, Best: -34.9185, Current: -31.7294, Acceptance: 70.86%, Time: 0.07 s
Iteration 1880/5000: Ground Truth: -34.9186, Best: -34.9185, Current: -33.5177, Acceptance: 70.85%, Time: 0.04 s
Iteration 1890/5000: Ground Truth: -34.9186, Best: -34.9185, Current: -34.5829, Acceptance: 70.69%, Time: 0.04 s
Iteration 1900/5000: Ground Truth: -34.9186, Best: -34.9185, Current: -34.0879, Acceptance: 70.58%, Time: 0.04 s
Iteration 1910/5000: Ground Truth: -34.9186, Best: -34.9185, Current: -33.7867, Acceptance: 70.47%, Time: 0.07 s
Iteration 1920/5000: Ground Truth: -34.9186, Best: -34.9185, Current: -33.6506, Acceptance: 70.47%, Time: 0.07 s
Iteration 1930/5000: Ground Truth: -34.9186, Best: -34.9185, Current: -33.7454, Acceptance: 70.31%, Time: 0.04 s
Iteration 1940/5000: Ground Truth: -34.9186, Best: -34.9185, Current: -33.8039, Acceptance: 70.36%, Time: 0.07 s
Iteration 1950/5000: Ground Truth: -34.9186, Best: -34.9185, Current: -32.7545, Acceptance: 70.51%, Time: 0.07 s
Iteration 1960/5000: Ground Truth: -34.9186, Best: -34.9185, Current: -33.8326, Acceptance: 70.51%, Time: 0.04 s
Iteration 1970/5000: Ground Truth: -34.9186, Best: -34.9185, Current: -33.0175, Acceptance: 70.61%, Time: 0.07 s
Iteration 1980/5000: Ground Truth: -34.9186, Best: -34.9185, Current: -33.7997, Acceptance: 70.61%, Time: 0.04 s
Iteration 1990/5000: Ground Truth: -34.9186, Best: -34.9185, Current: -33.1159, Acceptance: 70.65%, Time: 0.06 s
Iteration 2000/5000: Ground Truth: -34.9186, Best: -34.9185, Current: -33.8693, Acceptance: 70.70%, Time: 0.04 s
Iteration 2010/5000: Ground Truth: -34.9186, Best: -34.9185, Current: -33.8229, Acceptance: 70.65%, Time: 0.04 s
Iteration 2020/5000: Ground Truth: -34.9186, Best: -34.9185, Current: -33.4231, Acceptance: 70.59%, Time: 0.04 s
Iteration 2030/5000: Ground Truth: -34.9186, Best: -34.9185, Current: -32.8862, Acceptance: 70.69%, Time: 0.07 s
Iteration 2040/5000: Ground Truth: -34.9186, Best: -34.9185, Current: -33.0468, Acceptance: 70.69%, Time: 0.04 s
Iteration 2050/5000: Ground Truth: -34.9186, Best: -34.9185, Current: -33.3909, Acceptance: 70.73%, Time: 0.07 s
Iteration 2060/5000: Ground Truth: -34.9186, Best: -34.9185, Current: -33.6571, Acceptance: 70.63%, Time: 0.07 s
Iteration 2070/5000: Ground Truth: -34.9186, Best: -34.9185, Current: -32.8307, Acceptance: 70.58%, Time: 0.07 s
Iteration 2080/5000: Ground Truth: -34.9186, Best: -34.9185, Current: -34.4812, Acceptance: 70.58%, Time: 0.07 s
Iteration 2090/5000: Ground Truth: -34.9186, Best: -34.9185, Current: -34.2665, Acceptance: 70.48%, Time: 0.04 s
Iteration 2100/5000: Ground Truth: -34.9186, Best: -34.9185, Current: -32.6099, Acceptance: 70.43%, Time: 0.04 s
Iteration 2110/5000: Ground Truth: -34.9186, Best: -34.9185, Current: -33.2728, Acceptance: 70.52%, Time: 0.04 s
Iteration 2120/5000: Ground Truth: -34.9186, Best: -34.9185, Current: -30.9727, Acceptance: 70.47%, Time: 0.07 s
Iteration 2130/5000: Ground Truth: -34.9186, Best: -34.9185, Current: -32.9034, Acceptance: 70.42%, Time: 0.07 s
Iteration 2140/5000: Ground Truth: -34.9186, Best: -34.9185, Current: -34.4035, Acceptance: 70.28%, Time: 0.07 s
Iteration 2150/5000: Ground Truth: -34.9186, Best: -34.9185, Current: -32.4846, Acceptance: 70.37%, Time: 0.07 s
Iteration 2160/5000: Ground Truth: -34.9186, Best: -34.9185, Current: -33.8053, Acceptance: 70.32%, Time: 0.07 s
Iteration 2170/5000: Ground Truth: -34.9186, Best: -34.9185, Current: -31.5968, Acceptance: 70.18%, Time: 0.07 s
Iteration 2180/5000: Ground Truth: -34.9186, Best: -34.9185, Current: -31.6669, Acceptance: 70.23%, Time: 0.07 s
Iteration 2190/5000: Ground Truth: -34.9186, Best: -34.9185, Current: -32.5563, Acceptance: 70.37%, Time: 0.07 s
Iteration 2200/5000: Ground Truth: -34.9186, Best: -34.9185, Current: -33.7900, Acceptance: 70.36%, Time: 0.07 s
Iteration 2210/5000: Ground Truth: -34.9186, Best: -34.9185, Current: -34.5404, Acceptance: 70.32%, Time: 0.04 s
Iteration 2220/5000: Ground Truth: -34.9186, Best: -34.9185, Current: -34.2058, Acceptance: 70.32%, Time: 0.04 s
Iteration 2230/5000: Ground Truth: -34.9186, Best: -34.9185, Current: -34.4233, Acceptance: 70.18%, Time: 0.07 s
Iteration 2240/5000: Ground Truth: -34.9186, Best: -34.9185, Current: -34.1705, Acceptance: 70.18%, Time: 0.07 s
Iteration 2250/5000: Ground Truth: -34.9186, Best: -34.9185, Current: -33.1507, Acceptance: 70.27%, Time: 0.04 s
Iteration 2260/5000: Ground Truth: -34.9186, Best: -34.9185, Current: -32.7459, Acceptance: 70.18%, Time: 0.07 s
Iteration 2270/5000: Ground Truth: -34.9186, Best: -34.9185, Current: -34.1365, Acceptance: 70.09%, Time: 0.07 s
Iteration 2280/5000: Ground Truth: -34.9186, Best: -34.9185, Current: -34.6857, Acceptance: 70.04%, Time: 0.07 s
Iteration 2290/5000: Ground Truth: -34.9186, Best: -34.9185, Current: -32.0620, Acceptance: 70.17%, Time: 0.07 s
Iteration 2300/5000: Ground Truth: -34.9186, Best: -34.9185, Current: -31.4136, Acceptance: 70.22%, Time: 0.04 s
Iteration 2310/5000: Ground Truth: -34.9186, Best: -34.9185, Current: -33.7511, Acceptance: 70.22%, Time: 0.07 s
Iteration 2320/5000: Ground Truth: -34.9186, Best: -34.9185, Current: -32.4079, Acceptance: 70.26%, Time: 0.07 s
Iteration 2330/5000: Ground Truth: -34.9186, Best: -34.9185, Current: -34.2530, Acceptance: 70.26%, Time: 0.04 s
Iteration 2340/5000: Ground Truth: -34.9186, Best: -34.9185, Current: -32.9961, Acceptance: 70.26%, Time: 0.07 s
Iteration 2350/5000: Ground Truth: -34.9186, Best: -34.9185, Current: -33.1956, Acceptance: 70.30%, Time: 0.07 s
Iteration 2360/5000: Ground Truth: -34.9186, Best: -34.9185, Current: -33.7925, Acceptance: 70.30%, Time: 0.07 s
Iteration 2370/5000: Ground Truth: -34.9186, Best: -34.9185, Current: -33.3287, Acceptance: 70.30%, Time: 0.04 s
Iteration 2380/5000: Ground Truth: -34.9186, Best: -34.9185, Current: -33.9375, Acceptance: 70.21%, Time: 0.07 s
Iteration 2390/5000: Ground Truth: -34.9186, Best: -34.9185, Current: -33.2944, Acceptance: 70.13%, Time: 0.07 s
Iteration 2400/5000: Ground Truth: -34.9186, Best: -34.9185, Current: -33.1102, Acceptance: 70.17%, Time: 0.04 s
Iteration 2410/5000: Ground Truth: -34.9186, Best: -34.9185, Current: -33.2546, Acceptance: 70.08%, Time: 0.07 s
Iteration 2420/5000: Ground Truth: -34.9186, Best: -34.9185, Current: -32.6348, Acceptance: 70.12%, Time: 0.07 s
Iteration 2430/5000: Ground Truth: -34.9186, Best: -34.9185, Current: -32.8634, Acceptance: 70.12%, Time: 0.05 s
Iteration 2440/5000: Ground Truth: -34.9186, Best: -34.9185, Current: -33.0748, Acceptance: 70.16%, Time: 0.07 s
Iteration 2450/5000: Ground Truth: -34.9186, Best: -34.9185, Current: -32.9816, Acceptance: 70.16%, Time: 0.04 s
Iteration 2460/5000: Ground Truth: -34.9186, Best: -34.9185, Current: -32.5635, Acceptance: 70.20%, Time: 0.04 s
Iteration 2470/5000: Ground Truth: -34.9186, Best: -34.9185, Current: -33.2345, Acceptance: 70.24%, Time: 0.04 s
Iteration 2480/5000: Ground Truth: -34.9186, Best: -34.9185, Current: -34.1608, Acceptance: 70.24%, Time: 0.07 s
Iteration 2490/5000: Ground Truth: -34.9186, Best: -34.9185, Current: -33.6809, Acceptance: 70.20%, Time: 0.07 s
Iteration 2500/5000: Ground Truth: -34.9186, Best: -34.9185, Current: -33.0439, Acceptance: 70.20%, Time: 0.07 s
Iteration 2510/5000: Ground Truth: -34.9186, Best: -34.9185, Current: -33.1083, Acceptance: 70.24%, Time: 0.07 s
Iteration 2520/5000: Ground Truth: -34.9186, Best: -34.9185, Current: -33.0316, Acceptance: 70.28%, Time: 0.07 s
Iteration 2530/5000: Ground Truth: -34.9186, Best: -34.9185, Current: -32.5630, Acceptance: 70.36%, Time: 0.04 s
Iteration 2540/5000: Ground Truth: -34.9186, Best: -34.9185, Current: -33.4427, Acceptance: 70.24%, Time: 0.04 s
Iteration 2550/5000: Ground Truth: -34.9186, Best: -34.9185, Current: -32.6336, Acceptance: 70.16%, Time: 0.07 s
Iteration 2560/5000: Ground Truth: -34.9186, Best: -34.9185, Current: -33.8747, Acceptance: 70.12%, Time: 0.07 s
Iteration 2570/5000: Ground Truth: -34.9186, Best: -34.9185, Current: -32.5767, Acceptance: 70.04%, Time: 0.07 s
Iteration 2580/5000: Ground Truth: -34.9186, Best: -34.9185, Current: -31.3574, Acceptance: 70.08%, Time: 0.07 s
Iteration 2590/5000: Ground Truth: -34.9186, Best: -34.9185, Current: -32.9929, Acceptance: 70.04%, Time: 0.07 s
Iteration 2600/5000: Ground Truth: -34.9186, Best: -34.9185, Current: -33.9381, Acceptance: 70.12%, Time: 0.07 s
Iteration 2610/5000: Ground Truth: -34.9186, Best: -34.9185, Current: -33.2066, Acceptance: 70.11%, Time: 0.07 s
Iteration 2620/5000: Ground Truth: -34.9186, Best: -34.9185, Current: -33.3985, Acceptance: 70.19%, Time: 0.07 s
Iteration 2630/5000: Ground Truth: -34.9186, Best: -34.9185, Current: -33.3821, Acceptance: 70.19%, Time: 0.07 s
Iteration 2640/5000: Ground Truth: -34.9186, Best: -34.9185, Current: -32.7555, Acceptance: 70.19%, Time: 0.07 s
Iteration 2650/5000: Ground Truth: -34.9186, Best: -34.9185, Current: -34.5145, Acceptance: 70.15%, Time: 0.04 s
Iteration 2660/5000: Ground Truth: -34.9186, Best: -34.9185, Current: -33.6354, Acceptance: 70.04%, Time: 0.04 s
Iteration 2670/5000: Ground Truth: -34.9186, Best: -34.9185, Current: -34.6391, Acceptance: 70.04%, Time: 0.04 s
Iteration 2680/5000: Ground Truth: -34.9186, Best: -34.9185, Current: -33.1336, Acceptance: 70.04%, Time: 0.07 s
Iteration 2690/5000: Ground Truth: -34.9186, Best: -34.9185, Current: -33.4500, Acceptance: 70.11%, Time: 0.07 s
Iteration 2700/5000: Ground Truth: -34.9186, Best: -34.9185, Current: -33.7555, Acceptance: 70.04%, Time: 0.07 s
Iteration 2710/5000: Ground Truth: -34.9186, Best: -34.9185, Current: -33.5635, Acceptance: 70.07%, Time: 0.04 s
Iteration 2720/5000: Ground Truth: -34.9186, Best: -34.9185, Current: -34.2924, Acceptance: 70.07%, Time: 0.04 s
Iteration 2730/5000: Ground Truth: -34.9186, Best: -34.9185, Current: -32.4071, Acceptance: 70.11%, Time: 0.04 s
Iteration 2740/5000: Ground Truth: -34.9186, Best: -34.9185, Current: -34.1276, Acceptance: 70.18%, Time: 0.04 s
Iteration 2750/5000: Ground Truth: -34.9186, Best: -34.9185, Current: -34.3990, Acceptance: 70.15%, Time: 0.07 s
Iteration 2760/5000: Ground Truth: -34.9186, Best: -34.9185, Current: -33.6583, Acceptance: 70.18%, Time: 0.07 s
Iteration 2770/5000: Ground Truth: -34.9186, Best: -34.9185, Current: -33.0949, Acceptance: 70.18%, Time: 0.04 s
Iteration 2780/5000: Ground Truth: -34.9186, Best: -34.9185, Current: -32.3627, Acceptance: 70.25%, Time: 0.07 s
Iteration 2790/5000: Ground Truth: -34.9186, Best: -34.9185, Current: -33.4551, Acceptance: 70.32%, Time: 0.04 s
Iteration 2800/5000: Ground Truth: -34.9186, Best: -34.9185, Current: -32.0710, Acceptance: 70.36%, Time: 0.07 s
Iteration 2810/5000: Ground Truth: -34.9186, Best: -34.9185, Current: -34.5219, Acceptance: 70.36%, Time: 0.04 s
Iteration 2820/5000: Ground Truth: -34.9186, Best: -34.9185, Current: -32.4002, Acceptance: 70.46%, Time: 0.06 s
Iteration 2830/5000: Ground Truth: -34.9186, Best: -34.9185, Current: -34.5257, Acceptance: 70.39%, Time: 0.07 s
Iteration 2840/5000: Ground Truth: -34.9186, Best: -34.9185, Current: -34.1369, Acceptance: 70.46%, Time: 0.04 s
Iteration 2850/5000: Ground Truth: -34.9186, Best: -34.9185, Current: -34.2083, Acceptance: 70.42%, Time: 0.04 s
Iteration 2860/5000: Ground Truth: -34.9186, Best: -34.9185, Current: -33.2594, Acceptance: 70.38%, Time: 0.07 s
Iteration 2870/5000: Ground Truth: -34.9186, Best: -34.9185, Current: -31.9432, Acceptance: 70.45%, Time: 0.07 s
Iteration 2880/5000: Ground Truth: -34.9186, Best: -34.9185, Current: -30.0243, Acceptance: 70.49%, Time: 0.07 s
Iteration 2890/5000: Ground Truth: -34.9186, Best: -34.9185, Current: -34.0411, Acceptance: 70.45%, Time: 0.04 s
Iteration 2900/5000: Ground Truth: -34.9186, Best: -34.9185, Current: -31.0967, Acceptance: 70.48%, Time: 0.07 s
Iteration 2910/5000: Ground Truth: -34.9186, Best: -34.9185, Current: -34.4641, Acceptance: 70.52%, Time: 0.04 s
Iteration 2920/5000: Ground Truth: -34.9186, Best: -34.9185, Current: -34.0276, Acceptance: 70.51%, Time: 0.07 s
Iteration 2930/5000: Ground Truth: -34.9186, Best: -34.9185, Current: -32.7167, Acceptance: 70.44%, Time: 0.07 s
Iteration 2940/5000: Ground Truth: -34.9186, Best: -34.9185, Current: -31.1149, Acceptance: 70.48%, Time: 0.07 s
Iteration 2950/5000: Ground Truth: -34.9186, Best: -34.9185, Current: -33.0636, Acceptance: 70.54%, Time: 0.07 s
Iteration 2960/5000: Ground Truth: -34.9186, Best: -34.9185, Current: -33.7649, Acceptance: 70.47%, Time: 0.07 s
Iteration 2970/5000: Ground Truth: -34.9186, Best: -34.9185, Current: -33.0964, Acceptance: 70.40%, Time: 0.07 s
Iteration 2980/5000: Ground Truth: -34.9186, Best: -34.9185, Current: -33.3000, Acceptance: 70.47%, Time: 0.04 s
Iteration 2990/5000: Ground Truth: -34.9186, Best: -34.9185, Current: -32.3615, Acceptance: 70.43%, Time: 0.07 s
Iteration 3000/5000: Ground Truth: -34.9186, Best: -34.9185, Current: -34.4445, Acceptance: 70.40%, Time: 0.04 s
Iteration 3010/5000: Ground Truth: -34.9186, Best: -34.9185, Current: -34.2170, Acceptance: 70.40%, Time: 0.04 s
Iteration 3020/5000: Ground Truth: -34.9186, Best: -34.9185, Current: -34.4462, Acceptance: 70.30%, Time: 0.04 s
Iteration 3030/5000: Ground Truth: -34.9186, Best: -34.9185, Current: -33.1094, Acceptance: 70.23%, Time: 0.07 s
Iteration 3040/5000: Ground Truth: -34.9186, Best: -34.9185, Current: -31.7618, Acceptance: 70.30%, Time: 0.07 s
Iteration 3050/5000: Ground Truth: -34.9186, Best: -34.9185, Current: -34.7711, Acceptance: 70.23%, Time: 0.04 s
Iteration 3060/5000: Ground Truth: -34.9186, Best: -34.9185, Current: -32.8308, Acceptance: 70.29%, Time: 0.04 s
Iteration 3070/5000: Ground Truth: -34.9186, Best: -34.9185, Current: -34.0224, Acceptance: 70.29%, Time: 0.04 s
Iteration 3080/5000: Ground Truth: -34.9186, Best: -34.9185, Current: -33.1192, Acceptance: 70.29%, Time: 0.04 s
Iteration 3090/5000: Ground Truth: -34.9186, Best: -34.9185, Current: -33.2925, Acceptance: 70.32%, Time: 0.07 s
Iteration 3100/5000: Ground Truth: -34.9186, Best: -34.9185, Current: -32.4891, Acceptance: 70.32%, Time: 0.04 s
Iteration 3110/5000: Ground Truth: -34.9186, Best: -34.9185, Current: -33.5376, Acceptance: 70.32%, Time: 0.07 s
Iteration 3120/5000: Ground Truth: -34.9186, Best: -34.9185, Current: -31.5585, Acceptance: 70.38%, Time: 0.07 s
Iteration 3130/5000: Ground Truth: -34.9186, Best: -34.9185, Current: -33.2508, Acceptance: 70.42%, Time: 0.04 s
Iteration 3140/5000: Ground Truth: -34.9186, Best: -34.9185, Current: -33.7667, Acceptance: 70.38%, Time: 0.07 s
Iteration 3150/5000: Ground Truth: -34.9186, Best: -34.9185, Current: -32.6954, Acceptance: 70.35%, Time: 0.07 s
Iteration 3160/5000: Ground Truth: -34.9186, Best: -34.9185, Current: -33.1465, Acceptance: 70.38%, Time: 0.07 s
Iteration 3170/5000: Ground Truth: -34.9186, Best: -34.9185, Current: -30.1128, Acceptance: 70.38%, Time: 0.07 s
Iteration 3180/5000: Ground Truth: -34.9186, Best: -34.9185, Current: -33.9388, Acceptance: 70.41%, Time: 0.07 s
Iteration 3190/5000: Ground Truth: -34.9186, Best: -34.9185, Current: -34.0082, Acceptance: 70.41%, Time: 0.07 s
Iteration 3200/5000: Ground Truth: -34.9186, Best: -34.9185, Current: -32.6541, Acceptance: 70.47%, Time: 0.07 s
Iteration 3210/5000: Ground Truth: -34.9186, Best: -34.9185, Current: -33.5895, Acceptance: 70.47%, Time: 0.07 s
Iteration 3220/5000: Ground Truth: -34.9186, Best: -34.9185, Current: -33.3617, Acceptance: 70.47%, Time: 0.07 s
Iteration 3230/5000: Ground Truth: -34.9186, Best: -34.9185, Current: -33.6727, Acceptance: 70.50%, Time: 0.07 s
Iteration 3240/5000: Ground Truth: -34.9186, Best: -34.9185, Current: -32.2827, Acceptance: 70.52%, Time: 0.07 s
Iteration 3250/5000: Ground Truth: -34.9186, Best: -34.9185, Current: -31.9235, Acceptance: 70.58%, Time: 0.07 s
Iteration 3260/5000: Ground Truth: -34.9186, Best: -34.9185, Current: -34.2459, Acceptance: 70.52%, Time: 0.07 s
Iteration 3270/5000: Ground Truth: -34.9186, Best: -34.9185, Current: -34.5729, Acceptance: 70.49%, Time: 0.07 s
Iteration 3280/5000: Ground Truth: -34.9186, Best: -34.9185, Current: -33.7709, Acceptance: 70.43%, Time: 0.07 s
Iteration 3290/5000: Ground Truth: -34.9186, Best: -34.9185, Current: -32.7922, Acceptance: 70.46%, Time: 0.07 s
Iteration 3300/5000: Ground Truth: -34.9186, Best: -34.9185, Current: -31.1157, Acceptance: 70.48%, Time: 0.07 s
Iteration 3310/5000: Ground Truth: -34.9186, Best: -34.9185, Current: -33.6672, Acceptance: 70.51%, Time: 0.07 s
Iteration 3320/5000: Ground Truth: -34.9186, Best: -34.9185, Current: -33.3643, Acceptance: 70.48%, Time: 0.07 s
Iteration 3330/5000: Ground Truth: -34.9186, Best: -34.9185, Current: -33.4311, Acceptance: 70.45%, Time: 0.07 s
Iteration 3340/5000: Ground Truth: -34.9186, Best: -34.9185, Current: -33.7371, Acceptance: 70.45%, Time: 0.07 s
Iteration 3350/5000: Ground Truth: -34.9186, Best: -34.9185, Current: -32.8849, Acceptance: 70.51%, Time: 0.07 s
Iteration 3360/5000: Ground Truth: -34.9186, Best: -34.9185, Current: -34.3204, Acceptance: 70.45%, Time: 0.04 s
Iteration 3370/5000: Ground Truth: -34.9186, Best: -34.9185, Current: -34.2953, Acceptance: 70.42%, Time: 0.04 s
Iteration 3380/5000: Ground Truth: -34.9186, Best: -34.9185, Current: -31.4627, Acceptance: 70.41%, Time: 0.07 s
Iteration 3390/5000: Ground Truth: -34.9186, Best: -34.9185, Current: -34.1965, Acceptance: 70.38%, Time: 0.04 s
Iteration 3400/5000: Ground Truth: -34.9186, Best: -34.9185, Current: -33.8281, Acceptance: 70.41%, Time: 0.07 s
Iteration 3410/5000: Ground Truth: -34.9186, Best: -34.9185, Current: -34.0037, Acceptance: 70.38%, Time: 0.04 s
Iteration 3420/5000: Ground Truth: -34.9186, Best: -34.9185, Current: -33.7020, Acceptance: 70.38%, Time: 0.07 s
Iteration 3430/5000: Ground Truth: -34.9186, Best: -34.9185, Current: -32.8136, Acceptance: 70.35%, Time: 0.07 s
Iteration 3440/5000: Ground Truth: -34.9186, Best: -34.9185, Current: -33.9956, Acceptance: 70.41%, Time: 0.04 s
Iteration 3450/5000: Ground Truth: -34.9186, Best: -34.9185, Current: -33.7975, Acceptance: 70.32%, Time: 0.04 s
Iteration 3460/5000: Ground Truth: -34.9186, Best: -34.9185, Current: -33.2856, Acceptance: 70.29%, Time: 0.07 s
Iteration 3470/5000: Ground Truth: -34.9186, Best: -34.9185, Current: -33.6243, Acceptance: 70.26%, Time: 0.07 s
Iteration 3480/5000: Ground Truth: -34.9186, Best: -34.9185, Current: -33.3906, Acceptance: 70.23%, Time: 0.07 s
Iteration 3490/5000: Ground Truth: -34.9186, Best: -34.9185, Current: -32.3600, Acceptance: 70.26%, Time: 0.07 s
Iteration 3500/5000: Ground Truth: -34.9186, Best: -34.9185, Current: -33.0006, Acceptance: 70.29%, Time: 0.07 s
Iteration 3510/5000: Ground Truth: -34.9186, Best: -34.9185, Current: -32.7629, Acceptance: 70.31%, Time: 0.07 s
Iteration 3520/5000: Ground Truth: -34.9186, Best: -34.9185, Current: -33.8168, Acceptance: 70.34%, Time: 0.07 s
Iteration 3530/5000: Ground Truth: -34.9186, Best: -34.9185, Current: -33.3259, Acceptance: 70.37%, Time: 0.07 s
Iteration 3540/5000: Ground Truth: -34.9186, Best: -34.9185, Current: -33.6616, Acceptance: 70.40%, Time: 0.07 s
Iteration 3550/5000: Ground Truth: -34.9186, Best: -34.9185, Current: -31.8765, Acceptance: 70.42%, Time: 0.07 s
Iteration 3560/5000: Ground Truth: -34.9186, Best: -34.9185, Current: -32.3819, Acceptance: 70.39%, Time: 0.07 s
Iteration 3570/5000: Ground Truth: -34.9186, Best: -34.9185, Current: -33.9896, Acceptance: 70.39%, Time: 0.04 s
Iteration 3580/5000: Ground Truth: -34.9186, Best: -34.9185, Current: -33.9125, Acceptance: 70.36%, Time: 0.07 s
Iteration 3590/5000: Ground Truth: -34.9186, Best: -34.9185, Current: -34.7249, Acceptance: 70.33%, Time: 0.04 s
Iteration 3600/5000: Ground Truth: -34.9186, Best: -34.9185, Current: -31.9800, Acceptance: 70.39%, Time: 0.04 s
Iteration 3610/5000: Ground Truth: -34.9186, Best: -34.9185, Current: -33.6872, Acceptance: 70.47%, Time: 0.07 s
Iteration 3620/5000: Ground Truth: -34.9186, Best: -34.9185, Current: -33.8303, Acceptance: 70.44%, Time: 0.04 s
Iteration 3630/5000: Ground Truth: -34.9186, Best: -34.9185, Current: -34.4488, Acceptance: 70.47%, Time: 0.04 s
Iteration 3640/5000: Ground Truth: -34.9186, Best: -34.9185, Current: -32.9942, Acceptance: 70.47%, Time: 0.04 s
Iteration 3650/5000: Ground Truth: -34.9186, Best: -34.9185, Current: -33.5055, Acceptance: 70.38%, Time: 0.04 s
Iteration 3660/5000: Ground Truth: -34.9186, Best: -34.9185, Current: -33.6000, Acceptance: 70.38%, Time: 0.07 s
Iteration 3670/5000: Ground Truth: -34.9186, Best: -34.9185, Current: -32.9817, Acceptance: 70.44%, Time: 0.07 s
Iteration 3680/5000: Ground Truth: -34.9186, Best: -34.9185, Current: -33.5889, Acceptance: 70.41%, Time: 0.07 s
Iteration 3690/5000: Ground Truth: -34.9186, Best: -34.9185, Current: -32.5429, Acceptance: 70.38%, Time: 0.07 s
Iteration 3700/5000: Ground Truth: -34.9186, Best: -34.9185, Current: -32.0052, Acceptance: 70.38%, Time: 0.07 s
Iteration 3710/5000: Ground Truth: -34.9186, Best: -34.9185, Current: -34.6954, Acceptance: 70.30%, Time: 0.07 s
Iteration 3720/5000: Ground Truth: -34.9186, Best: -34.9185, Current: -33.2553, Acceptance: 70.38%, Time: 0.07 s
Iteration 3730/5000: Ground Truth: -34.9186, Best: -34.9185, Current: -34.3914, Acceptance: 70.35%, Time: 0.07 s
Iteration 3740/5000: Ground Truth: -34.9186, Best: -34.9185, Current: -31.7090, Acceptance: 70.35%, Time: 0.07 s
Iteration 3750/5000: Ground Truth: -34.9186, Best: -34.9185, Current: -31.9801, Acceptance: 70.40%, Time: 0.07 s
Iteration 3760/5000: Ground Truth: -34.9186, Best: -34.9185, Current: -30.5953, Acceptance: 70.48%, Time: 0.07 s
Iteration 3770/5000: Ground Truth: -34.9186, Best: -34.9185, Current: -34.1727, Acceptance: 70.45%, Time: 0.04 s
Iteration 3780/5000: Ground Truth: -34.9186, Best: -34.9185, Current: -33.1529, Acceptance: 70.48%, Time: 0.07 s
Iteration 3790/5000: Ground Truth: -34.9186, Best: -34.9185, Current: -33.4622, Acceptance: 70.50%, Time: 0.07 s
Iteration 3800/5000: Ground Truth: -34.9186, Best: -34.9185, Current: -33.9243, Acceptance: 70.53%, Time: 0.06 s
Iteration 3810/5000: Ground Truth: -34.9186, Best: -34.9185, Current: -33.3807, Acceptance: 70.47%, Time: 0.07 s
Iteration 3820/5000: Ground Truth: -34.9186, Best: -34.9185, Current: -31.7388, Acceptance: 70.45%, Time: 0.07 s
Iteration 3830/5000: Ground Truth: -34.9186, Best: -34.9185, Current: -32.7619, Acceptance: 70.47%, Time: 0.04 s
Iteration 3840/5000: Ground Truth: -34.9186, Best: -34.9185, Current: -33.8378, Acceptance: 70.42%, Time: 0.04 s
Iteration 3850/5000: Ground Truth: -34.9186, Best: -34.9185, Current: -30.7163, Acceptance: 70.49%, Time: 0.07 s
Iteration 3860/5000: Ground Truth: -34.9186, Best: -34.9185, Current: -33.5463, Acceptance: 70.52%, Time: 0.07 s
Iteration 3870/5000: Ground Truth: -34.9186, Best: -34.9185, Current: -33.3532, Acceptance: 70.49%, Time: 0.07 s
Iteration 3880/5000: Ground Truth: -34.9186, Best: -34.9185, Current: -32.4441, Acceptance: 70.57%, Time: 0.04 s
Iteration 3890/5000: Ground Truth: -34.9186, Best: -34.9185, Current: -32.7440, Acceptance: 70.59%, Time: 0.07 s
Iteration 3900/5000: Ground Truth: -34.9186, Best: -34.9185, Current: -33.6960, Acceptance: 70.64%, Time: 0.07 s
Iteration 3910/5000: Ground Truth: -34.9186, Best: -34.9185, Current: -33.8339, Acceptance: 70.66%, Time: 0.07 s
Iteration 3920/5000: Ground Truth: -34.9186, Best: -34.9185, Current: -33.6019, Acceptance: 70.61%, Time: 0.04 s
Iteration 3930/5000: Ground Truth: -34.9186, Best: -34.9185, Current: -33.5798, Acceptance: 70.59%, Time: 0.04 s
Iteration 3940/5000: Ground Truth: -34.9186, Best: -34.9185, Current: -33.6791, Acceptance: 70.53%, Time: 0.04 s
Iteration 3950/5000: Ground Truth: -34.9186, Best: -34.9185, Current: -33.4123, Acceptance: 70.56%, Time: 0.07 s
Iteration 3960/5000: Ground Truth: -34.9186, Best: -34.9185, Current: -33.4443, Acceptance: 70.58%, Time: 0.07 s
Iteration 3970/5000: Ground Truth: -34.9186, Best: -34.9185, Current: -32.8881, Acceptance: 70.55%, Time: 0.04 s
Iteration 3980/5000: Ground Truth: -34.9186, Best: -34.9185, Current: -33.2584, Acceptance: 70.58%, Time: 0.07 s
Iteration 3990/5000: Ground Truth: -34.9186, Best: -34.9185, Current: -34.4257, Acceptance: 70.55%, Time: 0.04 s
Iteration 4000/5000: Ground Truth: -34.9186, Best: -34.9185, Current: -34.2264, Acceptance: 70.47%, Time: 0.04 s
Iteration 4010/5000: Ground Truth: -34.9186, Best: -34.9185, Current: -33.1575, Acceptance: 70.52%, Time: 0.07 s
Iteration 4020/5000: Ground Truth: -34.9186, Best: -34.9185, Current: -30.9432, Acceptance: 70.52%, Time: 0.07 s
Iteration 4030/5000: Ground Truth: -34.9186, Best: -34.9185, Current: -33.8545, Acceptance: 70.55%, Time: 0.07 s
Iteration 4040/5000: Ground Truth: -34.9186, Best: -34.9185, Current: -33.9246, Acceptance: 70.54%, Time: 0.04 s
Iteration 4050/5000: Ground Truth: -34.9186, Best: -34.9185, Current: -33.0105, Acceptance: 70.54%, Time: 0.07 s
Iteration 4060/5000: Ground Truth: -34.9186, Best: -34.9185, Current: -32.2551, Acceptance: 70.57%, Time: 0.06 s
Iteration 4070/5000: Ground Truth: -34.9186, Best: -34.9185, Current: -33.3711, Acceptance: 70.59%, Time: 0.04 s
Iteration 4080/5000: Ground Truth: -34.9186, Best: -34.9185, Current: -34.3307, Acceptance: 70.56%, Time: 0.04 s
Iteration 4090/5000: Ground Truth: -34.9186, Best: -34.9185, Current: -33.2154, Acceptance: 70.54%, Time: 0.04 s
Iteration 4100/5000: Ground Truth: -34.9186, Best: -34.9185, Current: -34.0278, Acceptance: 70.56%, Time: 0.07 s
Iteration 4110/5000: Ground Truth: -34.9186, Best: -34.9185, Current: -34.1454, Acceptance: 70.56%, Time: 0.04 s
Iteration 4120/5000: Ground Truth: -34.9186, Best: -34.9185, Current: -33.1776, Acceptance: 70.56%, Time: 0.04 s
Iteration 4130/5000: Ground Truth: -34.9186, Best: -34.9185, Current: -33.5856, Acceptance: 70.51%, Time: 0.07 s
Iteration 4140/5000: Ground Truth: -34.9186, Best: -34.9185, Current: -32.4112, Acceptance: 70.53%, Time: 0.07 s
Iteration 4150/5000: Ground Truth: -34.9186, Best: -34.9185, Current: -32.3721, Acceptance: 70.53%, Time: 0.07 s
Iteration 4160/5000: Ground Truth: -34.9186, Best: -34.9185, Current: -33.4829, Acceptance: 70.55%, Time: 0.07 s
Iteration 4170/5000: Ground Truth: -34.9186, Best: -34.9185, Current: -34.2791, Acceptance: 70.50%, Time: 0.04 s
Iteration 4180/5000: Ground Truth: -34.9186, Best: -34.9185, Current: -33.5483, Acceptance: 70.55%, Time: 0.07 s
Iteration 4190/5000: Ground Truth: -34.9186, Best: -34.9185, Current: -33.6614, Acceptance: 70.57%, Time: 0.04 s
Iteration 4200/5000: Ground Truth: -34.9186, Best: -34.9185, Current: -32.9879, Acceptance: 70.60%, Time: 0.07 s
Iteration 4210/5000: Ground Truth: -34.9186, Best: -34.9185, Current: -34.1591, Acceptance: 70.59%, Time: 0.07 s
Iteration 4220/5000: Ground Truth: -34.9186, Best: -34.9185, Current: -34.2057, Acceptance: 70.57%, Time: 0.04 s
Iteration 4230/5000: Ground Truth: -34.9186, Best: -34.9185, Current: -32.2543, Acceptance: 70.61%, Time: 0.07 s
Iteration 4240/5000: Ground Truth: -34.9186, Best: -34.9185, Current: -34.5440, Acceptance: 70.59%, Time: 0.04 s
Iteration 4250/5000: Ground Truth: -34.9186, Best: -34.9185, Current: -33.9697, Acceptance: 70.54%, Time: 0.07 s
Iteration 4260/5000: Ground Truth: -34.9186, Best: -34.9185, Current: -34.3900, Acceptance: 70.49%, Time: 0.04 s
Iteration 4270/5000: Ground Truth: -34.9186, Best: -34.9185, Current: -34.5744, Acceptance: 70.49%, Time: 0.04 s
Iteration 4280/5000: Ground Truth: -34.9186, Best: -34.9185, Current: -30.5677, Acceptance: 70.51%, Time: 0.07 s
Iteration 4290/5000: Ground Truth: -34.9186, Best: -34.9185, Current: -30.7986, Acceptance: 70.56%, Time: 0.07 s
Iteration 4300/5000: Ground Truth: -34.9186, Best: -34.9185, Current: -33.9414, Acceptance: 70.58%, Time: 0.04 s
Iteration 4310/5000: Ground Truth: -34.9186, Best: -34.9185, Current: -31.6902, Acceptance: 70.60%, Time: 0.07 s
Iteration 4320/5000: Ground Truth: -34.9186, Best: -34.9185, Current: -34.1894, Acceptance: 70.62%, Time: 0.07 s
Iteration 4330/5000: Ground Truth: -34.9186, Best: -34.9185, Current: -32.8098, Acceptance: 70.62%, Time: 0.07 s
Iteration 4340/5000: Ground Truth: -34.9186, Best: -34.9185, Current: -31.6198, Acceptance: 70.65%, Time: 0.07 s
Iteration 4350/5000: Ground Truth: -34.9186, Best: -34.9185, Current: -33.9492, Acceptance: 70.60%, Time: 0.04 s
Iteration 4360/5000: Ground Truth: -34.9186, Best: -34.9185, Current: -33.8070, Acceptance: 70.53%, Time: 0.04 s
Iteration 4370/5000: Ground Truth: -34.9186, Best: -34.9185, Current: -33.4502, Acceptance: 70.53%, Time: 0.04 s
Iteration 4380/5000: Ground Truth: -34.9186, Best: -34.9185, Current: -33.7706, Acceptance: 70.55%, Time: 0.04 s
Iteration 4390/5000: Ground Truth: -34.9186, Best: -34.9185, Current: -32.8688, Acceptance: 70.55%, Time: 0.07 s
Iteration 4400/5000: Ground Truth: -34.9186, Best: -34.9185, Current: -32.5770, Acceptance: 70.57%, Time: 0.07 s
Iteration 4410/5000: Ground Truth: -34.9186, Best: -34.9185, Current: -33.2905, Acceptance: 70.54%, Time: 0.07 s
Iteration 4420/5000: Ground Truth: -34.9186, Best: -34.9185, Current: -34.0618, Acceptance: 70.52%, Time: 0.04 s
Iteration 4430/5000: Ground Truth: -34.9186, Best: -34.9185, Current: -33.4306, Acceptance: 70.56%, Time: 0.04 s
Iteration 4440/5000: Ground Truth: -34.9186, Best: -34.9185, Current: -34.4770, Acceptance: 70.59%, Time: 0.04 s
Iteration 4450/5000: Ground Truth: -34.9186, Best: -34.9185, Current: -33.5929, Acceptance: 70.56%, Time: 0.07 s
Iteration 4460/5000: Ground Truth: -34.9186, Best: -34.9185, Current: -32.9448, Acceptance: 70.61%, Time: 0.04 s
Iteration 4470/5000: Ground Truth: -34.9186, Best: -34.9185, Current: -34.4468, Acceptance: 70.54%, Time: 0.07 s
Iteration 4480/5000: Ground Truth: -34.9186, Best: -34.9185, Current: -33.0370, Acceptance: 70.54%, Time: 0.07 s
Iteration 4490/5000: Ground Truth: -34.9186, Best: -34.9185, Current: -34.2664, Acceptance: 70.53%, Time: 0.04 s
Iteration 4500/5000: Ground Truth: -34.9186, Best: -34.9185, Current: -33.9113, Acceptance: 70.53%, Time: 0.04 s
Iteration 4510/5000: Ground Truth: -34.9186, Best: -34.9185, Current: -33.3832, Acceptance: 70.55%, Time: 0.07 s
Iteration 4520/5000: Ground Truth: -34.9186, Best: -34.9185, Current: -32.9776, Acceptance: 70.62%, Time: 0.07 s
Iteration 4530/5000: Ground Truth: -34.9186, Best: -34.9185, Current: -33.9452, Acceptance: 70.57%, Time: 0.04 s
Iteration 4540/5000: Ground Truth: -34.9186, Best: -34.9185, Current: -33.3350, Acceptance: 70.57%, Time: 0.04 s
Iteration 4550/5000: Ground Truth: -34.9186, Best: -34.9185, Current: -34.3840, Acceptance: 70.55%, Time: 0.04 s
Iteration 4560/5000: Ground Truth: -34.9186, Best: -34.9185, Current: -33.9069, Acceptance: 70.59%, Time: 0.07 s
Iteration 4570/5000: Ground Truth: -34.9186, Best: -34.9185, Current: -32.4515, Acceptance: 70.63%, Time: 0.07 s
Iteration 4580/5000: Ground Truth: -34.9186, Best: -34.9185, Current: -33.5026, Acceptance: 70.68%, Time: 0.07 s
Iteration 4590/5000: Ground Truth: -34.9186, Best: -34.9185, Current: -33.5677, Acceptance: 70.63%, Time: 0.07 s
Iteration 4600/5000: Ground Truth: -34.9186, Best: -34.9185, Current: -33.3914, Acceptance: 70.67%, Time: 0.07 s
Iteration 4610/5000: Ground Truth: -34.9186, Best: -34.9185, Current: -32.8493, Acceptance: 70.67%, Time: 0.07 s
Iteration 4620/5000: Ground Truth: -34.9186, Best: -34.9185, Current: -31.1777, Acceptance: 70.69%, Time: 0.07 s
Iteration 4630/5000: Ground Truth: -34.9186, Best: -34.9185, Current: -33.0553, Acceptance: 70.71%, Time: 0.04 s
Iteration 4640/5000: Ground Truth: -34.9186, Best: -34.9185, Current: -33.0465, Acceptance: 70.73%, Time: 0.07 s
Iteration 4650/5000: Ground Truth: -34.9186, Best: -34.9185, Current: -34.4209, Acceptance: 70.71%, Time: 0.04 s
Iteration 4660/5000: Ground Truth: -34.9186, Best: -34.9185, Current: -34.2568, Acceptance: 70.71%, Time: 0.04 s
Iteration 4670/5000: Ground Truth: -34.9186, Best: -34.9185, Current: -33.7267, Acceptance: 70.66%, Time: 0.07 s
Iteration 4680/5000: Ground Truth: -34.9186, Best: -34.9185, Current: -34.7480, Acceptance: 70.68%, Time: 0.04 s
Iteration 4690/5000: Ground Truth: -34.9186, Best: -34.9185, Current: -31.5331, Acceptance: 70.70%, Time: 0.07 s
Iteration 4700/5000: Ground Truth: -34.9186, Best: -34.9185, Current: -34.0699, Acceptance: 70.72%, Time: 0.07 s
Iteration 4710/5000: Ground Truth: -34.9186, Best: -34.9185, Current: -33.0877, Acceptance: 70.70%, Time: 0.04 s
Iteration 4720/5000: Ground Truth: -34.9186, Best: -34.9185, Current: -34.1041, Acceptance: 70.68%, Time: 0.07 s
Iteration 4730/5000: Ground Truth: -34.9186, Best: -34.9185, Current: -31.0790, Acceptance: 70.74%, Time: 0.07 s
Iteration 4740/5000: Ground Truth: -34.9186, Best: -34.9185, Current: -32.7901, Acceptance: 70.74%, Time: 0.07 s
Iteration 4750/5000: Ground Truth: -34.9186, Best: -34.9185, Current: -32.7966, Acceptance: 70.78%, Time: 0.07 s
Iteration 4760/5000: Ground Truth: -34.9186, Best: -34.9185, Current: -33.6446, Acceptance: 70.76%, Time: 0.04 s
Iteration 4770/5000: Ground Truth: -34.9186, Best: -34.9185, Current: -32.8929, Acceptance: 70.78%, Time: 0.07 s
Iteration 4780/5000: Ground Truth: -34.9186, Best: -34.9185, Current: -33.2910, Acceptance: 70.79%, Time: 0.04 s
Iteration 4790/5000: Ground Truth: -34.9186, Best: -34.9185, Current: -33.6703, Acceptance: 70.77%, Time: 0.04 s
Iteration 4800/5000: Ground Truth: -34.9186, Best: -34.9185, Current: -32.1526, Acceptance: 70.79%, Time: 0.07 s
Iteration 4810/5000: Ground Truth: -34.9186, Best: -34.9185, Current: -33.8212, Acceptance: 70.75%, Time: 0.07 s
Iteration 4820/5000: Ground Truth: -34.9186, Best: -34.9185, Current: -33.5761, Acceptance: 70.77%, Time: 0.07 s
Iteration 4830/5000: Ground Truth: -34.9186, Best: -34.9185, Current: -32.9319, Acceptance: 70.81%, Time: 0.07 s
Iteration 4840/5000: Ground Truth: -34.9186, Best: -34.9185, Current: -33.1631, Acceptance: 70.79%, Time: 0.07 s
Iteration 4850/5000: Ground Truth: -34.9186, Best: -34.9185, Current: -33.0757, Acceptance: 70.76%, Time: 0.07 s
Iteration 4860/5000: Ground Truth: -34.9186, Best: -34.9185, Current: -33.7893, Acceptance: 70.76%, Time: 0.07 s
Iteration 4870/5000: Ground Truth: -34.9186, Best: -34.9185, Current: -34.2472, Acceptance: 70.72%, Time: 0.04 s
Iteration 4880/5000: Ground Truth: -34.9186, Best: -34.9185, Current: -33.1173, Acceptance: 70.78%, Time: 0.07 s
Iteration 4890/5000: Ground Truth: -34.9186, Best: -34.9185, Current: -33.6173, Acceptance: 70.76%, Time: 0.04 s
Iteration 4900/5000: Ground Truth: -34.9186, Best: -34.9185, Current: -34.2601, Acceptance: 70.71%, Time: 0.07 s
Iteration 4910/5000: Ground Truth: -34.9186, Best: -34.9185, Current: -32.1107, Acceptance: 70.75%, Time: 0.07 s
Iteration 4920/5000: Ground Truth: -34.9186, Best: -34.9185, Current: -33.4857, Acceptance: 70.73%, Time: 0.04 s
Iteration 4930/5000: Ground Truth: -34.9186, Best: -34.9185, Current: -32.3205, Acceptance: 70.69%, Time: 0.04 s
Iteration 4940/5000: Ground Truth: -34.9186, Best: -34.9185, Current: -32.7397, Acceptance: 70.73%, Time: 0.07 s
Iteration 4950/5000: Ground Truth: -34.9186, Best: -34.9185, Current: -33.2948, Acceptance: 70.75%, Time: 0.04 s
Iteration 4960/5000: Ground Truth: -34.9186, Best: -34.9185, Current: -33.4216, Acceptance: 70.75%, Time: 0.07 s
Iteration 4970/5000: Ground Truth: -34.9186, Best: -34.9185, Current: -33.0681, Acceptance: 70.76%, Time: 0.04 s
Iteration 4980/5000: Ground Truth: -34.9186, Best: -34.9185, Current: -32.5616, Acceptance: 70.78%, Time: 0.04 s
Iteration 4990/5000: Ground Truth: -34.9186, Best: -34.9185, Current: -34.6210, Acceptance: 70.80%, Time: 0.07 s
Iteration 5000/5000: Ground Truth: -34.9186, Best: -34.9185, Current: -33.2750, Acceptance: 70.78%, Time: 0.04 s
Matched for mp-4079: RMSD = 0.001, ΔE = 0.000 eV
mp-4079 match: True
Initial energy: -210.17611694335938
  *** New best: -251.3716 eV
Iteration 10/5000: Ground Truth: -264.4817, Best: -251.3716, Current: -249.6032, Acceptance: 70.00%, Time: 0.07 s
  *** New best: -258.4337 eV
Iteration 20/5000: Ground Truth: -264.4817, Best: -258.4337, Current: -255.3264, Acceptance: 65.00%, Time: 0.07 s
  *** New best: -258.8446 eV
Iteration 30/5000: Ground Truth: -264.4817, Best: -258.8446, Current: -256.0512, Acceptance: 66.67%, Time: 0.07 s
  *** New best: -259.0138 eV
Iteration 40/5000: Ground Truth: -264.4817, Best: -259.0138, Current: -257.6046, Acceptance: 62.50%, Time: 0.06 s
  *** New best: -259.2842 eV
Iteration 50/5000: Ground Truth: -264.4817, Best: -259.2842, Current: -257.4105, Acceptance: 66.00%, Time: 0.07 s
  *** New best: -259.3068 eV
Iteration 60/5000: Ground Truth: -264.4817, Best: -259.3068, Current: -256.2859, Acceptance: 68.33%, Time: 0.07 s
  *** New best: -259.3808 eV
Iteration 70/5000: Ground Truth: -264.4817, Best: -259.3808, Current: -254.6204, Acceptance: 70.00%, Time: 0.07 s
  *** New best: -259.4619 eV
Iteration 80/5000: Ground Truth: -264.4817, Best: -259.4619, Current: -258.3829, Acceptance: 68.75%, Time: 0.04 s
  *** New best: -259.4684 eV
Iteration 90/5000: Ground Truth: -264.4817, Best: -259.4684, Current: -258.1184, Acceptance: 67.78%, Time: 0.07 s
  *** New best: -259.5065 eV
Iteration 100/5000: Ground Truth: -264.4817, Best: -259.5065, Current: -257.0211, Acceptance: 66.00%, Time: 0.07 s
  *** New best: -259.5185 eV
Iteration 110/5000: Ground Truth: -264.4817, Best: -259.5185, Current: -257.4789, Acceptance: 67.27%, Time: 0.08 s
Iteration 120/5000: Ground Truth: -264.4817, Best: -259.5185, Current: -258.3743, Acceptance: 66.67%, Time: 0.07 s
  *** New best: -259.5297 eV
Iteration 130/5000: Ground Truth: -264.4817, Best: -259.5297, Current: -257.9933, Acceptance: 65.38%, Time: 0.07 s
  *** New best: -259.5391 eV
Iteration 140/5000: Ground Truth: -264.4817, Best: -259.5391, Current: -258.3512, Acceptance: 64.29%, Time: 0.07 s
  *** New best: -259.5467 eV
Iteration 150/5000: Ground Truth: -264.4817, Best: -259.5467, Current: -257.6113, Acceptance: 66.00%, Time: 0.07 s
  *** New best: -259.5562 eV
Iteration 160/5000: Ground Truth: -264.4817, Best: -259.5562, Current: -257.4227, Acceptance: 65.62%, Time: 0.07 s
Iteration 170/5000: Ground Truth: -264.4817, Best: -259.5562, Current: -257.9307, Acceptance: 65.88%, Time: 0.07 s
Iteration 180/5000: Ground Truth: -264.4817, Best: -259.5562, Current: -257.4930, Acceptance: 66.67%, Time: 0.08 s
  *** New best: -259.5671 eV
Iteration 190/5000: Ground Truth: -264.4817, Best: -259.5671, Current: -256.6084, Acceptance: 66.84%, Time: 0.08 s
  *** New best: -259.5696 eV
Iteration 200/5000: Ground Truth: -264.4817, Best: -259.5696, Current: -258.9197, Acceptance: 65.00%, Time: 0.08 s
Iteration 210/5000: Ground Truth: -264.4817, Best: -259.5696, Current: -257.8772, Acceptance: 64.76%, Time: 0.08 s
  *** New best: -259.5737 eV
Iteration 220/5000: Ground Truth: -264.4817, Best: -259.5737, Current: -257.3411, Acceptance: 63.64%, Time: 0.07 s
Iteration 230/5000: Ground Truth: -264.4817, Best: -259.5737, Current: -254.5234, Acceptance: 64.78%, Time: 0.07 s
Iteration 240/5000: Ground Truth: -264.4817, Best: -259.5737, Current: -258.8358, Acceptance: 63.33%, Time: 0.08 s
  *** New best: -259.5740 eV
Iteration 250/5000: Ground Truth: -264.4817, Best: -259.5740, Current: -257.5377, Acceptance: 63.60%, Time: 0.04 s
Iteration 260/5000: Ground Truth: -264.4817, Best: -259.5740, Current: -258.0771, Acceptance: 63.46%, Time: 0.08 s
  *** New best: -259.5746 eV
Iteration 270/5000: Ground Truth: -264.4817, Best: -259.5746, Current: -255.8546, Acceptance: 64.44%, Time: 0.07 s
Iteration 280/5000: Ground Truth: -264.4817, Best: -259.5746, Current: -257.1715, Acceptance: 64.64%, Time: 0.07 s
Iteration 290/5000: Ground Truth: -264.4817, Best: -259.5746, Current: -255.2139, Acceptance: 65.17%, Time: 0.07 s
Iteration 300/5000: Ground Truth: -264.4817, Best: -259.5746, Current: -254.8564, Acceptance: 66.00%, Time: 0.08 s
Iteration 310/5000: Ground Truth: -264.4817, Best: -259.5746, Current: -258.0395, Acceptance: 66.13%, Time: 0.07 s
Iteration 320/5000: Ground Truth: -264.4817, Best: -259.5746, Current: -257.1496, Acceptance: 66.25%, Time: 0.08 s
Iteration 330/5000: Ground Truth: -264.4817, Best: -259.5746, Current: -258.5923, Acceptance: 66.36%, Time: 0.04 s
Iteration 340/5000: Ground Truth: -264.4817, Best: -259.5746, Current: -257.6089, Acceptance: 66.47%, Time: 0.07 s
Iteration 350/5000: Ground Truth: -264.4817, Best: -259.5746, Current: -257.3038, Acceptance: 66.57%, Time: 0.07 s
Iteration 360/5000: Ground Truth: -264.4817, Best: -259.5746, Current: -256.4007, Acceptance: 66.67%, Time: 0.07 s
Iteration 370/5000: Ground Truth: -264.4817, Best: -259.5746, Current: -258.1147, Acceptance: 66.76%, Time: 0.07 s
Iteration 380/5000: Ground Truth: -264.4817, Best: -259.5746, Current: -258.2051, Acceptance: 66.84%, Time: 0.07 s
Iteration 390/5000: Ground Truth: -264.4817, Best: -259.5746, Current: -257.8135, Acceptance: 67.18%, Time: 0.08 s
Iteration 400/5000: Ground Truth: -264.4817, Best: -259.5746, Current: -256.7509, Acceptance: 67.50%, Time: 0.07 s
Iteration 410/5000: Ground Truth: -264.4817, Best: -259.5746, Current: -258.0744, Acceptance: 67.56%, Time: 0.07 s
Iteration 420/5000: Ground Truth: -264.4817, Best: -259.5746, Current: -258.5992, Acceptance: 67.14%, Time: 0.04 s
Iteration 430/5000: Ground Truth: -264.4817, Best: -259.5746, Current: -257.9398, Acceptance: 67.21%, Time: 0.07 s
Iteration 440/5000: Ground Truth: -264.4817, Best: -259.5746, Current: -257.6314, Acceptance: 67.50%, Time: 0.07 s
Iteration 450/5000: Ground Truth: -264.4817, Best: -259.5746, Current: -258.3784, Acceptance: 67.11%, Time: 0.07 s
Iteration 460/5000: Ground Truth: -264.4817, Best: -259.5746, Current: -258.4422, Acceptance: 66.52%, Time: 0.07 s
Iteration 470/5000: Ground Truth: -264.4817, Best: -259.5746, Current: -257.4396, Acceptance: 66.38%, Time: 0.07 s
Iteration 480/5000: Ground Truth: -264.4817, Best: -259.5746, Current: -257.4540, Acceptance: 66.46%, Time: 0.07 s
  *** New best: -259.5754 eV
Iteration 490/5000: Ground Truth: -264.4817, Best: -259.5754, Current: -258.1837, Acceptance: 66.53%, Time: 0.07 s
Iteration 500/5000: Ground Truth: -264.4817, Best: -259.5754, Current: -257.5746, Acceptance: 66.20%, Time: 0.07 s
Iteration 510/5000: Ground Truth: -264.4817, Best: -259.5754, Current: -258.0126, Acceptance: 66.08%, Time: 0.07 s
Iteration 520/5000: Ground Truth: -264.4817, Best: -259.5754, Current: -255.6646, Acceptance: 65.96%, Time: 0.07 s
Iteration 530/5000: Ground Truth: -264.4817, Best: -259.5754, Current: -256.4808, Acceptance: 65.66%, Time: 0.07 s
Iteration 540/5000: Ground Truth: -264.4817, Best: -259.5754, Current: -258.9420, Acceptance: 65.00%, Time: 0.07 s
Iteration 550/5000: Ground Truth: -264.4817, Best: -259.5754, Current: -258.6711, Acceptance: 64.91%, Time: 0.07 s
Iteration 560/5000: Ground Truth: -264.4817, Best: -259.5754, Current: -258.8070, Acceptance: 65.00%, Time: 0.07 s
Iteration 570/5000: Ground Truth: -264.4817, Best: -259.5754, Current: -256.4597, Acceptance: 65.09%, Time: 0.07 s
Iteration 580/5000: Ground Truth: -264.4817, Best: -259.5754, Current: -258.3270, Acceptance: 65.17%, Time: 0.08 s
  *** New best: -259.5755 eV
Iteration 590/5000: Ground Truth: -264.4817, Best: -259.5755, Current: -257.4299, Acceptance: 65.25%, Time: 0.07 s
Iteration 600/5000: Ground Truth: -264.4817, Best: -259.5755, Current: -256.6920, Acceptance: 65.33%, Time: 0.07 s
Iteration 610/5000: Ground Truth: -264.4817, Best: -259.5755, Current: -256.7566, Acceptance: 65.41%, Time: 0.07 s
Iteration 620/5000: Ground Truth: -264.4817, Best: -259.5755, Current: -256.1983, Acceptance: 65.65%, Time: 0.07 s
Iteration 630/5000: Ground Truth: -264.4817, Best: -259.5755, Current: -257.8664, Acceptance: 65.71%, Time: 0.08 s
Iteration 640/5000: Ground Truth: -264.4817, Best: -259.5755, Current: -257.4491, Acceptance: 65.47%, Time: 0.07 s
Iteration 650/5000: Ground Truth: -264.4817, Best: -259.5755, Current: -256.7420, Acceptance: 65.54%, Time: 0.07 s
Iteration 660/5000: Ground Truth: -264.4817, Best: -259.5755, Current: -259.4896, Acceptance: 64.70%, Time: 0.04 s
Iteration 670/5000: Ground Truth: -264.4817, Best: -259.5755, Current: -257.2684, Acceptance: 64.78%, Time: 0.08 s
Iteration 680/5000: Ground Truth: -264.4817, Best: -259.5755, Current: -256.4867, Acceptance: 64.85%, Time: 0.08 s
Iteration 690/5000: Ground Truth: -264.4817, Best: -259.5755, Current: -257.8832, Acceptance: 65.07%, Time: 0.07 s
Iteration 700/5000: Ground Truth: -264.4817, Best: -259.5755, Current: -256.9657, Acceptance: 65.43%, Time: 0.07 s
Iteration 710/5000: Ground Truth: -264.4817, Best: -259.5755, Current: -257.1204, Acceptance: 65.35%, Time: 0.07 s
Iteration 720/5000: Ground Truth: -264.4817, Best: -259.5755, Current: -256.1100, Acceptance: 65.56%, Time: 0.07 s
Iteration 730/5000: Ground Truth: -264.4817, Best: -259.5755, Current: -256.2166, Acceptance: 65.48%, Time: 0.07 s
Iteration 740/5000: Ground Truth: -264.4817, Best: -259.5755, Current: -258.2678, Acceptance: 65.54%, Time: 0.07 s
Iteration 750/5000: Ground Truth: -264.4817, Best: -259.5755, Current: -257.7574, Acceptance: 65.47%, Time: 0.08 s
Iteration 760/5000: Ground Truth: -264.4817, Best: -259.5755, Current: -256.3658, Acceptance: 65.66%, Time: 0.08 s
Iteration 770/5000: Ground Truth: -264.4817, Best: -259.5755, Current: -256.9543, Acceptance: 65.58%, Time: 0.08 s
Iteration 780/5000: Ground Truth: -264.4817, Best: -259.5755, Current: -256.5844, Acceptance: 65.64%, Time: 0.07 s
Iteration 790/5000: Ground Truth: -264.4817, Best: -259.5755, Current: -256.2602, Acceptance: 65.82%, Time: 0.07 s
Iteration 800/5000: Ground Truth: -264.4817, Best: -259.5755, Current: -258.2427, Acceptance: 65.75%, Time: 0.08 s
Iteration 810/5000: Ground Truth: -264.4817, Best: -259.5755, Current: -256.8976, Acceptance: 65.68%, Time: 0.07 s
Iteration 820/5000: Ground Truth: -264.4817, Best: -259.5755, Current: -254.1399, Acceptance: 65.98%, Time: 0.07 s
Iteration 830/5000: Ground Truth: -264.4817, Best: -259.5755, Current: -256.7815, Acceptance: 66.27%, Time: 0.08 s
Iteration 840/5000: Ground Truth: -264.4817, Best: -259.5755, Current: -257.9340, Acceptance: 66.19%, Time: 0.07 s
Iteration 850/5000: Ground Truth: -264.4817, Best: -259.5755, Current: -258.6634, Acceptance: 66.47%, Time: 0.08 s
Iteration 860/5000: Ground Truth: -264.4817, Best: -259.5755, Current: -257.8914, Acceptance: 66.28%, Time: 0.08 s
Iteration 870/5000: Ground Truth: -264.4817, Best: -259.5755, Current: -259.0754, Acceptance: 66.21%, Time: 0.08 s
Iteration 880/5000: Ground Truth: -264.4817, Best: -259.5755, Current: -255.8267, Acceptance: 66.36%, Time: 0.07 s
Iteration 890/5000: Ground Truth: -264.4817, Best: -259.5755, Current: -257.3373, Acceptance: 66.40%, Time: 0.07 s
Iteration 900/5000: Ground Truth: -264.4817, Best: -259.5755, Current: -257.1799, Acceptance: 66.56%, Time: 0.04 s
Iteration 910/5000: Ground Truth: -264.4817, Best: -259.5755, Current: -257.2383, Acceptance: 66.59%, Time: 0.04 s
Iteration 920/5000: Ground Truth: -264.4817, Best: -259.5755, Current: -257.5404, Acceptance: 66.74%, Time: 0.08 s
Iteration 930/5000: Ground Truth: -264.4817, Best: -259.5755, Current: -254.5549, Acceptance: 66.99%, Time: 0.08 s
Iteration 940/5000: Ground Truth: -264.4817, Best: -259.5755, Current: -258.1700, Acceptance: 67.02%, Time: 0.07 s
Iteration 950/5000: Ground Truth: -264.4817, Best: -259.5755, Current: -259.2679, Acceptance: 66.63%, Time: 0.08 s
Iteration 960/5000: Ground Truth: -264.4817, Best: -259.5755, Current: -259.0526, Acceptance: 66.35%, Time: 0.07 s
Iteration 970/5000: Ground Truth: -264.4817, Best: -259.5755, Current: -257.2249, Acceptance: 66.70%, Time: 0.07 s
Iteration 980/5000: Ground Truth: -264.4817, Best: -259.5755, Current: -257.0280, Acceptance: 66.94%, Time: 0.08 s
Iteration 990/5000: Ground Truth: -264.4817, Best: -259.5755, Current: -257.2225, Acceptance: 66.77%, Time: 0.07 s
Iteration 1000/5000: Ground Truth: -264.4817, Best: -259.5755, Current: -258.2519, Acceptance: 66.60%, Time: 0.08 s
Iteration 1010/5000: Ground Truth: -264.4817, Best: -259.5755, Current: -258.4296, Acceptance: 66.44%, Time: 0.07 s
Iteration 1020/5000: Ground Truth: -264.4817, Best: -259.5755, Current: -257.7313, Acceptance: 66.67%, Time: 0.04 s
Iteration 1030/5000: Ground Truth: -264.4817, Best: -259.5755, Current: -258.0722, Acceptance: 66.41%, Time: 0.08 s
Iteration 1040/5000: Ground Truth: -264.4817, Best: -259.5755, Current: -257.9870, Acceptance: 66.35%, Time: 0.07 s
Iteration 1050/5000: Ground Truth: -264.4817, Best: -259.5755, Current: -258.4484, Acceptance: 66.57%, Time: 0.07 s
Iteration 1060/5000: Ground Truth: -264.4817, Best: -259.5755, Current: -257.7130, Acceptance: 66.60%, Time: 0.07 s
Iteration 1070/5000: Ground Truth: -264.4817, Best: -259.5755, Current: -258.6522, Acceptance: 66.45%, Time: 0.07 s
Iteration 1080/5000: Ground Truth: -264.4817, Best: -259.5755, Current: -257.4533, Acceptance: 66.48%, Time: 0.07 s
Iteration 1090/5000: Ground Truth: -264.4817, Best: -259.5755, Current: -257.0576, Acceptance: 66.42%, Time: 0.07 s
Iteration 1100/5000: Ground Truth: -264.4817, Best: -259.5755, Current: -258.6360, Acceptance: 66.18%, Time: 0.07 s
Iteration 1110/5000: Ground Truth: -264.4817, Best: -259.5755, Current: -258.2899, Acceptance: 66.13%, Time: 0.07 s
Iteration 1120/5000: Ground Truth: -264.4817, Best: -259.5755, Current: -258.2332, Acceptance: 66.25%, Time: 0.07 s
Iteration 1130/5000: Ground Truth: -264.4817, Best: -259.5755, Current: -257.9659, Acceptance: 66.19%, Time: 0.07 s
Iteration 1140/5000: Ground Truth: -264.4817, Best: -259.5755, Current: -257.2784, Acceptance: 66.14%, Time: 0.07 s
Iteration 1150/5000: Ground Truth: -264.4817, Best: -259.5755, Current: -258.5212, Acceptance: 66.09%, Time: 0.07 s
Iteration 1160/5000: Ground Truth: -264.4817, Best: -259.5755, Current: -257.5240, Acceptance: 66.12%, Time: 0.04 s
Iteration 1170/5000: Ground Truth: -264.4817, Best: -259.5755, Current: -256.8142, Acceptance: 66.24%, Time: 0.07 s
Iteration 1180/5000: Ground Truth: -264.4817, Best: -259.5755, Current: -257.9909, Acceptance: 66.44%, Time: 0.07 s
Iteration 1190/5000: Ground Truth: -264.4817, Best: -259.5755, Current: -256.4783, Acceptance: 66.47%, Time: 0.07 s
Iteration 1200/5000: Ground Truth: -264.4817, Best: -259.5755, Current: -257.0746, Acceptance: 66.42%, Time: 0.07 s
Iteration 1210/5000: Ground Truth: -264.4817, Best: -259.5755, Current: -256.5208, Acceptance: 66.45%, Time: 0.07 s
Iteration 1220/5000: Ground Truth: -264.4817, Best: -259.5755, Current: -257.7590, Acceptance: 66.23%, Time: 0.08 s
Iteration 1230/5000: Ground Truth: -264.4817, Best: -259.5755, Current: -256.8326, Acceptance: 66.18%, Time: 0.07 s
Iteration 1240/5000: Ground Truth: -264.4817, Best: -259.5755, Current: -258.0986, Acceptance: 65.97%, Time: 0.08 s
Iteration 1250/5000: Ground Truth: -264.4817, Best: -259.5755, Current: -258.0996, Acceptance: 65.92%, Time: 0.07 s
Iteration 1260/5000: Ground Truth: -264.4817, Best: -259.5755, Current: -257.5023, Acceptance: 65.87%, Time: 0.08 s
Iteration 1270/5000: Ground Truth: -264.4817, Best: -259.5755, Current: -257.2340, Acceptance: 66.06%, Time: 0.05 s
Iteration 1280/5000: Ground Truth: -264.4817, Best: -259.5755, Current: -258.4968, Acceptance: 66.09%, Time: 0.04 s
Iteration 1290/5000: Ground Truth: -264.4817, Best: -259.5755, Current: -256.2418, Acceptance: 66.05%, Time: 0.07 s
Iteration 1300/5000: Ground Truth: -264.4817, Best: -259.5755, Current: -257.1952, Acceptance: 66.08%, Time: 0.08 s
Iteration 1310/5000: Ground Truth: -264.4817, Best: -259.5755, Current: -256.5949, Acceptance: 66.18%, Time: 0.08 s
Iteration 1320/5000: Ground Truth: -264.4817, Best: -259.5755, Current: -257.5799, Acceptance: 66.21%, Time: 0.07 s
Iteration 1330/5000: Ground Truth: -264.4817, Best: -259.5755, Current: -256.1072, Acceptance: 66.32%, Time: 0.08 s
Iteration 1340/5000: Ground Truth: -264.4817, Best: -259.5755, Current: -257.2368, Acceptance: 66.42%, Time: 0.08 s
Iteration 1350/5000: Ground Truth: -264.4817, Best: -259.5755, Current: -257.1032, Acceptance: 66.52%, Time: 0.08 s
Iteration 1360/5000: Ground Truth: -264.4817, Best: -259.5755, Current: -256.3452, Acceptance: 66.54%, Time: 0.08 s
Iteration 1370/5000: Ground Truth: -264.4817, Best: -259.5755, Current: -257.8881, Acceptance: 66.57%, Time: 0.08 s
Iteration 1380/5000: Ground Truth: -264.4817, Best: -259.5755, Current: -256.9879, Acceptance: 66.59%, Time: 0.08 s
Iteration 1390/5000: Ground Truth: -264.4817, Best: -259.5755, Current: -256.3630, Acceptance: 66.55%, Time: 0.08 s
Iteration 1400/5000: Ground Truth: -264.4817, Best: -259.5755, Current: -258.1045, Acceptance: 66.43%, Time: 0.08 s
Iteration 1410/5000: Ground Truth: -264.4817, Best: -259.5755, Current: -256.3488, Acceptance: 66.45%, Time: 0.08 s
Iteration 1420/5000: Ground Truth: -264.4817, Best: -259.5755, Current: -257.6882, Acceptance: 66.62%, Time: 0.07 s
Iteration 1430/5000: Ground Truth: -264.4817, Best: -259.5755, Current: -258.4438, Acceptance: 66.64%, Time: 0.08 s
Iteration 1440/5000: Ground Truth: -264.4817, Best: -259.5755, Current: -258.4496, Acceptance: 66.53%, Time: 0.07 s
Iteration 1450/5000: Ground Truth: -264.4817, Best: -259.5755, Current: -256.3988, Acceptance: 66.48%, Time: 0.08 s
Iteration 1460/5000: Ground Truth: -264.4817, Best: -259.5755, Current: -256.9146, Acceptance: 66.37%, Time: 0.08 s
Iteration 1470/5000: Ground Truth: -264.4817, Best: -259.5755, Current: -258.8674, Acceptance: 66.12%, Time: 0.08 s
Iteration 1480/5000: Ground Truth: -264.4817, Best: -259.5755, Current: -258.5510, Acceptance: 65.95%, Time: 0.04 s
Iteration 1490/5000: Ground Truth: -264.4817, Best: -259.5755, Current: -256.9385, Acceptance: 65.97%, Time: 0.08 s
Iteration 1500/5000: Ground Truth: -264.4817, Best: -259.5755, Current: -255.5642, Acceptance: 66.07%, Time: 0.08 s
Iteration 1510/5000: Ground Truth: -264.4817, Best: -259.5755, Current: -256.8666, Acceptance: 66.03%, Time: 0.08 s
Iteration 1520/5000: Ground Truth: -264.4817, Best: -259.5755, Current: -257.8008, Acceptance: 65.92%, Time: 0.07 s
Iteration 1530/5000: Ground Truth: -264.4817, Best: -259.5755, Current: -258.5275, Acceptance: 65.95%, Time: 0.08 s
Iteration 1540/5000: Ground Truth: -264.4817, Best: -259.5755, Current: -255.5646, Acceptance: 65.84%, Time: 0.07 s
Iteration 1550/5000: Ground Truth: -264.4817, Best: -259.5755, Current: -257.5370, Acceptance: 65.94%, Time: 0.08 s
Iteration 1560/5000: Ground Truth: -264.4817, Best: -259.5755, Current: -256.5715, Acceptance: 65.90%, Time: 0.08 s
Iteration 1570/5000: Ground Truth: -264.4817, Best: -259.5755, Current: -256.4985, Acceptance: 65.99%, Time: 0.07 s
Iteration 1580/5000: Ground Truth: -264.4817, Best: -259.5755, Current: -258.4629, Acceptance: 65.95%, Time: 0.07 s
Iteration 1590/5000: Ground Truth: -264.4817, Best: -259.5755, Current: -256.6567, Acceptance: 65.91%, Time: 0.07 s
Iteration 1600/5000: Ground Truth: -264.4817, Best: -259.5755, Current: -257.2453, Acceptance: 65.88%, Time: 0.07 s
Iteration 1610/5000: Ground Truth: -264.4817, Best: -259.5755, Current: -257.5115, Acceptance: 65.90%, Time: 0.07 s
Iteration 1620/5000: Ground Truth: -264.4817, Best: -259.5755, Current: -258.2730, Acceptance: 65.80%, Time: 0.07 s
Iteration 1630/5000: Ground Truth: -264.4817, Best: -259.5755, Current: -256.3479, Acceptance: 65.89%, Time: 0.07 s
Iteration 1640/5000: Ground Truth: -264.4817, Best: -259.5755, Current: -257.4356, Acceptance: 65.98%, Time: 0.07 s
Iteration 1650/5000: Ground Truth: -264.4817, Best: -259.5755, Current: -256.3912, Acceptance: 65.94%, Time: 0.07 s
Iteration 1660/5000: Ground Truth: -264.4817, Best: -259.5755, Current: -256.1267, Acceptance: 66.08%, Time: 0.07 s
Iteration 1670/5000: Ground Truth: -264.4817, Best: -259.5755, Current: -256.9677, Acceptance: 66.11%, Time: 0.07 s
Iteration 1680/5000: Ground Truth: -264.4817, Best: -259.5755, Current: -257.9283, Acceptance: 66.01%, Time: 0.08 s
Iteration 1690/5000: Ground Truth: -264.4817, Best: -259.5755, Current: -256.7445, Acceptance: 65.98%, Time: 0.07 s
Iteration 1700/5000: Ground Truth: -264.4817, Best: -259.5755, Current: -257.8007, Acceptance: 66.00%, Time: 0.07 s
Iteration 1710/5000: Ground Truth: -264.4817, Best: -259.5755, Current: -258.5165, Acceptance: 65.96%, Time: 0.07 s
Iteration 1720/5000: Ground Truth: -264.4817, Best: -259.5755, Current: -258.0866, Acceptance: 65.81%, Time: 0.07 s
Iteration 1730/5000: Ground Truth: -264.4817, Best: -259.5755, Current: -257.3362, Acceptance: 65.90%, Time: 0.07 s
Iteration 1740/5000: Ground Truth: -264.4817, Best: -259.5755, Current: -257.7810, Acceptance: 65.75%, Time: 0.07 s
Iteration 1750/5000: Ground Truth: -264.4817, Best: -259.5755, Current: -255.6134, Acceptance: 65.66%, Time: 0.07 s
Iteration 1760/5000: Ground Truth: -264.4817, Best: -259.5755, Current: -258.8550, Acceptance: 65.62%, Time: 0.04 s
Iteration 1770/5000: Ground Truth: -264.4817, Best: -259.5755, Current: -256.4518, Acceptance: 65.54%, Time: 0.07 s
Iteration 1780/5000: Ground Truth: -264.4817, Best: -259.5755, Current: -258.1015, Acceptance: 65.45%, Time: 0.08 s
Iteration 1790/5000: Ground Truth: -264.4817, Best: -259.5755, Current: -257.2199, Acceptance: 65.47%, Time: 0.07 s
  *** New best: -259.5757 eV
Iteration 1800/5000: Ground Truth: -264.4817, Best: -259.5757, Current: -257.3424, Acceptance: 65.56%, Time: 0.08 s
Iteration 1810/5000: Ground Truth: -264.4817, Best: -259.5757, Current: -257.9664, Acceptance: 65.52%, Time: 0.07 s
Iteration 1820/5000: Ground Truth: -264.4817, Best: -259.5757, Current: -257.8100, Acceptance: 65.49%, Time: 0.07 s
Iteration 1830/5000: Ground Truth: -264.4817, Best: -259.5757, Current: -257.9310, Acceptance: 65.46%, Time: 0.08 s
Iteration 1840/5000: Ground Truth: -264.4817, Best: -259.5757, Current: -256.5597, Acceptance: 65.43%, Time: 0.07 s
Iteration 1850/5000: Ground Truth: -264.4817, Best: -259.5757, Current: -256.9344, Acceptance: 65.35%, Time: 0.07 s
Iteration 1860/5000: Ground Truth: -264.4817, Best: -259.5757, Current: -258.4730, Acceptance: 65.32%, Time: 0.04 s
Iteration 1870/5000: Ground Truth: -264.4817, Best: -259.5757, Current: -258.5440, Acceptance: 65.19%, Time: 0.07 s
Iteration 1880/5000: Ground Truth: -264.4817, Best: -259.5757, Current: -258.1945, Acceptance: 65.05%, Time: 0.07 s
Iteration 1890/5000: Ground Truth: -264.4817, Best: -259.5757, Current: -257.8777, Acceptance: 65.19%, Time: 0.07 s
Iteration 1900/5000: Ground Truth: -264.4817, Best: -259.5757, Current: -257.9345, Acceptance: 65.05%, Time: 0.04 s
Iteration 1910/5000: Ground Truth: -264.4817, Best: -259.5757, Current: -256.8990, Acceptance: 65.13%, Time: 0.07 s
Iteration 1920/5000: Ground Truth: -264.4817, Best: -259.5757, Current: -255.1892, Acceptance: 65.26%, Time: 0.07 s
Iteration 1930/5000: Ground Truth: -264.4817, Best: -259.5757, Current: -258.7104, Acceptance: 65.13%, Time: 0.04 s
Iteration 1940/5000: Ground Truth: -264.4817, Best: -259.5757, Current: -257.2431, Acceptance: 65.00%, Time: 0.07 s
Iteration 1950/5000: Ground Truth: -264.4817, Best: -259.5757, Current: -257.6792, Acceptance: 64.92%, Time: 0.07 s
Iteration 1960/5000: Ground Truth: -264.4817, Best: -259.5757, Current: -257.9851, Acceptance: 64.90%, Time: 0.07 s
Iteration 1970/5000: Ground Truth: -264.4817, Best: -259.5757, Current: -258.0901, Acceptance: 64.87%, Time: 0.07 s
Iteration 1980/5000: Ground Truth: -264.4817, Best: -259.5757, Current: -256.9147, Acceptance: 64.95%, Time: 0.07 s
Iteration 1990/5000: Ground Truth: -264.4817, Best: -259.5757, Current: -255.7944, Acceptance: 65.08%, Time: 0.07 s
Iteration 2000/5000: Ground Truth: -264.4817, Best: -259.5757, Current: -259.0211, Acceptance: 64.95%, Time: 0.07 s
Iteration 2010/5000: Ground Truth: -264.4817, Best: -259.5757, Current: -254.9704, Acceptance: 65.07%, Time: 0.07 s
Iteration 2020/5000: Ground Truth: -264.4817, Best: -259.5757, Current: -254.9677, Acceptance: 65.15%, Time: 0.07 s
Iteration 2030/5000: Ground Truth: -264.4817, Best: -259.5757, Current: -257.5911, Acceptance: 65.22%, Time: 0.07 s
Iteration 2040/5000: Ground Truth: -264.4817, Best: -259.5757, Current: -256.6111, Acceptance: 65.25%, Time: 0.07 s
Iteration 2050/5000: Ground Truth: -264.4817, Best: -259.5757, Current: -258.0398, Acceptance: 65.37%, Time: 0.04 s
Iteration 2060/5000: Ground Truth: -264.4817, Best: -259.5757, Current: -257.6374, Acceptance: 65.29%, Time: 0.07 s
Iteration 2070/5000: Ground Truth: -264.4817, Best: -259.5757, Current: -257.5314, Acceptance: 65.36%, Time: 0.04 s
Iteration 2080/5000: Ground Truth: -264.4817, Best: -259.5757, Current: -257.9481, Acceptance: 65.48%, Time: 0.07 s
Iteration 2090/5000: Ground Truth: -264.4817, Best: -259.5757, Current: -255.3903, Acceptance: 65.60%, Time: 0.05 s
Iteration 2100/5000: Ground Truth: -264.4817, Best: -259.5757, Current: -258.9358, Acceptance: 65.57%, Time: 0.07 s
Iteration 2110/5000: Ground Truth: -264.4817, Best: -259.5757, Current: -257.7634, Acceptance: 65.50%, Time: 0.04 s
Iteration 2120/5000: Ground Truth: -264.4817, Best: -259.5757, Current: -255.5762, Acceptance: 65.47%, Time: 0.07 s
Iteration 2130/5000: Ground Truth: -264.4817, Best: -259.5757, Current: -255.9419, Acceptance: 65.45%, Time: 0.07 s
Iteration 2140/5000: Ground Truth: -264.4817, Best: -259.5757, Current: -254.5168, Acceptance: 65.56%, Time: 0.07 s
Iteration 2150/5000: Ground Truth: -264.4817, Best: -259.5757, Current: -256.8721, Acceptance: 65.63%, Time: 0.07 s
Iteration 2160/5000: Ground Truth: -264.4817, Best: -259.5757, Current: -259.0107, Acceptance: 65.56%, Time: 0.04 s
Iteration 2170/5000: Ground Truth: -264.4817, Best: -259.5757, Current: -256.4893, Acceptance: 65.58%, Time: 0.08 s
Iteration 2180/5000: Ground Truth: -264.4817, Best: -259.5757, Current: -258.8845, Acceptance: 65.41%, Time: 0.08 s
Iteration 2190/5000: Ground Truth: -264.4817, Best: -259.5757, Current: -257.0407, Acceptance: 65.48%, Time: 0.07 s
Iteration 2200/5000: Ground Truth: -264.4817, Best: -259.5757, Current: -258.6140, Acceptance: 65.41%, Time: 0.04 s
Iteration 2210/5000: Ground Truth: -264.4817, Best: -259.5757, Current: -252.8910, Acceptance: 65.57%, Time: 0.07 s
Iteration 2220/5000: Ground Truth: -264.4817, Best: -259.5757, Current: -257.5565, Acceptance: 65.54%, Time: 0.07 s
Iteration 2230/5000: Ground Truth: -264.4817, Best: -259.5757, Current: -255.5252, Acceptance: 65.65%, Time: 0.07 s
Iteration 2240/5000: Ground Truth: -264.4817, Best: -259.5757, Current: -258.6859, Acceptance: 65.49%, Time: 0.07 s
Iteration 2250/5000: Ground Truth: -264.4817, Best: -259.5757, Current: -256.9506, Acceptance: 65.51%, Time: 0.07 s
Iteration 2260/5000: Ground Truth: -264.4817, Best: -259.5757, Current: -256.2981, Acceptance: 65.53%, Time: 0.07 s
Iteration 2270/5000: Ground Truth: -264.4817, Best: -259.5757, Current: -257.1023, Acceptance: 65.55%, Time: 0.07 s
Iteration 2280/5000: Ground Truth: -264.4817, Best: -259.5757, Current: -259.0598, Acceptance: 65.48%, Time: 0.07 s
Iteration 2290/5000: Ground Truth: -264.4817, Best: -259.5757, Current: -257.5308, Acceptance: 65.55%, Time: 0.04 s
Iteration 2300/5000: Ground Truth: -264.4817, Best: -259.5757, Current: -259.0351, Acceptance: 65.43%, Time: 0.07 s
Iteration 2310/5000: Ground Truth: -264.4817, Best: -259.5757, Current: -257.1651, Acceptance: 65.37%, Time: 0.07 s
Iteration 2320/5000: Ground Truth: -264.4817, Best: -259.5757, Current: -258.1142, Acceptance: 65.34%, Time: 0.07 s
Iteration 2330/5000: Ground Truth: -264.4817, Best: -259.5757, Current: -257.4456, Acceptance: 65.24%, Time: 0.07 s
Iteration 2340/5000: Ground Truth: -264.4817, Best: -259.5757, Current: -257.2492, Acceptance: 65.21%, Time: 0.07 s
Iteration 2350/5000: Ground Truth: -264.4817, Best: -259.5757, Current: -256.9400, Acceptance: 65.28%, Time: 0.07 s
Iteration 2360/5000: Ground Truth: -264.4817, Best: -259.5757, Current: -257.2707, Acceptance: 65.38%, Time: 0.07 s
Iteration 2370/5000: Ground Truth: -264.4817, Best: -259.5757, Current: -258.9976, Acceptance: 65.23%, Time: 0.07 s
Iteration 2380/5000: Ground Truth: -264.4817, Best: -259.5757, Current: -256.8228, Acceptance: 65.21%, Time: 0.07 s
Iteration 2390/5000: Ground Truth: -264.4817, Best: -259.5757, Current: -258.2694, Acceptance: 65.15%, Time: 0.07 s
Iteration 2400/5000: Ground Truth: -264.4817, Best: -259.5757, Current: -257.6709, Acceptance: 65.17%, Time: 0.04 s
Iteration 2410/5000: Ground Truth: -264.4817, Best: -259.5757, Current: -257.5526, Acceptance: 65.15%, Time: 0.07 s
Iteration 2420/5000: Ground Truth: -264.4817, Best: -259.5757, Current: -258.1069, Acceptance: 65.08%, Time: 0.07 s
Iteration 2430/5000: Ground Truth: -264.4817, Best: -259.5757, Current: -254.9472, Acceptance: 65.06%, Time: 0.07 s
Iteration 2440/5000: Ground Truth: -264.4817, Best: -259.5757, Current: -258.3215, Acceptance: 65.12%, Time: 0.07 s
Iteration 2450/5000: Ground Truth: -264.4817, Best: -259.5757, Current: -255.1646, Acceptance: 65.22%, Time: 0.07 s
Iteration 2460/5000: Ground Truth: -264.4817, Best: -259.5757, Current: -258.6352, Acceptance: 65.12%, Time: 0.07 s
Iteration 2470/5000: Ground Truth: -264.4817, Best: -259.5757, Current: -258.8782, Acceptance: 65.14%, Time: 0.07 s
Iteration 2480/5000: Ground Truth: -264.4817, Best: -259.5757, Current: -256.7702, Acceptance: 65.12%, Time: 0.08 s
Iteration 2490/5000: Ground Truth: -264.4817, Best: -259.5757, Current: -258.7044, Acceptance: 65.02%, Time: 0.04 s
Iteration 2500/5000: Ground Truth: -264.4817, Best: -259.5757, Current: -257.1023, Acceptance: 65.00%, Time: 0.07 s
Iteration 2510/5000: Ground Truth: -264.4817, Best: -259.5757, Current: -257.9999, Acceptance: 65.10%, Time: 0.04 s
Iteration 2520/5000: Ground Truth: -264.4817, Best: -259.5757, Current: -257.5754, Acceptance: 65.12%, Time: 0.08 s
Iteration 2530/5000: Ground Truth: -264.4817, Best: -259.5757, Current: -254.3737, Acceptance: 65.22%, Time: 0.07 s
Iteration 2540/5000: Ground Truth: -264.4817, Best: -259.5757, Current: -257.9054, Acceptance: 65.16%, Time: 0.07 s
Iteration 2550/5000: Ground Truth: -264.4817, Best: -259.5757, Current: -258.6513, Acceptance: 65.06%, Time: 0.07 s
Iteration 2560/5000: Ground Truth: -264.4817, Best: -259.5757, Current: -258.6845, Acceptance: 64.96%, Time: 0.07 s
Iteration 2570/5000: Ground Truth: -264.4817, Best: -259.5757, Current: -257.2658, Acceptance: 64.98%, Time: 0.07 s
Iteration 2580/5000: Ground Truth: -264.4817, Best: -259.5757, Current: -258.9677, Acceptance: 64.88%, Time: 0.04 s
Iteration 2590/5000: Ground Truth: -264.4817, Best: -259.5757, Current: -257.5791, Acceptance: 64.90%, Time: 0.07 s
Iteration 2600/5000: Ground Truth: -264.4817, Best: -259.5757, Current: -258.1388, Acceptance: 64.92%, Time: 0.07 s
Iteration 2610/5000: Ground Truth: -264.4817, Best: -259.5757, Current: -256.4233, Acceptance: 65.02%, Time: 0.07 s
Iteration 2620/5000: Ground Truth: -264.4817, Best: -259.5757, Current: -258.9351, Acceptance: 64.96%, Time: 0.04 s
  *** New best: -259.5758 eV
Iteration 2630/5000: Ground Truth: -264.4817, Best: -259.5758, Current: -257.6139, Acceptance: 65.02%, Time: 0.07 s
Iteration 2640/5000: Ground Truth: -264.4817, Best: -259.5758, Current: -257.7468, Acceptance: 65.00%, Time: 0.07 s
  *** New best: -259.5764 eV
Iteration 2650/5000: Ground Truth: -264.4817, Best: -259.5764, Current: -258.1407, Acceptance: 65.09%, Time: 0.07 s
Iteration 2660/5000: Ground Truth: -264.4817, Best: -259.5764, Current: -258.1531, Acceptance: 65.11%, Time: 0.07 s
Iteration 2670/5000: Ground Truth: -264.4817, Best: -259.5764, Current: -258.2927, Acceptance: 65.06%, Time: 0.07 s
Iteration 2680/5000: Ground Truth: -264.4817, Best: -259.5764, Current: -256.1980, Acceptance: 65.15%, Time: 0.07 s
Iteration 2690/5000: Ground Truth: -264.4817, Best: -259.5764, Current: -256.7268, Acceptance: 65.17%, Time: 0.07 s
Iteration 2700/5000: Ground Truth: -264.4817, Best: -259.5764, Current: -257.8178, Acceptance: 65.11%, Time: 0.07 s
Iteration 2710/5000: Ground Truth: -264.4817, Best: -259.5764, Current: -255.6296, Acceptance: 65.13%, Time: 0.07 s
Iteration 2720/5000: Ground Truth: -264.4817, Best: -259.5764, Current: -257.7108, Acceptance: 65.15%, Time: 0.07 s
Iteration 2730/5000: Ground Truth: -264.4817, Best: -259.5764, Current: -258.6266, Acceptance: 65.16%, Time: 0.07 s
Iteration 2740/5000: Ground Truth: -264.4817, Best: -259.5764, Current: -257.2174, Acceptance: 65.15%, Time: 0.07 s
Iteration 2750/5000: Ground Truth: -264.4817, Best: -259.5764, Current: -258.4531, Acceptance: 65.09%, Time: 0.07 s
Iteration 2760/5000: Ground Truth: -264.4817, Best: -259.5764, Current: -255.8809, Acceptance: 65.11%, Time: 0.08 s
Iteration 2770/5000: Ground Truth: -264.4817, Best: -259.5764, Current: -258.1125, Acceptance: 65.13%, Time: 0.07 s
Iteration 2780/5000: Ground Truth: -264.4817, Best: -259.5764, Current: -256.2238, Acceptance: 65.14%, Time: 0.07 s
Iteration 2790/5000: Ground Truth: -264.4817, Best: -259.5764, Current: -257.4232, Acceptance: 65.13%, Time: 0.07 s
Iteration 2800/5000: Ground Truth: -264.4817, Best: -259.5764, Current: -258.0678, Acceptance: 65.18%, Time: 0.08 s
Iteration 2810/5000: Ground Truth: -264.4817, Best: -259.5764, Current: -259.1765, Acceptance: 65.16%, Time: 0.04 s
Iteration 2820/5000: Ground Truth: -264.4817, Best: -259.5764, Current: -254.5283, Acceptance: 65.21%, Time: 0.07 s
Iteration 2830/5000: Ground Truth: -264.4817, Best: -259.5764, Current: -257.9989, Acceptance: 65.16%, Time: 0.07 s
Iteration 2840/5000: Ground Truth: -264.4817, Best: -259.5764, Current: -257.0940, Acceptance: 65.18%, Time: 0.07 s
Iteration 2850/5000: Ground Truth: -264.4817, Best: -259.5764, Current: -256.7932, Acceptance: 65.12%, Time: 0.07 s
Iteration 2860/5000: Ground Truth: -264.4817, Best: -259.5764, Current: -258.0458, Acceptance: 65.17%, Time: 0.07 s
Iteration 2870/5000: Ground Truth: -264.4817, Best: -259.5764, Current: -258.5822, Acceptance: 65.16%, Time: 0.08 s
Iteration 2880/5000: Ground Truth: -264.4817, Best: -259.5764, Current: -256.8891, Acceptance: 65.17%, Time: 0.07 s
Iteration 2890/5000: Ground Truth: -264.4817, Best: -259.5764, Current: -257.2385, Acceptance: 65.19%, Time: 0.08 s
Iteration 2900/5000: Ground Truth: -264.4817, Best: -259.5764, Current: -258.5302, Acceptance: 65.17%, Time: 0.08 s
Iteration 2910/5000: Ground Truth: -264.4817, Best: -259.5764, Current: -257.7906, Acceptance: 65.22%, Time: 0.08 s
Iteration 2920/5000: Ground Truth: -264.4817, Best: -259.5764, Current: -258.3200, Acceptance: 65.27%, Time: 0.07 s
Iteration 2930/5000: Ground Truth: -264.4817, Best: -259.5764, Current: -258.7612, Acceptance: 65.29%, Time: 0.07 s
Iteration 2940/5000: Ground Truth: -264.4817, Best: -259.5764, Current: -256.2254, Acceptance: 65.31%, Time: 0.04 s
Iteration 2950/5000: Ground Truth: -264.4817, Best: -259.5764, Current: -256.7878, Acceptance: 65.32%, Time: 0.07 s
Iteration 2960/5000: Ground Truth: -264.4817, Best: -259.5764, Current: -257.7486, Acceptance: 65.34%, Time: 0.07 s
Iteration 2970/5000: Ground Truth: -264.4817, Best: -259.5764, Current: -258.9717, Acceptance: 65.35%, Time: 0.08 s
Iteration 2980/5000: Ground Truth: -264.4817, Best: -259.5764, Current: -257.3076, Acceptance: 65.34%, Time: 0.07 s
Iteration 2990/5000: Ground Truth: -264.4817, Best: -259.5764, Current: -258.0048, Acceptance: 65.35%, Time: 0.07 s
Iteration 3000/5000: Ground Truth: -264.4817, Best: -259.5764, Current: -257.1379, Acceptance: 65.33%, Time: 0.08 s
Iteration 3010/5000: Ground Truth: -264.4817, Best: -259.5764, Current: -256.8635, Acceptance: 65.35%, Time: 0.08 s
Iteration 3020/5000: Ground Truth: -264.4817, Best: -259.5764, Current: -257.2910, Acceptance: 65.40%, Time: 0.08 s
Iteration 3030/5000: Ground Truth: -264.4817, Best: -259.5764, Current: -258.0163, Acceptance: 65.41%, Time: 0.08 s
Iteration 3040/5000: Ground Truth: -264.4817, Best: -259.5764, Current: -258.4833, Acceptance: 65.46%, Time: 0.08 s
Iteration 3050/5000: Ground Truth: -264.4817, Best: -259.5764, Current: -256.8436, Acceptance: 65.41%, Time: 0.08 s
Iteration 3060/5000: Ground Truth: -264.4817, Best: -259.5764, Current: -258.6523, Acceptance: 65.46%, Time: 0.08 s
Iteration 3070/5000: Ground Truth: -264.4817, Best: -259.5764, Current: -256.1154, Acceptance: 65.47%, Time: 0.07 s
Iteration 3080/5000: Ground Truth: -264.4817, Best: -259.5764, Current: -255.2266, Acceptance: 65.49%, Time: 0.08 s
Iteration 3090/5000: Ground Truth: -264.4817, Best: -259.5764, Current: -259.2553, Acceptance: 65.40%, Time: 0.04 s
Iteration 3100/5000: Ground Truth: -264.4817, Best: -259.5764, Current: -257.8513, Acceptance: 65.32%, Time: 0.07 s
Iteration 3110/5000: Ground Truth: -264.4817, Best: -259.5764, Current: -257.9384, Acceptance: 65.24%, Time: 0.04 s
Iteration 3120/5000: Ground Truth: -264.4817, Best: -259.5764, Current: -255.7297, Acceptance: 65.26%, Time: 0.07 s
Iteration 3130/5000: Ground Truth: -264.4817, Best: -259.5764, Current: -258.0803, Acceptance: 65.24%, Time: 0.07 s
Iteration 3140/5000: Ground Truth: -264.4817, Best: -259.5764, Current: -257.2452, Acceptance: 65.25%, Time: 0.07 s
Iteration 3150/5000: Ground Truth: -264.4817, Best: -259.5764, Current: -258.6978, Acceptance: 65.14%, Time: 0.07 s
Iteration 3160/5000: Ground Truth: -264.4817, Best: -259.5764, Current: -256.3723, Acceptance: 65.09%, Time: 0.07 s
Iteration 3170/5000: Ground Truth: -264.4817, Best: -259.5764, Current: -257.9211, Acceptance: 65.11%, Time: 0.04 s
Iteration 3180/5000: Ground Truth: -264.4817, Best: -259.5764, Current: -258.0103, Acceptance: 65.13%, Time: 0.07 s
Iteration 3190/5000: Ground Truth: -264.4817, Best: -259.5764, Current: -257.9981, Acceptance: 65.11%, Time: 0.07 s
Iteration 3200/5000: Ground Truth: -264.4817, Best: -259.5764, Current: -258.0784, Acceptance: 65.12%, Time: 0.07 s
Iteration 3210/5000: Ground Truth: -264.4817, Best: -259.5764, Current: -256.6811, Acceptance: 65.11%, Time: 0.07 s
Iteration 3220/5000: Ground Truth: -264.4817, Best: -259.5764, Current: -256.0880, Acceptance: 65.16%, Time: 0.07 s
Iteration 3230/5000: Ground Truth: -264.4817, Best: -259.5764, Current: -256.7214, Acceptance: 65.17%, Time: 0.07 s
Iteration 3240/5000: Ground Truth: -264.4817, Best: -259.5764, Current: -258.1324, Acceptance: 65.19%, Time: 0.04 s
Iteration 3250/5000: Ground Truth: -264.4817, Best: -259.5764, Current: -256.5334, Acceptance: 65.17%, Time: 0.07 s
Iteration 3260/5000: Ground Truth: -264.4817, Best: -259.5764, Current: -256.6934, Acceptance: 65.15%, Time: 0.08 s
Iteration 3270/5000: Ground Truth: -264.4817, Best: -259.5764, Current: -258.9882, Acceptance: 65.05%, Time: 0.04 s
Iteration 3280/5000: Ground Truth: -264.4817, Best: -259.5764, Current: -258.7685, Acceptance: 64.97%, Time: 0.07 s
Iteration 3290/5000: Ground Truth: -264.4817, Best: -259.5764, Current: -258.3520, Acceptance: 64.89%, Time: 0.07 s
Iteration 3300/5000: Ground Truth: -264.4817, Best: -259.5764, Current: -258.1776, Acceptance: 64.85%, Time: 0.07 s
Iteration 3310/5000: Ground Truth: -264.4817, Best: -259.5764, Current: -256.7208, Acceptance: 64.80%, Time: 0.07 s
Iteration 3320/5000: Ground Truth: -264.4817, Best: -259.5764, Current: -258.2336, Acceptance: 64.79%, Time: 0.07 s
Iteration 3330/5000: Ground Truth: -264.4817, Best: -259.5764, Current: -256.9809, Acceptance: 64.77%, Time: 0.07 s
Iteration 3340/5000: Ground Truth: -264.4817, Best: -259.5764, Current: -257.0189, Acceptance: 64.82%, Time: 0.04 s
Iteration 3350/5000: Ground Truth: -264.4817, Best: -259.5764, Current: -257.1217, Acceptance: 64.78%, Time: 0.08 s
Iteration 3360/5000: Ground Truth: -264.4817, Best: -259.5764, Current: -256.8802, Acceptance: 64.79%, Time: 0.07 s
Iteration 3370/5000: Ground Truth: -264.4817, Best: -259.5764, Current: -258.1873, Acceptance: 64.75%, Time: 0.07 s
Iteration 3380/5000: Ground Truth: -264.4817, Best: -259.5764, Current: -256.3090, Acceptance: 64.76%, Time: 0.07 s
Iteration 3390/5000: Ground Truth: -264.4817, Best: -259.5764, Current: -255.1503, Acceptance: 64.81%, Time: 0.07 s
Iteration 3400/5000: Ground Truth: -264.4817, Best: -259.5764, Current: -258.5851, Acceptance: 64.74%, Time: 0.07 s
Iteration 3410/5000: Ground Truth: -264.4817, Best: -259.5764, Current: -257.1157, Acceptance: 64.78%, Time: 0.07 s
Iteration 3420/5000: Ground Truth: -264.4817, Best: -259.5764, Current: -259.1559, Acceptance: 64.77%, Time: 0.07 s
Iteration 3430/5000: Ground Truth: -264.4817, Best: -259.5764, Current: -257.3092, Acceptance: 64.75%, Time: 0.06 s
Iteration 3440/5000: Ground Truth: -264.4817, Best: -259.5764, Current: -256.2837, Acceptance: 64.80%, Time: 0.07 s
Iteration 3450/5000: Ground Truth: -264.4817, Best: -259.5764, Current: -257.3346, Acceptance: 64.81%, Time: 0.07 s
Iteration 3460/5000: Ground Truth: -264.4817, Best: -259.5764, Current: -255.6981, Acceptance: 64.83%, Time: 0.07 s
Iteration 3470/5000: Ground Truth: -264.4817, Best: -259.5764, Current: -257.9096, Acceptance: 64.81%, Time: 0.07 s
Iteration 3480/5000: Ground Truth: -264.4817, Best: -259.5764, Current: -256.4958, Acceptance: 64.89%, Time: 0.07 s
Iteration 3490/5000: Ground Truth: -264.4817, Best: -259.5764, Current: -257.7863, Acceptance: 64.96%, Time: 0.04 s
Iteration 3500/5000: Ground Truth: -264.4817, Best: -259.5764, Current: -257.5082, Acceptance: 65.06%, Time: 0.07 s
Iteration 3510/5000: Ground Truth: -264.4817, Best: -259.5764, Current: -257.1751, Acceptance: 65.13%, Time: 0.06 s
Iteration 3520/5000: Ground Truth: -264.4817, Best: -259.5764, Current: -256.9713, Acceptance: 65.17%, Time: 0.07 s
Iteration 3530/5000: Ground Truth: -264.4817, Best: -259.5764, Current: -257.6157, Acceptance: 65.18%, Time: 0.07 s
Iteration 3540/5000: Ground Truth: -264.4817, Best: -259.5764, Current: -257.3724, Acceptance: 65.23%, Time: 0.07 s
Iteration 3550/5000: Ground Truth: -264.4817, Best: -259.5764, Current: -258.1060, Acceptance: 65.24%, Time: 0.04 s
Iteration 3560/5000: Ground Truth: -264.4817, Best: -259.5764, Current: -255.8613, Acceptance: 65.25%, Time: 0.07 s
Iteration 3570/5000: Ground Truth: -264.4817, Best: -259.5764, Current: -257.5448, Acceptance: 65.27%, Time: 0.07 s
Iteration 3580/5000: Ground Truth: -264.4817, Best: -259.5764, Current: -258.8529, Acceptance: 65.17%, Time: 0.07 s
Iteration 3590/5000: Ground Truth: -264.4817, Best: -259.5764, Current: -258.7437, Acceptance: 65.13%, Time: 0.07 s
Iteration 3600/5000: Ground Truth: -264.4817, Best: -259.5764, Current: -258.0041, Acceptance: 65.11%, Time: 0.07 s
Iteration 3610/5000: Ground Truth: -264.4817, Best: -259.5764, Current: -258.6028, Acceptance: 65.10%, Time: 0.07 s
Iteration 3620/5000: Ground Truth: -264.4817, Best: -259.5764, Current: -256.8199, Acceptance: 65.08%, Time: 0.07 s
Iteration 3630/5000: Ground Truth: -264.4817, Best: -259.5764, Current: -257.6095, Acceptance: 65.04%, Time: 0.04 s
Iteration 3640/5000: Ground Truth: -264.4817, Best: -259.5764, Current: -256.2313, Acceptance: 65.05%, Time: 0.07 s
Iteration 3650/5000: Ground Truth: -264.4817, Best: -259.5764, Current: -258.0649, Acceptance: 65.07%, Time: 0.07 s
Iteration 3660/5000: Ground Truth: -264.4817, Best: -259.5764, Current: -257.3656, Acceptance: 65.11%, Time: 0.07 s
Iteration 3670/5000: Ground Truth: -264.4817, Best: -259.5764, Current: -258.0160, Acceptance: 65.07%, Time: 0.07 s
Iteration 3680/5000: Ground Truth: -264.4817, Best: -259.5764, Current: -258.0833, Acceptance: 65.11%, Time: 0.07 s
Iteration 3690/5000: Ground Truth: -264.4817, Best: -259.5764, Current: -258.5347, Acceptance: 65.07%, Time: 0.07 s
Iteration 3700/5000: Ground Truth: -264.4817, Best: -259.5764, Current: -257.8818, Acceptance: 65.08%, Time: 0.07 s
Iteration 3710/5000: Ground Truth: -264.4817, Best: -259.5764, Current: -258.7736, Acceptance: 65.09%, Time: 0.07 s
Iteration 3720/5000: Ground Truth: -264.4817, Best: -259.5764, Current: -258.0490, Acceptance: 65.11%, Time: 0.07 s
Iteration 3730/5000: Ground Truth: -264.4817, Best: -259.5764, Current: -256.0951, Acceptance: 65.12%, Time: 0.07 s
Iteration 3740/5000: Ground Truth: -264.4817, Best: -259.5764, Current: -258.2904, Acceptance: 65.11%, Time: 0.04 s
Iteration 3750/5000: Ground Truth: -264.4817, Best: -259.5764, Current: -256.9849, Acceptance: 65.17%, Time: 0.07 s
Iteration 3760/5000: Ground Truth: -264.4817, Best: -259.5764, Current: -257.6165, Acceptance: 65.19%, Time: 0.07 s
Iteration 3770/5000: Ground Truth: -264.4817, Best: -259.5764, Current: -257.3001, Acceptance: 65.20%, Time: 0.07 s
Iteration 3780/5000: Ground Truth: -264.4817, Best: -259.5764, Current: -257.0232, Acceptance: 65.16%, Time: 0.07 s
Iteration 3790/5000: Ground Truth: -264.4817, Best: -259.5764, Current: -258.2375, Acceptance: 65.15%, Time: 0.07 s
Iteration 3800/5000: Ground Truth: -264.4817, Best: -259.5764, Current: -258.4647, Acceptance: 65.11%, Time: 0.07 s
Iteration 3810/5000: Ground Truth: -264.4817, Best: -259.5764, Current: -258.2855, Acceptance: 65.04%, Time: 0.07 s
Iteration 3820/5000: Ground Truth: -264.4817, Best: -259.5764, Current: -258.3556, Acceptance: 65.00%, Time: 0.04 s
Iteration 3830/5000: Ground Truth: -264.4817, Best: -259.5764, Current: -258.1140, Acceptance: 64.99%, Time: 0.07 s
Iteration 3840/5000: Ground Truth: -264.4817, Best: -259.5764, Current: -257.5791, Acceptance: 65.00%, Time: 0.07 s
Iteration 3850/5000: Ground Truth: -264.4817, Best: -259.5764, Current: -258.6581, Acceptance: 64.96%, Time: 0.07 s
Iteration 3860/5000: Ground Truth: -264.4817, Best: -259.5764, Current: -258.0766, Acceptance: 64.92%, Time: 0.07 s
Iteration 3870/5000: Ground Truth: -264.4817, Best: -259.5764, Current: -258.2743, Acceptance: 64.96%, Time: 0.07 s
Iteration 3880/5000: Ground Truth: -264.4817, Best: -259.5764, Current: -256.4030, Acceptance: 64.95%, Time: 0.07 s
Iteration 3890/5000: Ground Truth: -264.4817, Best: -259.5764, Current: -257.7113, Acceptance: 64.99%, Time: 0.07 s
Iteration 3900/5000: Ground Truth: -264.4817, Best: -259.5764, Current: -257.9114, Acceptance: 65.03%, Time: 0.07 s
Iteration 3910/5000: Ground Truth: -264.4817, Best: -259.5764, Current: -257.8370, Acceptance: 65.01%, Time: 0.07 s
Iteration 3920/5000: Ground Truth: -264.4817, Best: -259.5764, Current: -257.2999, Acceptance: 65.00%, Time: 0.07 s
Iteration 3930/5000: Ground Truth: -264.4817, Best: -259.5764, Current: -258.2800, Acceptance: 64.99%, Time: 0.07 s
Iteration 3940/5000: Ground Truth: -264.4817, Best: -259.5764, Current: -257.8133, Acceptance: 64.95%, Time: 0.07 s
Iteration 3950/5000: Ground Truth: -264.4817, Best: -259.5764, Current: -257.1884, Acceptance: 64.99%, Time: 0.04 s
Iteration 3960/5000: Ground Truth: -264.4817, Best: -259.5764, Current: -256.5643, Acceptance: 65.05%, Time: 0.07 s
Iteration 3970/5000: Ground Truth: -264.4817, Best: -259.5764, Current: -256.8022, Acceptance: 65.04%, Time: 0.07 s
Iteration 3980/5000: Ground Truth: -264.4817, Best: -259.5764, Current: -257.8093, Acceptance: 65.03%, Time: 0.07 s
Iteration 3990/5000: Ground Truth: -264.4817, Best: -259.5764, Current: -259.4122, Acceptance: 64.96%, Time: 0.04 s
Iteration 4000/5000: Ground Truth: -264.4817, Best: -259.5764, Current: -258.4363, Acceptance: 64.92%, Time: 0.07 s
Iteration 4010/5000: Ground Truth: -264.4817, Best: -259.5764, Current: -259.0567, Acceptance: 64.84%, Time: 0.07 s
Iteration 4020/5000: Ground Truth: -264.4817, Best: -259.5764, Current: -257.2835, Acceptance: 64.88%, Time: 0.07 s
Iteration 4030/5000: Ground Truth: -264.4817, Best: -259.5764, Current: -257.8482, Acceptance: 64.86%, Time: 0.07 s
Iteration 4040/5000: Ground Truth: -264.4817, Best: -259.5764, Current: -257.7183, Acceptance: 64.85%, Time: 0.04 s
Iteration 4050/5000: Ground Truth: -264.4817, Best: -259.5764, Current: -258.7230, Acceptance: 64.79%, Time: 0.07 s
Iteration 4060/5000: Ground Truth: -264.4817, Best: -259.5764, Current: -258.8017, Acceptance: 64.78%, Time: 0.07 s
Iteration 4070/5000: Ground Truth: -264.4817, Best: -259.5764, Current: -257.8838, Acceptance: 64.79%, Time: 0.07 s
Iteration 4080/5000: Ground Truth: -264.4817, Best: -259.5764, Current: -258.3521, Acceptance: 64.80%, Time: 0.04 s
Iteration 4090/5000: Ground Truth: -264.4817, Best: -259.5764, Current: -258.7108, Acceptance: 64.77%, Time: 0.07 s
Iteration 4100/5000: Ground Truth: -264.4817, Best: -259.5764, Current: -256.1297, Acceptance: 64.80%, Time: 0.07 s
Iteration 4110/5000: Ground Truth: -264.4817, Best: -259.5764, Current: -258.2014, Acceptance: 64.74%, Time: 0.07 s
Iteration 4120/5000: Ground Truth: -264.4817, Best: -259.5764, Current: -258.6825, Acceptance: 64.71%, Time: 0.04 s
Iteration 4130/5000: Ground Truth: -264.4817, Best: -259.5764, Current: -255.1682, Acceptance: 64.75%, Time: 0.07 s
Iteration 4140/5000: Ground Truth: -264.4817, Best: -259.5764, Current: -259.2723, Acceptance: 64.69%, Time: 0.07 s
Iteration 4150/5000: Ground Truth: -264.4817, Best: -259.5764, Current: -258.6255, Acceptance: 64.65%, Time: 0.07 s
Iteration 4160/5000: Ground Truth: -264.4817, Best: -259.5764, Current: -256.3814, Acceptance: 64.62%, Time: 0.07 s
Iteration 4170/5000: Ground Truth: -264.4817, Best: -259.5764, Current: -257.7830, Acceptance: 64.63%, Time: 0.07 s
Iteration 4180/5000: Ground Truth: -264.4817, Best: -259.5764, Current: -258.2611, Acceptance: 64.62%, Time: 0.07 s
Iteration 4190/5000: Ground Truth: -264.4817, Best: -259.5764, Current: -257.8817, Acceptance: 64.63%, Time: 0.07 s
Iteration 4200/5000: Ground Truth: -264.4817, Best: -259.5764, Current: -259.0149, Acceptance: 64.62%, Time: 0.07 s
Iteration 4210/5000: Ground Truth: -264.4817, Best: -259.5764, Current: -256.0751, Acceptance: 64.68%, Time: 0.07 s
Iteration 4220/5000: Ground Truth: -264.4817, Best: -259.5764, Current: -256.2213, Acceptance: 64.72%, Time: 0.07 s
Iteration 4230/5000: Ground Truth: -264.4817, Best: -259.5764, Current: -258.4688, Acceptance: 64.66%, Time: 0.07 s
Iteration 4240/5000: Ground Truth: -264.4817, Best: -259.5764, Current: -256.4931, Acceptance: 64.62%, Time: 0.07 s
Iteration 4250/5000: Ground Truth: -264.4817, Best: -259.5764, Current: -257.4813, Acceptance: 64.61%, Time: 0.07 s
Iteration 4260/5000: Ground Truth: -264.4817, Best: -259.5764, Current: -258.4098, Acceptance: 64.55%, Time: 0.07 s
Iteration 4270/5000: Ground Truth: -264.4817, Best: -259.5764, Current: -258.8081, Acceptance: 64.50%, Time: 0.07 s
Iteration 4280/5000: Ground Truth: -264.4817, Best: -259.5764, Current: -258.7066, Acceptance: 64.49%, Time: 0.07 s
Iteration 4290/5000: Ground Truth: -264.4817, Best: -259.5764, Current: -256.6783, Acceptance: 64.50%, Time: 0.07 s
Iteration 4300/5000: Ground Truth: -264.4817, Best: -259.5764, Current: -252.4445, Acceptance: 64.58%, Time: 0.05 s
Iteration 4310/5000: Ground Truth: -264.4817, Best: -259.5764, Current: -257.0725, Acceptance: 64.57%, Time: 0.07 s
Iteration 4320/5000: Ground Truth: -264.4817, Best: -259.5764, Current: -257.0951, Acceptance: 64.58%, Time: 0.07 s
Iteration 4330/5000: Ground Truth: -264.4817, Best: -259.5764, Current: -258.0362, Acceptance: 64.55%, Time: 0.07 s
Iteration 4340/5000: Ground Truth: -264.4817, Best: -259.5764, Current: -256.7776, Acceptance: 64.59%, Time: 0.07 s
Iteration 4350/5000: Ground Truth: -264.4817, Best: -259.5764, Current: -257.0687, Acceptance: 64.62%, Time: 0.07 s
Iteration 4360/5000: Ground Truth: -264.4817, Best: -259.5764, Current: -257.0537, Acceptance: 64.68%, Time: 0.07 s
Iteration 4370/5000: Ground Truth: -264.4817, Best: -259.5764, Current: -258.7798, Acceptance: 64.62%, Time: 0.07 s
Iteration 4380/5000: Ground Truth: -264.4817, Best: -259.5764, Current: -257.6896, Acceptance: 64.61%, Time: 0.07 s
Iteration 4390/5000: Ground Truth: -264.4817, Best: -259.5764, Current: -256.4056, Acceptance: 64.60%, Time: 0.07 s
Iteration 4400/5000: Ground Truth: -264.4817, Best: -259.5764, Current: -257.9914, Acceptance: 64.59%, Time: 0.07 s
Iteration 4410/5000: Ground Truth: -264.4817, Best: -259.5764, Current: -259.4730, Acceptance: 64.54%, Time: 0.04 s
Iteration 4420/5000: Ground Truth: -264.4817, Best: -259.5764, Current: -257.3654, Acceptance: 64.55%, Time: 0.04 s
Iteration 4430/5000: Ground Truth: -264.4817, Best: -259.5764, Current: -257.5982, Acceptance: 64.51%, Time: 0.07 s
Iteration 4440/5000: Ground Truth: -264.4817, Best: -259.5764, Current: -258.6732, Acceptance: 64.46%, Time: 0.07 s
Iteration 4450/5000: Ground Truth: -264.4817, Best: -259.5764, Current: -256.4062, Acceptance: 64.45%, Time: 0.07 s
Iteration 4460/5000: Ground Truth: -264.4817, Best: -259.5764, Current: -256.6782, Acceptance: 64.51%, Time: 0.07 s
Iteration 4470/5000: Ground Truth: -264.4817, Best: -259.5764, Current: -256.3851, Acceptance: 64.50%, Time: 0.07 s
Iteration 4480/5000: Ground Truth: -264.4817, Best: -259.5764, Current: -258.7401, Acceptance: 64.46%, Time: 0.07 s
Iteration 4490/5000: Ground Truth: -264.4817, Best: -259.5764, Current: -255.7940, Acceptance: 64.52%, Time: 0.04 s
Iteration 4500/5000: Ground Truth: -264.4817, Best: -259.5764, Current: -255.2576, Acceptance: 64.51%, Time: 0.07 s
Iteration 4510/5000: Ground Truth: -264.4817, Best: -259.5764, Current: -258.5444, Acceptance: 64.52%, Time: 0.07 s
Iteration 4520/5000: Ground Truth: -264.4817, Best: -259.5764, Current: -257.7688, Acceptance: 64.49%, Time: 0.07 s
Iteration 4530/5000: Ground Truth: -264.4817, Best: -259.5764, Current: -254.7864, Acceptance: 64.55%, Time: 0.07 s
Iteration 4540/5000: Ground Truth: -264.4817, Best: -259.5764, Current: -257.2971, Acceptance: 64.56%, Time: 0.07 s
Iteration 4550/5000: Ground Truth: -264.4817, Best: -259.5764, Current: -257.7503, Acceptance: 64.57%, Time: 0.07 s
Iteration 4560/5000: Ground Truth: -264.4817, Best: -259.5764, Current: -257.5087, Acceptance: 64.56%, Time: 0.07 s
Iteration 4570/5000: Ground Truth: -264.4817, Best: -259.5764, Current: -257.9827, Acceptance: 64.57%, Time: 0.07 s
Iteration 4580/5000: Ground Truth: -264.4817, Best: -259.5764, Current: -257.1374, Acceptance: 64.56%, Time: 0.07 s
Iteration 4590/5000: Ground Truth: -264.4817, Best: -259.5764, Current: -258.2615, Acceptance: 64.53%, Time: 0.07 s
Iteration 4600/5000: Ground Truth: -264.4817, Best: -259.5764, Current: -258.4414, Acceptance: 64.50%, Time: 0.07 s
Iteration 4610/5000: Ground Truth: -264.4817, Best: -259.5764, Current: -257.4688, Acceptance: 64.47%, Time: 0.07 s
Iteration 4620/5000: Ground Truth: -264.4817, Best: -259.5764, Current: -258.8331, Acceptance: 64.48%, Time: 0.07 s
Iteration 4630/5000: Ground Truth: -264.4817, Best: -259.5764, Current: -256.7194, Acceptance: 64.45%, Time: 0.07 s
Iteration 4640/5000: Ground Truth: -264.4817, Best: -259.5764, Current: -258.7614, Acceptance: 64.42%, Time: 0.07 s
Iteration 4650/5000: Ground Truth: -264.4817, Best: -259.5764, Current: -258.9510, Acceptance: 64.39%, Time: 0.07 s
Iteration 4660/5000: Ground Truth: -264.4817, Best: -259.5764, Current: -258.5045, Acceptance: 64.33%, Time: 0.07 s
Iteration 4670/5000: Ground Truth: -264.4817, Best: -259.5764, Current: -256.4439, Acceptance: 64.35%, Time: 0.07 s
Iteration 4680/5000: Ground Truth: -264.4817, Best: -259.5764, Current: -258.2605, Acceptance: 64.36%, Time: 0.04 s
Iteration 4690/5000: Ground Truth: -264.4817, Best: -259.5764, Current: -258.0002, Acceptance: 64.31%, Time: 0.07 s
Iteration 4700/5000: Ground Truth: -264.4817, Best: -259.5764, Current: -259.0325, Acceptance: 64.26%, Time: 0.07 s
Iteration 4710/5000: Ground Truth: -264.4817, Best: -259.5764, Current: -257.8637, Acceptance: 64.27%, Time: 0.07 s
Iteration 4720/5000: Ground Truth: -264.4817, Best: -259.5764, Current: -257.7741, Acceptance: 64.24%, Time: 0.07 s
Iteration 4730/5000: Ground Truth: -264.4817, Best: -259.5764, Current: -256.7957, Acceptance: 64.27%, Time: 0.07 s
Iteration 4740/5000: Ground Truth: -264.4817, Best: -259.5764, Current: -254.6732, Acceptance: 64.28%, Time: 0.07 s
Iteration 4750/5000: Ground Truth: -264.4817, Best: -259.5764, Current: -255.8664, Acceptance: 64.29%, Time: 0.07 s
Iteration 4760/5000: Ground Truth: -264.4817, Best: -259.5764, Current: -257.4261, Acceptance: 64.26%, Time: 0.07 s
Iteration 4770/5000: Ground Truth: -264.4817, Best: -259.5764, Current: -257.9377, Acceptance: 64.28%, Time: 0.07 s
Iteration 4780/5000: Ground Truth: -264.4817, Best: -259.5764, Current: -257.4966, Acceptance: 64.29%, Time: 0.07 s
Iteration 4790/5000: Ground Truth: -264.4817, Best: -259.5764, Current: -256.0215, Acceptance: 64.34%, Time: 0.07 s
Iteration 4800/5000: Ground Truth: -264.4817, Best: -259.5764, Current: -256.7306, Acceptance: 64.33%, Time: 0.07 s
Iteration 4810/5000: Ground Truth: -264.4817, Best: -259.5764, Current: -258.1120, Acceptance: 64.30%, Time: 0.04 s
Iteration 4820/5000: Ground Truth: -264.4817, Best: -259.5764, Current: -258.9470, Acceptance: 64.29%, Time: 0.07 s
Iteration 4830/5000: Ground Truth: -264.4817, Best: -259.5764, Current: -257.5511, Acceptance: 64.31%, Time: 0.07 s
Iteration 4840/5000: Ground Truth: -264.4817, Best: -259.5764, Current: -257.0257, Acceptance: 64.32%, Time: 0.07 s
Iteration 4850/5000: Ground Truth: -264.4817, Best: -259.5764, Current: -257.1029, Acceptance: 64.33%, Time: 0.07 s
Iteration 4860/5000: Ground Truth: -264.4817, Best: -259.5764, Current: -257.4062, Acceptance: 64.34%, Time: 0.07 s
Iteration 4870/5000: Ground Truth: -264.4817, Best: -259.5764, Current: -257.0720, Acceptance: 64.35%, Time: 0.04 s
Iteration 4880/5000: Ground Truth: -264.4817, Best: -259.5764, Current: -257.1865, Acceptance: 64.39%, Time: 0.07 s
Iteration 4890/5000: Ground Truth: -264.4817, Best: -259.5764, Current: -259.3279, Acceptance: 64.34%, Time: 0.04 s
Iteration 4900/5000: Ground Truth: -264.4817, Best: -259.5764, Current: -256.0190, Acceptance: 64.39%, Time: 0.08 s
Iteration 4910/5000: Ground Truth: -264.4817, Best: -259.5764, Current: -257.1124, Acceptance: 64.36%, Time: 0.07 s
Iteration 4920/5000: Ground Truth: -264.4817, Best: -259.5764, Current: -258.0133, Acceptance: 64.35%, Time: 0.07 s
Iteration 4930/5000: Ground Truth: -264.4817, Best: -259.5764, Current: -256.9315, Acceptance: 64.38%, Time: 0.07 s
Iteration 4940/5000: Ground Truth: -264.4817, Best: -259.5764, Current: -257.6194, Acceptance: 64.41%, Time: 0.07 s
Iteration 4950/5000: Ground Truth: -264.4817, Best: -259.5764, Current: -256.5518, Acceptance: 64.38%, Time: 0.07 s
Iteration 4960/5000: Ground Truth: -264.4817, Best: -259.5764, Current: -258.0340, Acceptance: 64.35%, Time: 0.07 s
Iteration 4970/5000: Ground Truth: -264.4817, Best: -259.5764, Current: -258.2318, Acceptance: 64.41%, Time: 0.07 s
Iteration 4980/5000: Ground Truth: -264.4817, Best: -259.5764, Current: -258.6191, Acceptance: 64.38%, Time: 0.07 s
Iteration 4990/5000: Ground Truth: -264.4817, Best: -259.5764, Current: -257.6216, Acceptance: 64.35%, Time: 0.07 s
Iteration 5000/5000: Ground Truth: -264.4817, Best: -259.5764, Current: -257.4984, Acceptance: 64.36%, Time: 0.07 s
No match for mp-554519: RMSD = 3.831, ΔE = 4.905 eV
mp-554519 match: False
Initial energy: -173.06304931640625
  *** New best: -203.0698 eV
Iteration 10/5000: Ground Truth: -239.7074, Best: -203.0698, Current: -201.1727, Acceptance: 90.00%, Time: 0.04 s
  *** New best: -208.2776 eV
Iteration 20/5000: Ground Truth: -239.7074, Best: -208.2776, Current: -206.7917, Acceptance: 80.00%, Time: 0.07 s
  *** New best: -208.4364 eV
Iteration 30/5000: Ground Truth: -239.7074, Best: -208.4364, Current: -207.3785, Acceptance: 76.67%, Time: 0.04 s
  *** New best: -208.5695 eV
Iteration 40/5000: Ground Truth: -239.7074, Best: -208.5695, Current: -206.2710, Acceptance: 82.50%, Time: 0.07 s
  *** New best: -208.6684 eV
Iteration 50/5000: Ground Truth: -239.7074, Best: -208.6684, Current: -207.2010, Acceptance: 78.00%, Time: 0.07 s
  *** New best: -208.8253 eV
Iteration 60/5000: Ground Truth: -239.7074, Best: -208.8253, Current: -206.2421, Acceptance: 80.00%, Time: 0.04 s
  *** New best: -209.1119 eV
Iteration 70/5000: Ground Truth: -239.7074, Best: -209.1119, Current: -207.4173, Acceptance: 78.57%, Time: 0.07 s
  *** New best: -209.4751 eV
Iteration 80/5000: Ground Truth: -239.7074, Best: -209.4751, Current: -208.1844, Acceptance: 76.25%, Time: 0.07 s
  *** New best: -209.7597 eV
Iteration 90/5000: Ground Truth: -239.7074, Best: -209.7597, Current: -208.8196, Acceptance: 74.44%, Time: 0.04 s
  *** New best: -210.0253 eV
Iteration 100/5000: Ground Truth: -239.7074, Best: -210.0253, Current: -208.9294, Acceptance: 73.00%, Time: 0.04 s
  *** New best: -210.1845 eV
Iteration 110/5000: Ground Truth: -239.7074, Best: -210.1845, Current: -209.2404, Acceptance: 70.00%, Time: 0.07 s
  *** New best: -210.5891 eV
Iteration 120/5000: Ground Truth: -239.7074, Best: -210.5891, Current: -209.7238, Acceptance: 68.33%, Time: 0.04 s
  *** New best: -211.1561 eV
Iteration 130/5000: Ground Truth: -239.7074, Best: -211.1561, Current: -210.1768, Acceptance: 66.92%, Time: 0.04 s
  *** New best: -211.5653 eV
Iteration 140/5000: Ground Truth: -239.7074, Best: -211.5653, Current: -208.5608, Acceptance: 66.43%, Time: 0.04 s
  *** New best: -212.6208 eV
  *** New best: -212.6227 eV
Iteration 150/5000: Ground Truth: -239.7074, Best: -212.6227, Current: -211.4909, Acceptance: 66.67%, Time: 0.07 s
  *** New best: -212.9008 eV
Iteration 160/5000: Ground Truth: -239.7074, Best: -212.9008, Current: -211.3193, Acceptance: 65.62%, Time: 0.07 s
  *** New best: -212.9373 eV
Iteration 170/5000: Ground Truth: -239.7074, Best: -212.9373, Current: -207.3362, Acceptance: 64.12%, Time: 0.07 s
  *** New best: -213.0223 eV
Iteration 180/5000: Ground Truth: -239.7074, Best: -213.0223, Current: -209.2293, Acceptance: 63.33%, Time: 0.07 s
  *** New best: -213.8858 eV
  *** New best: -213.8944 eV
Iteration 190/5000: Ground Truth: -239.7074, Best: -213.8944, Current: -211.8015, Acceptance: 64.21%, Time: 0.04 s
  *** New best: -216.2397 eV
Iteration 200/5000: Ground Truth: -239.7074, Best: -216.2397, Current: -214.4207, Acceptance: 64.00%, Time: 0.07 s
  *** New best: -216.4683 eV
Iteration 210/5000: Ground Truth: -239.7074, Best: -216.4683, Current: -214.2825, Acceptance: 63.81%, Time: 0.07 s
  *** New best: -216.4737 eV
Iteration 220/5000: Ground Truth: -239.7074, Best: -216.4737, Current: -215.2330, Acceptance: 63.64%, Time: 0.04 s
  *** New best: -216.5804 eV
Iteration 230/5000: Ground Truth: -239.7074, Best: -216.5804, Current: -215.8239, Acceptance: 63.91%, Time: 0.07 s
  *** New best: -216.7126 eV
Iteration 240/5000: Ground Truth: -239.7074, Best: -216.7126, Current: -214.4485, Acceptance: 63.75%, Time: 0.08 s
  *** New best: -216.7215 eV
Iteration 250/5000: Ground Truth: -239.7074, Best: -216.7215, Current: -214.2838, Acceptance: 63.20%, Time: 0.07 s
  *** New best: -216.7832 eV
Iteration 260/5000: Ground Truth: -239.7074, Best: -216.7832, Current: -214.9312, Acceptance: 62.31%, Time: 0.08 s
  *** New best: -216.8827 eV
Iteration 270/5000: Ground Truth: -239.7074, Best: -216.8827, Current: -214.8943, Acceptance: 63.33%, Time: 0.05 s
  *** New best: -216.9092 eV
Iteration 280/5000: Ground Truth: -239.7074, Best: -216.9092, Current: -215.4043, Acceptance: 62.86%, Time: 0.04 s
  *** New best: -216.9258 eV
Iteration 290/5000: Ground Truth: -239.7074, Best: -216.9258, Current: -213.8480, Acceptance: 63.10%, Time: 0.07 s
Iteration 300/5000: Ground Truth: -239.7074, Best: -216.9258, Current: -216.4561, Acceptance: 63.00%, Time: 0.04 s
  *** New best: -216.9598 eV
Iteration 310/5000: Ground Truth: -239.7074, Best: -216.9598, Current: -214.8779, Acceptance: 63.55%, Time: 0.07 s
  *** New best: -217.0040 eV
Iteration 320/5000: Ground Truth: -239.7074, Best: -217.0040, Current: -213.4389, Acceptance: 63.44%, Time: 0.07 s
  *** New best: -217.0350 eV
Iteration 330/5000: Ground Truth: -239.7074, Best: -217.0350, Current: -213.7905, Acceptance: 63.33%, Time: 0.07 s
  *** New best: -217.0649 eV
Iteration 340/5000: Ground Truth: -239.7074, Best: -217.0649, Current: -215.4552, Acceptance: 63.53%, Time: 0.07 s
  *** New best: -217.0695 eV
Iteration 350/5000: Ground Truth: -239.7074, Best: -217.0695, Current: -213.3544, Acceptance: 63.71%, Time: 0.07 s
  *** New best: -217.0924 eV
Iteration 360/5000: Ground Truth: -239.7074, Best: -217.0924, Current: -215.5931, Acceptance: 63.33%, Time: 0.07 s
  *** New best: -217.1045 eV
Iteration 370/5000: Ground Truth: -239.7074, Best: -217.1045, Current: -215.5310, Acceptance: 62.70%, Time: 0.07 s
  *** New best: -217.2141 eV
Iteration 380/5000: Ground Truth: -239.7074, Best: -217.2141, Current: -212.2324, Acceptance: 63.42%, Time: 0.07 s
  *** New best: -217.3734 eV
Iteration 390/5000: Ground Truth: -239.7074, Best: -217.3734, Current: -213.8650, Acceptance: 63.85%, Time: 0.07 s
Iteration 400/5000: Ground Truth: -239.7074, Best: -217.3734, Current: -216.8737, Acceptance: 63.25%, Time: 0.04 s
  *** New best: -217.5884 eV
Iteration 410/5000: Ground Truth: -239.7074, Best: -217.5884, Current: -215.7198, Acceptance: 63.41%, Time: 0.07 s
  *** New best: -218.0678 eV
Iteration 420/5000: Ground Truth: -239.7074, Best: -218.0678, Current: -217.6782, Acceptance: 63.33%, Time: 0.04 s
  *** New best: -218.2288 eV
Iteration 430/5000: Ground Truth: -239.7074, Best: -218.2288, Current: -217.2626, Acceptance: 63.02%, Time: 0.07 s
  *** New best: -218.3470 eV
Iteration 440/5000: Ground Truth: -239.7074, Best: -218.3470, Current: -217.0224, Acceptance: 62.50%, Time: 0.07 s
  *** New best: -218.6231 eV
Iteration 450/5000: Ground Truth: -239.7074, Best: -218.6231, Current: -216.9058, Acceptance: 62.44%, Time: 0.07 s
  *** New best: -219.0950 eV
Iteration 460/5000: Ground Truth: -239.7074, Best: -219.0950, Current: -217.5989, Acceptance: 61.96%, Time: 0.07 s
  *** New best: -219.2411 eV
Iteration 470/5000: Ground Truth: -239.7074, Best: -219.2411, Current: -218.3600, Acceptance: 61.70%, Time: 0.04 s
  *** New best: -220.0127 eV
Iteration 480/5000: Ground Truth: -239.7074, Best: -220.0127, Current: -219.4716, Acceptance: 61.88%, Time: 0.08 s
  *** New best: -220.0604 eV
Iteration 490/5000: Ground Truth: -239.7074, Best: -220.0604, Current: -219.2685, Acceptance: 61.63%, Time: 0.08 s
  *** New best: -220.0738 eV
Iteration 500/5000: Ground Truth: -239.7074, Best: -220.0738, Current: -218.4215, Acceptance: 61.60%, Time: 0.04 s
  *** New best: -220.1336 eV
Iteration 510/5000: Ground Truth: -239.7074, Best: -220.1336, Current: -218.4060, Acceptance: 61.57%, Time: 0.08 s
  *** New best: -220.1491 eV
Iteration 520/5000: Ground Truth: -239.7074, Best: -220.1491, Current: -218.3286, Acceptance: 61.92%, Time: 0.08 s
  *** New best: -220.1709 eV
Iteration 530/5000: Ground Truth: -239.7074, Best: -220.1709, Current: -217.2650, Acceptance: 62.08%, Time: 0.04 s
Iteration 540/5000: Ground Truth: -239.7074, Best: -220.1709, Current: -219.0567, Acceptance: 62.22%, Time: 0.08 s
Iteration 550/5000: Ground Truth: -239.7074, Best: -220.1709, Current: -217.5588, Acceptance: 62.00%, Time: 0.07 s
Iteration 560/5000: Ground Truth: -239.7074, Best: -220.1709, Current: -219.3842, Acceptance: 61.96%, Time: 0.04 s
  *** New best: -220.1911 eV
Iteration 570/5000: Ground Truth: -239.7074, Best: -220.1911, Current: -218.9706, Acceptance: 61.93%, Time: 0.05 s
Iteration 580/5000: Ground Truth: -239.7074, Best: -220.1911, Current: -217.8717, Acceptance: 61.72%, Time: 0.08 s
Iteration 590/5000: Ground Truth: -239.7074, Best: -220.1911, Current: -219.9658, Acceptance: 61.19%, Time: 0.08 s
  *** New best: -220.2028 eV
Iteration 600/5000: Ground Truth: -239.7074, Best: -220.2028, Current: -219.7074, Acceptance: 61.00%, Time: 0.04 s
Iteration 610/5000: Ground Truth: -239.7074, Best: -220.2028, Current: -217.0543, Acceptance: 61.15%, Time: 0.08 s
Iteration 620/5000: Ground Truth: -239.7074, Best: -220.2028, Current: -218.7036, Acceptance: 60.97%, Time: 0.08 s
Iteration 630/5000: Ground Truth: -239.7074, Best: -220.2028, Current: -219.7976, Acceptance: 60.63%, Time: 0.08 s
Iteration 640/5000: Ground Truth: -239.7074, Best: -220.2028, Current: -217.7871, Acceptance: 60.62%, Time: 0.08 s
Iteration 650/5000: Ground Truth: -239.7074, Best: -220.2028, Current: -219.5583, Acceptance: 60.15%, Time: 0.07 s
Iteration 660/5000: Ground Truth: -239.7074, Best: -220.2028, Current: -218.8795, Acceptance: 60.30%, Time: 0.04 s
Iteration 670/5000: Ground Truth: -239.7074, Best: -220.2028, Current: -218.2197, Acceptance: 60.15%, Time: 0.08 s
  *** New best: -220.2077 eV
Iteration 680/5000: Ground Truth: -239.7074, Best: -220.2077, Current: -219.7639, Acceptance: 60.15%, Time: 0.08 s
  *** New best: -220.2170 eV
Iteration 690/5000: Ground Truth: -239.7074, Best: -220.2170, Current: -218.4847, Acceptance: 60.00%, Time: 0.04 s
Iteration 700/5000: Ground Truth: -239.7074, Best: -220.2170, Current: -218.1265, Acceptance: 60.14%, Time: 0.08 s
Iteration 710/5000: Ground Truth: -239.7074, Best: -220.2170, Current: -217.4518, Acceptance: 60.28%, Time: 0.08 s
Iteration 720/5000: Ground Truth: -239.7074, Best: -220.2170, Current: -215.4018, Acceptance: 60.83%, Time: 0.08 s
Iteration 730/5000: Ground Truth: -239.7074, Best: -220.2170, Current: -219.7574, Acceptance: 60.41%, Time: 0.08 s
Iteration 740/5000: Ground Truth: -239.7074, Best: -220.2170, Current: -218.2430, Acceptance: 60.54%, Time: 0.04 s
Iteration 750/5000: Ground Truth: -239.7074, Best: -220.2170, Current: -215.5145, Acceptance: 60.67%, Time: 0.08 s
Iteration 760/5000: Ground Truth: -239.7074, Best: -220.2170, Current: -216.9422, Acceptance: 60.79%, Time: 0.08 s
Iteration 770/5000: Ground Truth: -239.7074, Best: -220.2170, Current: -218.2730, Acceptance: 60.78%, Time: 0.08 s
Iteration 780/5000: Ground Truth: -239.7074, Best: -220.2170, Current: -218.2117, Acceptance: 60.90%, Time: 0.08 s
Iteration 790/5000: Ground Truth: -239.7074, Best: -220.2170, Current: -217.7460, Acceptance: 60.89%, Time: 0.04 s
Iteration 800/5000: Ground Truth: -239.7074, Best: -220.2170, Current: -217.3027, Acceptance: 60.62%, Time: 0.07 s
Iteration 810/5000: Ground Truth: -239.7074, Best: -220.2170, Current: -217.3305, Acceptance: 60.74%, Time: 0.07 s
Iteration 820/5000: Ground Truth: -239.7074, Best: -220.2170, Current: -216.5030, Acceptance: 60.98%, Time: 0.08 s
Iteration 830/5000: Ground Truth: -239.7074, Best: -220.2170, Current: -217.6926, Acceptance: 60.84%, Time: 0.07 s
Iteration 840/5000: Ground Truth: -239.7074, Best: -220.2170, Current: -217.9194, Acceptance: 60.83%, Time: 0.07 s
Iteration 850/5000: Ground Truth: -239.7074, Best: -220.2170, Current: -219.1049, Acceptance: 60.94%, Time: 0.04 s
Iteration 860/5000: Ground Truth: -239.7074, Best: -220.2170, Current: -217.6501, Acceptance: 61.28%, Time: 0.07 s
Iteration 870/5000: Ground Truth: -239.7074, Best: -220.2170, Current: -218.1564, Acceptance: 61.26%, Time: 0.07 s
Iteration 880/5000: Ground Truth: -239.7074, Best: -220.2170, Current: -214.3804, Acceptance: 61.59%, Time: 0.07 s
Iteration 890/5000: Ground Truth: -239.7074, Best: -220.2170, Current: -218.7089, Acceptance: 61.57%, Time: 0.08 s
Iteration 900/5000: Ground Truth: -239.7074, Best: -220.2170, Current: -217.1816, Acceptance: 61.67%, Time: 0.08 s
Iteration 910/5000: Ground Truth: -239.7074, Best: -220.2170, Current: -219.0944, Acceptance: 61.54%, Time: 0.08 s
Iteration 920/5000: Ground Truth: -239.7074, Best: -220.2170, Current: -219.1033, Acceptance: 61.74%, Time: 0.08 s
Iteration 930/5000: Ground Truth: -239.7074, Best: -220.2170, Current: -216.5811, Acceptance: 61.83%, Time: 0.08 s
Iteration 940/5000: Ground Truth: -239.7074, Best: -220.2170, Current: -217.2453, Acceptance: 61.81%, Time: 0.08 s
Iteration 950/5000: Ground Truth: -239.7074, Best: -220.2170, Current: -219.1196, Acceptance: 61.47%, Time: 0.08 s
Iteration 960/5000: Ground Truth: -239.7074, Best: -220.2170, Current: -218.5300, Acceptance: 61.35%, Time: 0.08 s
Iteration 970/5000: Ground Truth: -239.7074, Best: -220.2170, Current: -217.3047, Acceptance: 61.55%, Time: 0.08 s
Iteration 980/5000: Ground Truth: -239.7074, Best: -220.2170, Current: -215.5137, Acceptance: 61.73%, Time: 0.08 s
Iteration 990/5000: Ground Truth: -239.7074, Best: -220.2170, Current: -217.5700, Acceptance: 61.82%, Time: 0.08 s
Iteration 1000/5000: Ground Truth: -239.7074, Best: -220.2170, Current: -219.4899, Acceptance: 61.60%, Time: 0.08 s
Iteration 1010/5000: Ground Truth: -239.7074, Best: -220.2170, Current: -218.8871, Acceptance: 61.29%, Time: 0.08 s
Iteration 1020/5000: Ground Truth: -239.7074, Best: -220.2170, Current: -217.9871, Acceptance: 61.37%, Time: 0.04 s
Iteration 1030/5000: Ground Truth: -239.7074, Best: -220.2170, Current: -218.5395, Acceptance: 61.36%, Time: 0.08 s
Iteration 1040/5000: Ground Truth: -239.7074, Best: -220.2170, Current: -219.3912, Acceptance: 61.25%, Time: 0.05 s
Iteration 1050/5000: Ground Truth: -239.7074, Best: -220.2170, Current: -219.1065, Acceptance: 61.24%, Time: 0.06 s
Iteration 1060/5000: Ground Truth: -239.7074, Best: -220.2170, Current: -218.6624, Acceptance: 61.32%, Time: 0.08 s
Iteration 1070/5000: Ground Truth: -239.7074, Best: -220.2170, Current: -218.6367, Acceptance: 61.12%, Time: 0.08 s
Iteration 1080/5000: Ground Truth: -239.7074, Best: -220.2170, Current: -218.6602, Acceptance: 61.11%, Time: 0.07 s
Iteration 1090/5000: Ground Truth: -239.7074, Best: -220.2170, Current: -216.2434, Acceptance: 61.10%, Time: 0.07 s
Iteration 1100/5000: Ground Truth: -239.7074, Best: -220.2170, Current: -216.7478, Acceptance: 61.18%, Time: 0.04 s
Iteration 1110/5000: Ground Truth: -239.7074, Best: -220.2170, Current: -219.3550, Acceptance: 61.26%, Time: 0.04 s
Iteration 1120/5000: Ground Truth: -239.7074, Best: -220.2170, Current: -217.3110, Acceptance: 61.25%, Time: 0.08 s
Iteration 1130/5000: Ground Truth: -239.7074, Best: -220.2170, Current: -219.0384, Acceptance: 61.24%, Time: 0.04 s
Iteration 1140/5000: Ground Truth: -239.7074, Best: -220.2170, Current: -219.1703, Acceptance: 61.14%, Time: 0.06 s
Iteration 1150/5000: Ground Truth: -239.7074, Best: -220.2170, Current: -218.5054, Acceptance: 61.22%, Time: 0.06 s
Iteration 1160/5000: Ground Truth: -239.7074, Best: -220.2170, Current: -217.3872, Acceptance: 61.21%, Time: 0.08 s
Iteration 1170/5000: Ground Truth: -239.7074, Best: -220.2170, Current: -218.5966, Acceptance: 61.20%, Time: 0.08 s
Iteration 1180/5000: Ground Truth: -239.7074, Best: -220.2170, Current: -218.6147, Acceptance: 61.10%, Time: 0.04 s
  *** New best: -220.2204 eV
Iteration 1190/5000: Ground Truth: -239.7074, Best: -220.2204, Current: -215.2715, Acceptance: 61.26%, Time: 0.07 s
Iteration 1200/5000: Ground Truth: -239.7074, Best: -220.2204, Current: -217.6856, Acceptance: 61.50%, Time: 0.07 s
Iteration 1210/5000: Ground Truth: -239.7074, Best: -220.2204, Current: -218.1794, Acceptance: 61.49%, Time: 0.04 s
Iteration 1220/5000: Ground Truth: -239.7074, Best: -220.2204, Current: -219.7959, Acceptance: 61.39%, Time: 0.08 s
Iteration 1230/5000: Ground Truth: -239.7074, Best: -220.2204, Current: -219.6476, Acceptance: 61.22%, Time: 0.06 s
Iteration 1240/5000: Ground Truth: -239.7074, Best: -220.2204, Current: -218.6944, Acceptance: 61.21%, Time: 0.08 s
Iteration 1250/5000: Ground Truth: -239.7074, Best: -220.2204, Current: -217.8267, Acceptance: 61.28%, Time: 0.04 s
Iteration 1260/5000: Ground Truth: -239.7074, Best: -220.2204, Current: -218.2279, Acceptance: 61.43%, Time: 0.07 s
Iteration 1270/5000: Ground Truth: -239.7074, Best: -220.2204, Current: -219.9202, Acceptance: 61.26%, Time: 0.06 s
Iteration 1280/5000: Ground Truth: -239.7074, Best: -220.2204, Current: -216.9882, Acceptance: 61.17%, Time: 0.08 s
Iteration 1290/5000: Ground Truth: -239.7074, Best: -220.2204, Current: -219.1707, Acceptance: 61.01%, Time: 0.04 s
Iteration 1300/5000: Ground Truth: -239.7074, Best: -220.2204, Current: -217.9288, Acceptance: 61.23%, Time: 0.06 s
Iteration 1310/5000: Ground Truth: -239.7074, Best: -220.2204, Current: -216.9408, Acceptance: 61.30%, Time: 0.08 s
Iteration 1320/5000: Ground Truth: -239.7074, Best: -220.2204, Current: -218.6473, Acceptance: 61.14%, Time: 0.07 s
Iteration 1330/5000: Ground Truth: -239.7074, Best: -220.2204, Current: -218.1538, Acceptance: 61.20%, Time: 0.07 s
Iteration 1340/5000: Ground Truth: -239.7074, Best: -220.2204, Current: -218.0719, Acceptance: 61.12%, Time: 0.07 s
Iteration 1350/5000: Ground Truth: -239.7074, Best: -220.2204, Current: -218.0238, Acceptance: 61.19%, Time: 0.07 s
Iteration 1360/5000: Ground Truth: -239.7074, Best: -220.2204, Current: -219.5948, Acceptance: 61.10%, Time: 0.07 s
Iteration 1370/5000: Ground Truth: -239.7074, Best: -220.2204, Current: -215.9687, Acceptance: 61.02%, Time: 0.07 s
Iteration 1380/5000: Ground Truth: -239.7074, Best: -220.2204, Current: -216.8478, Acceptance: 61.16%, Time: 0.07 s
Iteration 1390/5000: Ground Truth: -239.7074, Best: -220.2204, Current: -218.4500, Acceptance: 61.08%, Time: 0.08 s
Iteration 1400/5000: Ground Truth: -239.7074, Best: -220.2204, Current: -219.4921, Acceptance: 61.14%, Time: 0.04 s
Iteration 1410/5000: Ground Truth: -239.7074, Best: -220.2204, Current: -219.1714, Acceptance: 61.06%, Time: 0.08 s
Iteration 1420/5000: Ground Truth: -239.7074, Best: -220.2204, Current: -218.8889, Acceptance: 60.99%, Time: 0.08 s
Iteration 1430/5000: Ground Truth: -239.7074, Best: -220.2204, Current: -216.3797, Acceptance: 61.12%, Time: 0.04 s
Iteration 1440/5000: Ground Truth: -239.7074, Best: -220.2204, Current: -218.0423, Acceptance: 61.18%, Time: 0.08 s
Iteration 1450/5000: Ground Truth: -239.7074, Best: -220.2204, Current: -218.9135, Acceptance: 61.31%, Time: 0.04 s
Iteration 1460/5000: Ground Truth: -239.7074, Best: -220.2204, Current: -218.8557, Acceptance: 61.37%, Time: 0.08 s
Iteration 1470/5000: Ground Truth: -239.7074, Best: -220.2204, Current: -218.6947, Acceptance: 61.43%, Time: 0.04 s
Iteration 1480/5000: Ground Truth: -239.7074, Best: -220.2204, Current: -217.8371, Acceptance: 61.35%, Time: 0.08 s
Iteration 1490/5000: Ground Truth: -239.7074, Best: -220.2204, Current: -215.3849, Acceptance: 61.54%, Time: 0.08 s
Iteration 1500/5000: Ground Truth: -239.7074, Best: -220.2204, Current: -217.7942, Acceptance: 61.47%, Time: 0.07 s
Iteration 1510/5000: Ground Truth: -239.7074, Best: -220.2204, Current: -219.0334, Acceptance: 61.46%, Time: 0.06 s
Iteration 1520/5000: Ground Truth: -239.7074, Best: -220.2204, Current: -217.6368, Acceptance: 61.38%, Time: 0.04 s
Iteration 1530/5000: Ground Truth: -239.7074, Best: -220.2204, Current: -219.5757, Acceptance: 61.37%, Time: 0.04 s
Iteration 1540/5000: Ground Truth: -239.7074, Best: -220.2204, Current: -215.6306, Acceptance: 61.43%, Time: 0.04 s
Iteration 1550/5000: Ground Truth: -239.7074, Best: -220.2204, Current: -217.8011, Acceptance: 61.61%, Time: 0.08 s
Iteration 1560/5000: Ground Truth: -239.7074, Best: -220.2204, Current: -218.8708, Acceptance: 61.60%, Time: 0.04 s
Iteration 1570/5000: Ground Truth: -239.7074, Best: -220.2204, Current: -218.6650, Acceptance: 61.66%, Time: 0.04 s
Iteration 1580/5000: Ground Truth: -239.7074, Best: -220.2204, Current: -217.8652, Acceptance: 61.65%, Time: 0.04 s
Iteration 1590/5000: Ground Truth: -239.7074, Best: -220.2204, Current: -217.5643, Acceptance: 61.57%, Time: 0.04 s
Iteration 1600/5000: Ground Truth: -239.7074, Best: -220.2204, Current: -218.2144, Acceptance: 61.56%, Time: 0.07 s
Iteration 1610/5000: Ground Truth: -239.7074, Best: -220.2204, Current: -216.8966, Acceptance: 61.55%, Time: 0.07 s
Iteration 1620/5000: Ground Truth: -239.7074, Best: -220.2204, Current: -219.5052, Acceptance: 61.54%, Time: 0.07 s
Iteration 1630/5000: Ground Truth: -239.7074, Best: -220.2204, Current: -216.5414, Acceptance: 61.60%, Time: 0.07 s
Iteration 1640/5000: Ground Truth: -239.7074, Best: -220.2204, Current: -216.9823, Acceptance: 61.65%, Time: 0.07 s
Iteration 1650/5000: Ground Truth: -239.7074, Best: -220.2204, Current: -216.2969, Acceptance: 61.64%, Time: 0.07 s
Iteration 1660/5000: Ground Truth: -239.7074, Best: -220.2204, Current: -218.4710, Acceptance: 61.63%, Time: 0.04 s
Iteration 1670/5000: Ground Truth: -239.7074, Best: -220.2204, Current: -218.1829, Acceptance: 61.62%, Time: 0.07 s
Iteration 1680/5000: Ground Truth: -239.7074, Best: -220.2204, Current: -217.0890, Acceptance: 61.61%, Time: 0.07 s
Iteration 1690/5000: Ground Truth: -239.7074, Best: -220.2204, Current: -215.3782, Acceptance: 61.72%, Time: 0.08 s
Iteration 1700/5000: Ground Truth: -239.7074, Best: -220.2204, Current: -219.1976, Acceptance: 61.71%, Time: 0.07 s
Iteration 1710/5000: Ground Truth: -239.7074, Best: -220.2204, Current: -216.3872, Acceptance: 61.64%, Time: 0.07 s
Iteration 1720/5000: Ground Truth: -239.7074, Best: -220.2204, Current: -216.7209, Acceptance: 61.74%, Time: 0.08 s
Iteration 1730/5000: Ground Truth: -239.7074, Best: -220.2204, Current: -218.4167, Acceptance: 61.79%, Time: 0.08 s
Iteration 1740/5000: Ground Truth: -239.7074, Best: -220.2204, Current: -216.8041, Acceptance: 61.84%, Time: 0.06 s
Iteration 1750/5000: Ground Truth: -239.7074, Best: -220.2204, Current: -218.6299, Acceptance: 61.83%, Time: 0.07 s
Iteration 1760/5000: Ground Truth: -239.7074, Best: -220.2204, Current: -217.7245, Acceptance: 61.88%, Time: 0.07 s
Iteration 1770/5000: Ground Truth: -239.7074, Best: -220.2204, Current: -216.6447, Acceptance: 61.86%, Time: 0.07 s
Iteration 1780/5000: Ground Truth: -239.7074, Best: -220.2204, Current: -218.5864, Acceptance: 61.74%, Time: 0.07 s
Iteration 1790/5000: Ground Truth: -239.7074, Best: -220.2204, Current: -215.6266, Acceptance: 61.79%, Time: 0.04 s
Iteration 1800/5000: Ground Truth: -239.7074, Best: -220.2204, Current: -219.7579, Acceptance: 61.89%, Time: 0.04 s
Iteration 1810/5000: Ground Truth: -239.7074, Best: -220.2204, Current: -218.5763, Acceptance: 61.77%, Time: 0.07 s
Iteration 1820/5000: Ground Truth: -239.7074, Best: -220.2204, Current: -218.3680, Acceptance: 61.70%, Time: 0.08 s
Iteration 1830/5000: Ground Truth: -239.7074, Best: -220.2204, Current: -218.4910, Acceptance: 61.69%, Time: 0.08 s
Iteration 1840/5000: Ground Truth: -239.7074, Best: -220.2204, Current: -218.6557, Acceptance: 61.68%, Time: 0.04 s
Iteration 1850/5000: Ground Truth: -239.7074, Best: -220.2204, Current: -218.5616, Acceptance: 61.57%, Time: 0.07 s
Iteration 1860/5000: Ground Truth: -239.7074, Best: -220.2204, Current: -217.4695, Acceptance: 61.61%, Time: 0.07 s
Iteration 1870/5000: Ground Truth: -239.7074, Best: -220.2204, Current: -218.6422, Acceptance: 61.50%, Time: 0.07 s
Iteration 1880/5000: Ground Truth: -239.7074, Best: -220.2204, Current: -217.6600, Acceptance: 61.44%, Time: 0.07 s
Iteration 1890/5000: Ground Truth: -239.7074, Best: -220.2204, Current: -219.0312, Acceptance: 61.27%, Time: 0.07 s
Iteration 1900/5000: Ground Truth: -239.7074, Best: -220.2204, Current: -219.1507, Acceptance: 61.26%, Time: 0.04 s
Iteration 1910/5000: Ground Truth: -239.7074, Best: -220.2204, Current: -219.3254, Acceptance: 61.26%, Time: 0.04 s
Iteration 1920/5000: Ground Truth: -239.7074, Best: -220.2204, Current: -218.3653, Acceptance: 61.25%, Time: 0.05 s
Iteration 1930/5000: Ground Truth: -239.7074, Best: -220.2204, Current: -217.3398, Acceptance: 61.24%, Time: 0.07 s
Iteration 1940/5000: Ground Truth: -239.7074, Best: -220.2204, Current: -216.3913, Acceptance: 61.34%, Time: 0.07 s
Iteration 1950/5000: Ground Truth: -239.7074, Best: -220.2204, Current: -217.5309, Acceptance: 61.38%, Time: 0.07 s
Iteration 1960/5000: Ground Truth: -239.7074, Best: -220.2204, Current: -218.6014, Acceptance: 61.43%, Time: 0.07 s
Iteration 1970/5000: Ground Truth: -239.7074, Best: -220.2204, Current: -218.2526, Acceptance: 61.42%, Time: 0.04 s
Iteration 1980/5000: Ground Truth: -239.7074, Best: -220.2204, Current: -217.7921, Acceptance: 61.41%, Time: 0.07 s
Iteration 1990/5000: Ground Truth: -239.7074, Best: -220.2204, Current: -218.8627, Acceptance: 61.31%, Time: 0.07 s
Iteration 2000/5000: Ground Truth: -239.7074, Best: -220.2204, Current: -218.6866, Acceptance: 61.40%, Time: 0.07 s
Iteration 2010/5000: Ground Truth: -239.7074, Best: -220.2204, Current: -217.2739, Acceptance: 61.44%, Time: 0.07 s
Iteration 2020/5000: Ground Truth: -239.7074, Best: -220.2204, Current: -218.0340, Acceptance: 61.44%, Time: 0.08 s
Iteration 2030/5000: Ground Truth: -239.7074, Best: -220.2204, Current: -217.2298, Acceptance: 61.48%, Time: 0.07 s
Iteration 2040/5000: Ground Truth: -239.7074, Best: -220.2204, Current: -218.7783, Acceptance: 61.47%, Time: 0.04 s
Iteration 2050/5000: Ground Truth: -239.7074, Best: -220.2204, Current: -218.5105, Acceptance: 61.46%, Time: 0.07 s
Iteration 2060/5000: Ground Truth: -239.7074, Best: -220.2204, Current: -217.8156, Acceptance: 61.55%, Time: 0.04 s
Iteration 2070/5000: Ground Truth: -239.7074, Best: -220.2204, Current: -219.3886, Acceptance: 61.45%, Time: 0.04 s
Iteration 2080/5000: Ground Truth: -239.7074, Best: -220.2204, Current: -216.0688, Acceptance: 61.49%, Time: 0.07 s
Iteration 2090/5000: Ground Truth: -239.7074, Best: -220.2204, Current: -217.2372, Acceptance: 61.53%, Time: 0.07 s
Iteration 2100/5000: Ground Truth: -239.7074, Best: -220.2204, Current: -219.1319, Acceptance: 61.52%, Time: 0.07 s
Iteration 2110/5000: Ground Truth: -239.7074, Best: -220.2204, Current: -217.1667, Acceptance: 61.61%, Time: 0.07 s
Iteration 2120/5000: Ground Truth: -239.7074, Best: -220.2204, Current: -218.2463, Acceptance: 61.65%, Time: 0.04 s
Iteration 2130/5000: Ground Truth: -239.7074, Best: -220.2204, Current: -217.4373, Acceptance: 61.69%, Time: 0.07 s
Iteration 2140/5000: Ground Truth: -239.7074, Best: -220.2204, Current: -219.6438, Acceptance: 61.64%, Time: 0.07 s
Iteration 2150/5000: Ground Truth: -239.7074, Best: -220.2204, Current: -218.2666, Acceptance: 61.58%, Time: 0.07 s
Iteration 2160/5000: Ground Truth: -239.7074, Best: -220.2204, Current: -217.9044, Acceptance: 61.57%, Time: 0.07 s
Iteration 2170/5000: Ground Truth: -239.7074, Best: -220.2204, Current: -217.8686, Acceptance: 61.66%, Time: 0.04 s
Iteration 2180/5000: Ground Truth: -239.7074, Best: -220.2204, Current: -214.9881, Acceptance: 61.74%, Time: 0.07 s
Iteration 2190/5000: Ground Truth: -239.7074, Best: -220.2204, Current: -218.1747, Acceptance: 61.69%, Time: 0.08 s
Iteration 2200/5000: Ground Truth: -239.7074, Best: -220.2204, Current: -219.1985, Acceptance: 61.73%, Time: 0.04 s
Iteration 2210/5000: Ground Truth: -239.7074, Best: -220.2204, Current: -219.3802, Acceptance: 61.72%, Time: 0.04 s
Iteration 2220/5000: Ground Truth: -239.7074, Best: -220.2204, Current: -218.5752, Acceptance: 61.76%, Time: 0.08 s
Iteration 2230/5000: Ground Truth: -239.7074, Best: -220.2204, Current: -218.4646, Acceptance: 61.75%, Time: 0.07 s
Iteration 2240/5000: Ground Truth: -239.7074, Best: -220.2204, Current: -219.7026, Acceptance: 61.65%, Time: 0.07 s
Iteration 2250/5000: Ground Truth: -239.7074, Best: -220.2204, Current: -219.0543, Acceptance: 61.56%, Time: 0.07 s
Iteration 2260/5000: Ground Truth: -239.7074, Best: -220.2204, Current: -218.0047, Acceptance: 61.64%, Time: 0.07 s
Iteration 2270/5000: Ground Truth: -239.7074, Best: -220.2204, Current: -219.2781, Acceptance: 61.67%, Time: 0.04 s
Iteration 2280/5000: Ground Truth: -239.7074, Best: -220.2204, Current: -219.5934, Acceptance: 61.62%, Time: 0.07 s
Iteration 2290/5000: Ground Truth: -239.7074, Best: -220.2204, Current: -216.6903, Acceptance: 61.66%, Time: 0.07 s
Iteration 2300/5000: Ground Truth: -239.7074, Best: -220.2204, Current: -216.9319, Acceptance: 61.74%, Time: 0.07 s
Iteration 2310/5000: Ground Truth: -239.7074, Best: -220.2204, Current: -214.7883, Acceptance: 61.69%, Time: 0.07 s
Iteration 2320/5000: Ground Truth: -239.7074, Best: -220.2204, Current: -217.8964, Acceptance: 61.81%, Time: 0.04 s
Iteration 2330/5000: Ground Truth: -239.7074, Best: -220.2204, Current: -218.4438, Acceptance: 61.85%, Time: 0.08 s
Iteration 2340/5000: Ground Truth: -239.7074, Best: -220.2204, Current: -217.8683, Acceptance: 61.88%, Time: 0.04 s
Iteration 2350/5000: Ground Truth: -239.7074, Best: -220.2204, Current: -219.3922, Acceptance: 61.91%, Time: 0.07 s
Iteration 2360/5000: Ground Truth: -239.7074, Best: -220.2204, Current: -218.6436, Acceptance: 61.86%, Time: 0.07 s
Iteration 2370/5000: Ground Truth: -239.7074, Best: -220.2204, Current: -217.6645, Acceptance: 61.81%, Time: 0.07 s
Iteration 2380/5000: Ground Truth: -239.7074, Best: -220.2204, Current: -217.8525, Acceptance: 61.85%, Time: 0.07 s
Iteration 2390/5000: Ground Truth: -239.7074, Best: -220.2204, Current: -217.7610, Acceptance: 62.01%, Time: 0.07 s
Iteration 2400/5000: Ground Truth: -239.7074, Best: -220.2204, Current: -218.3112, Acceptance: 62.08%, Time: 0.07 s
Iteration 2410/5000: Ground Truth: -239.7074, Best: -220.2204, Current: -218.9385, Acceptance: 61.99%, Time: 0.07 s
Iteration 2420/5000: Ground Truth: -239.7074, Best: -220.2204, Current: -219.6050, Acceptance: 61.94%, Time: 0.07 s
Iteration 2430/5000: Ground Truth: -239.7074, Best: -220.2204, Current: -217.8450, Acceptance: 61.98%, Time: 0.06 s
Iteration 2440/5000: Ground Truth: -239.7074, Best: -220.2204, Current: -218.2100, Acceptance: 62.01%, Time: 0.07 s
Iteration 2450/5000: Ground Truth: -239.7074, Best: -220.2204, Current: -218.0140, Acceptance: 62.12%, Time: 0.07 s
Iteration 2460/5000: Ground Truth: -239.7074, Best: -220.2204, Current: -217.3784, Acceptance: 62.11%, Time: 0.07 s
Iteration 2470/5000: Ground Truth: -239.7074, Best: -220.2204, Current: -218.6345, Acceptance: 62.15%, Time: 0.04 s
Iteration 2480/5000: Ground Truth: -239.7074, Best: -220.2204, Current: -218.3767, Acceptance: 62.10%, Time: 0.04 s
Iteration 2490/5000: Ground Truth: -239.7074, Best: -220.2204, Current: -219.4041, Acceptance: 62.13%, Time: 0.04 s
Iteration 2500/5000: Ground Truth: -239.7074, Best: -220.2204, Current: -218.5948, Acceptance: 62.08%, Time: 0.07 s
Iteration 2510/5000: Ground Truth: -239.7074, Best: -220.2204, Current: -217.6691, Acceptance: 62.07%, Time: 0.07 s
Iteration 2520/5000: Ground Truth: -239.7074, Best: -220.2204, Current: -218.2076, Acceptance: 62.14%, Time: 0.07 s
Iteration 2530/5000: Ground Truth: -239.7074, Best: -220.2204, Current: -218.2069, Acceptance: 62.13%, Time: 0.08 s
Iteration 2540/5000: Ground Truth: -239.7074, Best: -220.2204, Current: -219.2199, Acceptance: 62.09%, Time: 0.07 s
Iteration 2550/5000: Ground Truth: -239.7074, Best: -220.2204, Current: -218.3461, Acceptance: 62.12%, Time: 0.07 s
Iteration 2560/5000: Ground Truth: -239.7074, Best: -220.2204, Current: -217.7367, Acceptance: 62.15%, Time: 0.04 s
Iteration 2570/5000: Ground Truth: -239.7074, Best: -220.2204, Current: -215.7277, Acceptance: 62.22%, Time: 0.08 s
Iteration 2580/5000: Ground Truth: -239.7074, Best: -220.2204, Current: -218.0680, Acceptance: 62.21%, Time: 0.07 s
Iteration 2590/5000: Ground Truth: -239.7074, Best: -220.2204, Current: -216.8876, Acceptance: 62.20%, Time: 0.07 s
Iteration 2600/5000: Ground Truth: -239.7074, Best: -220.2204, Current: -216.7154, Acceptance: 62.19%, Time: 0.07 s
Iteration 2610/5000: Ground Truth: -239.7074, Best: -220.2204, Current: -218.9149, Acceptance: 62.22%, Time: 0.06 s
Iteration 2620/5000: Ground Truth: -239.7074, Best: -220.2204, Current: -217.5060, Acceptance: 62.25%, Time: 0.07 s
Iteration 2630/5000: Ground Truth: -239.7074, Best: -220.2204, Current: -218.9464, Acceptance: 62.17%, Time: 0.07 s
Iteration 2640/5000: Ground Truth: -239.7074, Best: -220.2204, Current: -219.0796, Acceptance: 62.23%, Time: 0.04 s
Iteration 2650/5000: Ground Truth: -239.7074, Best: -220.2204, Current: -217.3101, Acceptance: 62.30%, Time: 0.08 s
Iteration 2660/5000: Ground Truth: -239.7074, Best: -220.2204, Current: -217.4873, Acceptance: 62.29%, Time: 0.07 s
Iteration 2670/5000: Ground Truth: -239.7074, Best: -220.2204, Current: -217.4351, Acceptance: 62.32%, Time: 0.04 s
Iteration 2680/5000: Ground Truth: -239.7074, Best: -220.2204, Current: -219.2840, Acceptance: 62.28%, Time: 0.08 s
Iteration 2690/5000: Ground Truth: -239.7074, Best: -220.2204, Current: -218.3938, Acceptance: 62.23%, Time: 0.07 s
Iteration 2700/5000: Ground Truth: -239.7074, Best: -220.2204, Current: -217.3512, Acceptance: 62.26%, Time: 0.07 s
Iteration 2710/5000: Ground Truth: -239.7074, Best: -220.2204, Current: -217.7998, Acceptance: 62.32%, Time: 0.05 s
Iteration 2720/5000: Ground Truth: -239.7074, Best: -220.2204, Current: -219.2849, Acceptance: 62.28%, Time: 0.07 s
Iteration 2730/5000: Ground Truth: -239.7074, Best: -220.2204, Current: -219.0916, Acceptance: 62.27%, Time: 0.07 s
Iteration 2740/5000: Ground Truth: -239.7074, Best: -220.2204, Current: -219.7856, Acceptance: 62.30%, Time: 0.07 s
Iteration 2750/5000: Ground Truth: -239.7074, Best: -220.2204, Current: -219.0655, Acceptance: 62.25%, Time: 0.07 s
Iteration 2760/5000: Ground Truth: -239.7074, Best: -220.2204, Current: -218.0067, Acceptance: 62.39%, Time: 0.04 s
Iteration 2770/5000: Ground Truth: -239.7074, Best: -220.2204, Current: -218.3393, Acceptance: 62.42%, Time: 0.04 s
Iteration 2780/5000: Ground Truth: -239.7074, Best: -220.2204, Current: -218.1675, Acceptance: 62.48%, Time: 0.07 s
Iteration 2790/5000: Ground Truth: -239.7074, Best: -220.2204, Current: -218.8238, Acceptance: 62.40%, Time: 0.04 s
Iteration 2800/5000: Ground Truth: -239.7074, Best: -220.2204, Current: -216.8362, Acceptance: 62.46%, Time: 0.07 s
Iteration 2810/5000: Ground Truth: -239.7074, Best: -220.2204, Current: -218.8138, Acceptance: 62.49%, Time: 0.04 s
Iteration 2820/5000: Ground Truth: -239.7074, Best: -220.2204, Current: -218.2219, Acceptance: 62.55%, Time: 0.07 s
Iteration 2830/5000: Ground Truth: -239.7074, Best: -220.2204, Current: -219.8848, Acceptance: 62.47%, Time: 0.07 s
Iteration 2840/5000: Ground Truth: -239.7074, Best: -220.2204, Current: -217.6489, Acceptance: 62.46%, Time: 0.04 s
Iteration 2850/5000: Ground Truth: -239.7074, Best: -220.2204, Current: -216.7531, Acceptance: 62.53%, Time: 0.07 s
Iteration 2860/5000: Ground Truth: -239.7074, Best: -220.2204, Current: -217.9944, Acceptance: 62.52%, Time: 0.07 s
Iteration 2870/5000: Ground Truth: -239.7074, Best: -220.2204, Current: -217.8177, Acceptance: 62.58%, Time: 0.07 s
Iteration 2880/5000: Ground Truth: -239.7074, Best: -220.2204, Current: -218.2575, Acceptance: 62.57%, Time: 0.04 s
Iteration 2890/5000: Ground Truth: -239.7074, Best: -220.2204, Current: -216.9561, Acceptance: 62.60%, Time: 0.07 s
Iteration 2900/5000: Ground Truth: -239.7074, Best: -220.2204, Current: -217.2394, Acceptance: 62.62%, Time: 0.04 s
Iteration 2910/5000: Ground Truth: -239.7074, Best: -220.2204, Current: -219.5045, Acceptance: 62.65%, Time: 0.04 s
Iteration 2920/5000: Ground Truth: -239.7074, Best: -220.2204, Current: -213.7081, Acceptance: 62.74%, Time: 0.07 s
Iteration 2930/5000: Ground Truth: -239.7074, Best: -220.2204, Current: -218.0503, Acceptance: 62.73%, Time: 0.07 s
Iteration 2940/5000: Ground Truth: -239.7074, Best: -220.2204, Current: -217.2078, Acceptance: 62.72%, Time: 0.07 s
Iteration 2950/5000: Ground Truth: -239.7074, Best: -220.2204, Current: -217.2374, Acceptance: 62.78%, Time: 0.07 s
Iteration 2960/5000: Ground Truth: -239.7074, Best: -220.2204, Current: -215.7464, Acceptance: 62.84%, Time: 0.04 s
Iteration 2970/5000: Ground Truth: -239.7074, Best: -220.2204, Current: -218.6102, Acceptance: 62.79%, Time: 0.07 s
Iteration 2980/5000: Ground Truth: -239.7074, Best: -220.2204, Current: -215.4545, Acceptance: 62.82%, Time: 0.07 s
Iteration 2990/5000: Ground Truth: -239.7074, Best: -220.2204, Current: -219.2202, Acceptance: 62.81%, Time: 0.07 s
Iteration 3000/5000: Ground Truth: -239.7074, Best: -220.2204, Current: -219.4844, Acceptance: 62.80%, Time: 0.07 s
Iteration 3010/5000: Ground Truth: -239.7074, Best: -220.2204, Current: -218.6507, Acceptance: 62.72%, Time: 0.06 s
Iteration 3020/5000: Ground Truth: -239.7074, Best: -220.2204, Current: -214.9515, Acceptance: 62.78%, Time: 0.07 s
Iteration 3030/5000: Ground Truth: -239.7074, Best: -220.2204, Current: -219.0273, Acceptance: 62.67%, Time: 0.07 s
Iteration 3040/5000: Ground Truth: -239.7074, Best: -220.2204, Current: -217.9253, Acceptance: 62.76%, Time: 0.08 s
Iteration 3050/5000: Ground Truth: -239.7074, Best: -220.2204, Current: -219.2232, Acceptance: 62.79%, Time: 0.04 s
Iteration 3060/5000: Ground Truth: -239.7074, Best: -220.2204, Current: -218.2638, Acceptance: 62.81%, Time: 0.04 s
Iteration 3070/5000: Ground Truth: -239.7074, Best: -220.2204, Current: -217.8422, Acceptance: 62.83%, Time: 0.07 s
Iteration 3080/5000: Ground Truth: -239.7074, Best: -220.2204, Current: -220.0097, Acceptance: 62.73%, Time: 0.04 s
Iteration 3090/5000: Ground Truth: -239.7074, Best: -220.2204, Current: -219.1551, Acceptance: 62.72%, Time: 0.04 s
Iteration 3100/5000: Ground Truth: -239.7074, Best: -220.2204, Current: -218.4107, Acceptance: 62.71%, Time: 0.08 s
Iteration 3110/5000: Ground Truth: -239.7074, Best: -220.2204, Current: -217.8056, Acceptance: 62.67%, Time: 0.04 s
Iteration 3120/5000: Ground Truth: -239.7074, Best: -220.2204, Current: -217.9339, Acceptance: 62.76%, Time: 0.07 s
Iteration 3130/5000: Ground Truth: -239.7074, Best: -220.2204, Current: -218.1987, Acceptance: 62.78%, Time: 0.07 s
Iteration 3140/5000: Ground Truth: -239.7074, Best: -220.2204, Current: -216.7359, Acceptance: 62.83%, Time: 0.05 s
Iteration 3150/5000: Ground Truth: -239.7074, Best: -220.2204, Current: -215.4608, Acceptance: 62.86%, Time: 0.07 s
Iteration 3160/5000: Ground Truth: -239.7074, Best: -220.2204, Current: -217.4273, Acceptance: 62.88%, Time: 0.07 s
Iteration 3170/5000: Ground Truth: -239.7074, Best: -220.2204, Current: -215.5316, Acceptance: 62.90%, Time: 0.07 s
Iteration 3180/5000: Ground Truth: -239.7074, Best: -220.2204, Current: -218.1971, Acceptance: 62.86%, Time: 0.07 s
Iteration 3190/5000: Ground Truth: -239.7074, Best: -220.2204, Current: -215.3784, Acceptance: 62.88%, Time: 0.07 s
Iteration 3200/5000: Ground Truth: -239.7074, Best: -220.2204, Current: -217.2961, Acceptance: 62.88%, Time: 0.07 s
Iteration 3210/5000: Ground Truth: -239.7074, Best: -220.2204, Current: -217.5026, Acceptance: 62.99%, Time: 0.07 s
Iteration 3220/5000: Ground Truth: -239.7074, Best: -220.2204, Current: -219.1088, Acceptance: 62.95%, Time: 0.07 s
Iteration 3230/5000: Ground Truth: -239.7074, Best: -220.2204, Current: -219.5886, Acceptance: 62.94%, Time: 0.06 s
Iteration 3240/5000: Ground Truth: -239.7074, Best: -220.2204, Current: -219.0689, Acceptance: 62.93%, Time: 0.05 s
Iteration 3250/5000: Ground Truth: -239.7074, Best: -220.2204, Current: -216.9650, Acceptance: 62.89%, Time: 0.07 s
Iteration 3260/5000: Ground Truth: -239.7074, Best: -220.2204, Current: -218.2686, Acceptance: 62.85%, Time: 0.07 s
Iteration 3270/5000: Ground Truth: -239.7074, Best: -220.2204, Current: -218.9184, Acceptance: 62.84%, Time: 0.04 s
Iteration 3280/5000: Ground Truth: -239.7074, Best: -220.2204, Current: -219.0224, Acceptance: 62.80%, Time: 0.07 s
Iteration 3290/5000: Ground Truth: -239.7074, Best: -220.2204, Current: -219.4310, Acceptance: 62.77%, Time: 0.07 s
Iteration 3300/5000: Ground Truth: -239.7074, Best: -220.2204, Current: -218.5401, Acceptance: 62.73%, Time: 0.07 s
Iteration 3310/5000: Ground Truth: -239.7074, Best: -220.2204, Current: -218.3630, Acceptance: 62.81%, Time: 0.07 s
Iteration 3320/5000: Ground Truth: -239.7074, Best: -220.2204, Current: -218.1624, Acceptance: 62.80%, Time: 0.08 s
Iteration 3330/5000: Ground Truth: -239.7074, Best: -220.2204, Current: -218.4793, Acceptance: 62.79%, Time: 0.05 s
Iteration 3340/5000: Ground Truth: -239.7074, Best: -220.2204, Current: -219.8410, Acceptance: 62.72%, Time: 0.07 s
Iteration 3350/5000: Ground Truth: -239.7074, Best: -220.2204, Current: -218.9423, Acceptance: 62.66%, Time: 0.07 s
Iteration 3360/5000: Ground Truth: -239.7074, Best: -220.2204, Current: -217.8023, Acceptance: 62.65%, Time: 0.07 s
Iteration 3370/5000: Ground Truth: -239.7074, Best: -220.2204, Current: -218.5282, Acceptance: 62.67%, Time: 0.04 s
Iteration 3380/5000: Ground Truth: -239.7074, Best: -220.2204, Current: -217.2697, Acceptance: 62.69%, Time: 0.07 s
Iteration 3390/5000: Ground Truth: -239.7074, Best: -220.2204, Current: -219.2997, Acceptance: 62.68%, Time: 0.07 s
Iteration 3400/5000: Ground Truth: -239.7074, Best: -220.2204, Current: -218.3228, Acceptance: 62.71%, Time: 0.07 s
Iteration 3410/5000: Ground Truth: -239.7074, Best: -220.2204, Current: -219.2710, Acceptance: 62.67%, Time: 0.06 s
Iteration 3420/5000: Ground Truth: -239.7074, Best: -220.2204, Current: -216.7610, Acceptance: 62.69%, Time: 0.07 s
Iteration 3430/5000: Ground Truth: -239.7074, Best: -220.2204, Current: -218.4525, Acceptance: 62.68%, Time: 0.07 s
Iteration 3440/5000: Ground Truth: -239.7074, Best: -220.2204, Current: -217.8012, Acceptance: 62.67%, Time: 0.04 s
Iteration 3450/5000: Ground Truth: -239.7074, Best: -220.2204, Current: -217.2542, Acceptance: 62.72%, Time: 0.07 s
Iteration 3460/5000: Ground Truth: -239.7074, Best: -220.2204, Current: -216.9583, Acceptance: 62.72%, Time: 0.07 s
Iteration 3470/5000: Ground Truth: -239.7074, Best: -220.2204, Current: -218.2065, Acceptance: 62.71%, Time: 0.05 s
Iteration 3480/5000: Ground Truth: -239.7074, Best: -220.2204, Current: -218.6574, Acceptance: 62.73%, Time: 0.04 s
Iteration 3490/5000: Ground Truth: -239.7074, Best: -220.2204, Current: -216.0076, Acceptance: 62.78%, Time: 0.07 s
Iteration 3500/5000: Ground Truth: -239.7074, Best: -220.2204, Current: -217.7303, Acceptance: 62.83%, Time: 0.07 s
Iteration 3510/5000: Ground Truth: -239.7074, Best: -220.2204, Current: -219.4552, Acceptance: 62.79%, Time: 0.04 s
Iteration 3520/5000: Ground Truth: -239.7074, Best: -220.2204, Current: -217.2100, Acceptance: 62.84%, Time: 0.07 s
Iteration 3530/5000: Ground Truth: -239.7074, Best: -220.2204, Current: -218.5123, Acceptance: 62.78%, Time: 0.07 s
Iteration 3540/5000: Ground Truth: -239.7074, Best: -220.2204, Current: -218.4805, Acceptance: 62.71%, Time: 0.04 s
Iteration 3550/5000: Ground Truth: -239.7074, Best: -220.2204, Current: -216.6526, Acceptance: 62.73%, Time: 0.07 s
Iteration 3560/5000: Ground Truth: -239.7074, Best: -220.2204, Current: -218.2613, Acceptance: 62.75%, Time: 0.07 s
Iteration 3570/5000: Ground Truth: -239.7074, Best: -220.2204, Current: -219.0708, Acceptance: 62.77%, Time: 0.04 s
Iteration 3580/5000: Ground Truth: -239.7074, Best: -220.2204, Current: -216.5292, Acceptance: 62.77%, Time: 0.07 s
Iteration 3590/5000: Ground Truth: -239.7074, Best: -220.2204, Current: -217.2917, Acceptance: 62.81%, Time: 0.07 s
Iteration 3600/5000: Ground Truth: -239.7074, Best: -220.2204, Current: -218.5875, Acceptance: 62.78%, Time: 0.07 s
Iteration 3610/5000: Ground Truth: -239.7074, Best: -220.2204, Current: -217.2463, Acceptance: 62.77%, Time: 0.07 s
Iteration 3620/5000: Ground Truth: -239.7074, Best: -220.2204, Current: -218.6906, Acceptance: 62.73%, Time: 0.04 s
Iteration 3630/5000: Ground Truth: -239.7074, Best: -220.2204, Current: -219.2534, Acceptance: 62.62%, Time: 0.07 s
Iteration 3640/5000: Ground Truth: -239.7074, Best: -220.2204, Current: -217.0182, Acceptance: 62.64%, Time: 0.04 s
Iteration 3650/5000: Ground Truth: -239.7074, Best: -220.2204, Current: -216.8335, Acceptance: 62.71%, Time: 0.07 s
Iteration 3660/5000: Ground Truth: -239.7074, Best: -220.2204, Current: -218.3843, Acceptance: 62.68%, Time: 0.07 s
Iteration 3670/5000: Ground Truth: -239.7074, Best: -220.2204, Current: -220.0120, Acceptance: 62.62%, Time: 0.07 s
Iteration 3680/5000: Ground Truth: -239.7074, Best: -220.2204, Current: -216.1483, Acceptance: 62.72%, Time: 0.08 s
Iteration 3690/5000: Ground Truth: -239.7074, Best: -220.2204, Current: -218.4195, Acceptance: 62.71%, Time: 0.05 s
Iteration 3700/5000: Ground Truth: -239.7074, Best: -220.2204, Current: -218.0347, Acceptance: 62.78%, Time: 0.07 s
Iteration 3710/5000: Ground Truth: -239.7074, Best: -220.2204, Current: -219.0181, Acceptance: 62.80%, Time: 0.04 s
Iteration 3720/5000: Ground Truth: -239.7074, Best: -220.2204, Current: -218.2019, Acceptance: 62.85%, Time: 0.07 s
Iteration 3730/5000: Ground Truth: -239.7074, Best: -220.2204, Current: -217.2936, Acceptance: 62.84%, Time: 0.05 s
Iteration 3740/5000: Ground Truth: -239.7074, Best: -220.2204, Current: -217.4277, Acceptance: 62.83%, Time: 0.07 s
Iteration 3750/5000: Ground Truth: -239.7074, Best: -220.2204, Current: -218.9664, Acceptance: 62.80%, Time: 0.07 s
Iteration 3760/5000: Ground Truth: -239.7074, Best: -220.2204, Current: -214.8188, Acceptance: 62.79%, Time: 0.07 s
Iteration 3770/5000: Ground Truth: -239.7074, Best: -220.2204, Current: -216.3742, Acceptance: 62.81%, Time: 0.04 s
Iteration 3780/5000: Ground Truth: -239.7074, Best: -220.2204, Current: -217.5678, Acceptance: 62.80%, Time: 0.07 s
Iteration 3790/5000: Ground Truth: -239.7074, Best: -220.2204, Current: -215.8768, Acceptance: 62.80%, Time: 0.07 s
Iteration 3800/5000: Ground Truth: -239.7074, Best: -220.2204, Current: -218.1143, Acceptance: 62.84%, Time: 0.06 s
Iteration 3810/5000: Ground Truth: -239.7074, Best: -220.2204, Current: -218.9219, Acceptance: 62.78%, Time: 0.04 s
Iteration 3820/5000: Ground Truth: -239.7074, Best: -220.2204, Current: -218.2391, Acceptance: 62.75%, Time: 0.07 s
  *** New best: -221.1639 eV
Iteration 3830/5000: Ground Truth: -239.7074, Best: -221.1639, Current: -219.5567, Acceptance: 62.69%, Time: 0.04 s
  *** New best: -221.2406 eV
Iteration 3840/5000: Ground Truth: -239.7074, Best: -221.2406, Current: -220.0661, Acceptance: 62.63%, Time: 0.07 s
  *** New best: -221.2715 eV
Iteration 3850/5000: Ground Truth: -239.7074, Best: -221.2715, Current: -219.1477, Acceptance: 62.65%, Time: 0.04 s
Iteration 3860/5000: Ground Truth: -239.7074, Best: -221.2715, Current: -217.9507, Acceptance: 62.64%, Time: 0.07 s
Iteration 3870/5000: Ground Truth: -239.7074, Best: -221.2715, Current: -219.0354, Acceptance: 62.66%, Time: 0.07 s
Iteration 3880/5000: Ground Truth: -239.7074, Best: -221.2715, Current: -217.1796, Acceptance: 62.73%, Time: 0.07 s
Iteration 3890/5000: Ground Truth: -239.7074, Best: -221.2715, Current: -219.9166, Acceptance: 62.72%, Time: 0.07 s
  *** New best: -221.2739 eV
Iteration 3900/5000: Ground Truth: -239.7074, Best: -221.2739, Current: -219.2351, Acceptance: 62.74%, Time: 0.07 s
Iteration 3910/5000: Ground Truth: -239.7074, Best: -221.2739, Current: -219.9115, Acceptance: 62.74%, Time: 0.06 s
Iteration 3920/5000: Ground Truth: -239.7074, Best: -221.2739, Current: -218.2593, Acceptance: 62.73%, Time: 0.07 s
  *** New best: -221.3051 eV
Iteration 3930/5000: Ground Truth: -239.7074, Best: -221.3051, Current: -220.1187, Acceptance: 62.77%, Time: 0.07 s
  *** New best: -221.3070 eV
Iteration 3940/5000: Ground Truth: -239.7074, Best: -221.3070, Current: -218.6970, Acceptance: 62.77%, Time: 0.07 s
Iteration 3950/5000: Ground Truth: -239.7074, Best: -221.3070, Current: -219.5906, Acceptance: 62.81%, Time: 0.07 s
Iteration 3960/5000: Ground Truth: -239.7074, Best: -221.3070, Current: -220.3737, Acceptance: 62.78%, Time: 0.07 s
Iteration 3970/5000: Ground Truth: -239.7074, Best: -221.3070, Current: -219.7763, Acceptance: 62.72%, Time: 0.07 s
  *** New best: -221.3071 eV
Iteration 3980/5000: Ground Truth: -239.7074, Best: -221.3071, Current: -218.4798, Acceptance: 62.71%, Time: 0.07 s
Iteration 3990/5000: Ground Truth: -239.7074, Best: -221.3071, Current: -220.1858, Acceptance: 62.68%, Time: 0.07 s
  *** New best: -221.3115 eV
Iteration 4000/5000: Ground Truth: -239.7074, Best: -221.3115, Current: -220.8293, Acceptance: 62.68%, Time: 0.07 s
Iteration 4010/5000: Ground Truth: -239.7074, Best: -221.3115, Current: -219.5126, Acceptance: 62.62%, Time: 0.07 s
  *** New best: -221.3166 eV
Iteration 4020/5000: Ground Truth: -239.7074, Best: -221.3166, Current: -219.9925, Acceptance: 62.64%, Time: 0.07 s
Iteration 4030/5000: Ground Truth: -239.7074, Best: -221.3166, Current: -218.0937, Acceptance: 62.73%, Time: 0.07 s
Iteration 4040/5000: Ground Truth: -239.7074, Best: -221.3166, Current: -218.5747, Acceptance: 62.75%, Time: 0.05 s
  *** New best: -221.3501 eV
Iteration 4050/5000: Ground Truth: -239.7074, Best: -221.3501, Current: -220.1276, Acceptance: 62.79%, Time: 0.04 s
Iteration 4060/5000: Ground Truth: -239.7074, Best: -221.3501, Current: -219.5932, Acceptance: 62.83%, Time: 0.07 s
Iteration 4070/5000: Ground Truth: -239.7074, Best: -221.3501, Current: -220.6757, Acceptance: 62.85%, Time: 0.04 s
Iteration 4080/5000: Ground Truth: -239.7074, Best: -221.3501, Current: -219.9814, Acceptance: 62.82%, Time: 0.07 s
Iteration 4090/5000: Ground Truth: -239.7074, Best: -221.3501, Current: -219.1635, Acceptance: 62.81%, Time: 0.07 s
Iteration 4100/5000: Ground Truth: -239.7074, Best: -221.3501, Current: -218.7412, Acceptance: 62.80%, Time: 0.08 s
Iteration 4110/5000: Ground Truth: -239.7074, Best: -221.3501, Current: -220.2639, Acceptance: 62.77%, Time: 0.07 s
Iteration 4120/5000: Ground Truth: -239.7074, Best: -221.3501, Current: -218.8359, Acceptance: 62.77%, Time: 0.07 s
Iteration 4130/5000: Ground Truth: -239.7074, Best: -221.3501, Current: -218.3728, Acceptance: 62.81%, Time: 0.07 s
Iteration 4140/5000: Ground Truth: -239.7074, Best: -221.3501, Current: -219.9700, Acceptance: 62.78%, Time: 0.07 s
Iteration 4150/5000: Ground Truth: -239.7074, Best: -221.3501, Current: -219.3261, Acceptance: 62.84%, Time: 0.04 s
Iteration 4160/5000: Ground Truth: -239.7074, Best: -221.3501, Current: -218.5112, Acceptance: 62.86%, Time: 0.05 s
Iteration 4170/5000: Ground Truth: -239.7074, Best: -221.3501, Current: -218.9518, Acceptance: 62.85%, Time: 0.08 s
Iteration 4180/5000: Ground Truth: -239.7074, Best: -221.3501, Current: -218.3034, Acceptance: 62.89%, Time: 0.07 s
Iteration 4190/5000: Ground Truth: -239.7074, Best: -221.3501, Current: -219.3313, Acceptance: 62.91%, Time: 0.07 s
Iteration 4200/5000: Ground Truth: -239.7074, Best: -221.3501, Current: -219.1629, Acceptance: 62.88%, Time: 0.07 s
Iteration 4210/5000: Ground Truth: -239.7074, Best: -221.3501, Current: -218.6881, Acceptance: 62.87%, Time: 0.06 s
Iteration 4220/5000: Ground Truth: -239.7074, Best: -221.3501, Current: -219.9166, Acceptance: 62.87%, Time: 0.07 s
Iteration 4230/5000: Ground Truth: -239.7074, Best: -221.3501, Current: -220.4536, Acceptance: 62.79%, Time: 0.07 s
Iteration 4240/5000: Ground Truth: -239.7074, Best: -221.3501, Current: -217.9659, Acceptance: 62.81%, Time: 0.07 s
Iteration 4250/5000: Ground Truth: -239.7074, Best: -221.3501, Current: -218.7507, Acceptance: 62.82%, Time: 0.07 s
Iteration 4260/5000: Ground Truth: -239.7074, Best: -221.3501, Current: -219.4787, Acceptance: 62.84%, Time: 0.07 s
Iteration 4270/5000: Ground Truth: -239.7074, Best: -221.3501, Current: -219.0426, Acceptance: 62.81%, Time: 0.07 s
Iteration 4280/5000: Ground Truth: -239.7074, Best: -221.3501, Current: -219.2548, Acceptance: 62.83%, Time: 0.07 s
Iteration 4290/5000: Ground Truth: -239.7074, Best: -221.3501, Current: -220.1015, Acceptance: 62.82%, Time: 0.07 s
Iteration 4300/5000: Ground Truth: -239.7074, Best: -221.3501, Current: -219.9741, Acceptance: 62.77%, Time: 0.07 s
Iteration 4310/5000: Ground Truth: -239.7074, Best: -221.3501, Current: -217.6203, Acceptance: 62.81%, Time: 0.07 s
Iteration 4320/5000: Ground Truth: -239.7074, Best: -221.3501, Current: -218.0015, Acceptance: 62.85%, Time: 0.08 s
Iteration 4330/5000: Ground Truth: -239.7074, Best: -221.3501, Current: -216.6075, Acceptance: 62.89%, Time: 0.07 s
Iteration 4340/5000: Ground Truth: -239.7074, Best: -221.3501, Current: -220.7785, Acceptance: 62.86%, Time: 0.07 s
Iteration 4350/5000: Ground Truth: -239.7074, Best: -221.3501, Current: -218.8211, Acceptance: 62.90%, Time: 0.07 s
  *** New best: -221.3633 eV
Iteration 4360/5000: Ground Truth: -239.7074, Best: -221.3633, Current: -220.9350, Acceptance: 62.84%, Time: 0.07 s
Iteration 4370/5000: Ground Truth: -239.7074, Best: -221.3633, Current: -217.4445, Acceptance: 62.88%, Time: 0.07 s
Iteration 4380/5000: Ground Truth: -239.7074, Best: -221.3633, Current: -220.1438, Acceptance: 62.85%, Time: 0.07 s
Iteration 4390/5000: Ground Truth: -239.7074, Best: -221.3633, Current: -219.2564, Acceptance: 62.78%, Time: 0.07 s
Iteration 4400/5000: Ground Truth: -239.7074, Best: -221.3633, Current: -219.0706, Acceptance: 62.80%, Time: 0.07 s
Iteration 4410/5000: Ground Truth: -239.7074, Best: -221.3633, Current: -219.1949, Acceptance: 62.83%, Time: 0.07 s
Iteration 4420/5000: Ground Truth: -239.7074, Best: -221.3633, Current: -218.4798, Acceptance: 62.83%, Time: 0.07 s
Iteration 4430/5000: Ground Truth: -239.7074, Best: -221.3633, Current: -220.1029, Acceptance: 62.80%, Time: 0.07 s
Iteration 4440/5000: Ground Truth: -239.7074, Best: -221.3633, Current: -217.9179, Acceptance: 62.84%, Time: 0.07 s
Iteration 4450/5000: Ground Truth: -239.7074, Best: -221.3633, Current: -219.4558, Acceptance: 62.88%, Time: 0.07 s
Iteration 4460/5000: Ground Truth: -239.7074, Best: -221.3633, Current: -217.6499, Acceptance: 62.91%, Time: 0.07 s
Iteration 4470/5000: Ground Truth: -239.7074, Best: -221.3633, Current: -217.2316, Acceptance: 62.98%, Time: 0.07 s
Iteration 4480/5000: Ground Truth: -239.7074, Best: -221.3633, Current: -219.5209, Acceptance: 62.97%, Time: 0.07 s
Iteration 4490/5000: Ground Truth: -239.7074, Best: -221.3633, Current: -219.6880, Acceptance: 62.98%, Time: 0.07 s
Iteration 4500/5000: Ground Truth: -239.7074, Best: -221.3633, Current: -219.9952, Acceptance: 62.96%, Time: 0.07 s
Iteration 4510/5000: Ground Truth: -239.7074, Best: -221.3633, Current: -217.5838, Acceptance: 62.99%, Time: 0.07 s
Iteration 4520/5000: Ground Truth: -239.7074, Best: -221.3633, Current: -217.0663, Acceptance: 63.01%, Time: 0.07 s
Iteration 4530/5000: Ground Truth: -239.7074, Best: -221.3633, Current: -218.8769, Acceptance: 62.98%, Time: 0.07 s
Iteration 4540/5000: Ground Truth: -239.7074, Best: -221.3633, Current: -218.7535, Acceptance: 62.97%, Time: 0.07 s
Iteration 4550/5000: Ground Truth: -239.7074, Best: -221.3633, Current: -220.3405, Acceptance: 62.97%, Time: 0.07 s
Iteration 4560/5000: Ground Truth: -239.7074, Best: -221.3633, Current: -220.1190, Acceptance: 62.96%, Time: 0.07 s
Iteration 4570/5000: Ground Truth: -239.7074, Best: -221.3633, Current: -219.6720, Acceptance: 62.95%, Time: 0.07 s
Iteration 4580/5000: Ground Truth: -239.7074, Best: -221.3633, Current: -217.5021, Acceptance: 62.95%, Time: 0.07 s
Iteration 4590/5000: Ground Truth: -239.7074, Best: -221.3633, Current: -220.1054, Acceptance: 62.92%, Time: 0.07 s
Iteration 4600/5000: Ground Truth: -239.7074, Best: -221.3633, Current: -219.2275, Acceptance: 62.93%, Time: 0.07 s
Iteration 4610/5000: Ground Truth: -239.7074, Best: -221.3633, Current: -219.7518, Acceptance: 62.93%, Time: 0.07 s
Iteration 4620/5000: Ground Truth: -239.7074, Best: -221.3633, Current: -220.8336, Acceptance: 62.86%, Time: 0.07 s
Iteration 4630/5000: Ground Truth: -239.7074, Best: -221.3633, Current: -219.3315, Acceptance: 62.85%, Time: 0.07 s
Iteration 4640/5000: Ground Truth: -239.7074, Best: -221.3633, Current: -219.0273, Acceptance: 62.89%, Time: 0.07 s
Iteration 4650/5000: Ground Truth: -239.7074, Best: -221.3633, Current: -220.2262, Acceptance: 62.90%, Time: 0.07 s
Iteration 4660/5000: Ground Truth: -239.7074, Best: -221.3633, Current: -219.0330, Acceptance: 62.88%, Time: 0.07 s
Iteration 4670/5000: Ground Truth: -239.7074, Best: -221.3633, Current: -220.3636, Acceptance: 62.85%, Time: 0.07 s
Iteration 4680/5000: Ground Truth: -239.7074, Best: -221.3633, Current: -217.7715, Acceptance: 62.86%, Time: 0.07 s
Iteration 4690/5000: Ground Truth: -239.7074, Best: -221.3633, Current: -218.4322, Acceptance: 62.86%, Time: 0.07 s
Iteration 4700/5000: Ground Truth: -239.7074, Best: -221.3633, Current: -218.1770, Acceptance: 62.89%, Time: 0.05 s
Iteration 4710/5000: Ground Truth: -239.7074, Best: -221.3633, Current: -220.1592, Acceptance: 62.91%, Time: 0.07 s
Iteration 4720/5000: Ground Truth: -239.7074, Best: -221.3633, Current: -220.2193, Acceptance: 62.90%, Time: 0.07 s
Iteration 4730/5000: Ground Truth: -239.7074, Best: -221.3633, Current: -218.7038, Acceptance: 62.92%, Time: 0.07 s
Iteration 4740/5000: Ground Truth: -239.7074, Best: -221.3633, Current: -220.1626, Acceptance: 62.87%, Time: 0.07 s
Iteration 4750/5000: Ground Truth: -239.7074, Best: -221.3633, Current: -220.2803, Acceptance: 62.88%, Time: 0.07 s
Iteration 4760/5000: Ground Truth: -239.7074, Best: -221.3633, Current: -219.8423, Acceptance: 62.86%, Time: 0.07 s
Iteration 4770/5000: Ground Truth: -239.7074, Best: -221.3633, Current: -219.8609, Acceptance: 62.89%, Time: 0.08 s
Iteration 4780/5000: Ground Truth: -239.7074, Best: -221.3633, Current: -218.4788, Acceptance: 62.91%, Time: 0.08 s
Iteration 4790/5000: Ground Truth: -239.7074, Best: -221.3633, Current: -217.2221, Acceptance: 62.90%, Time: 0.08 s
Iteration 4800/5000: Ground Truth: -239.7074, Best: -221.3633, Current: -220.5166, Acceptance: 62.90%, Time: 0.07 s
Iteration 4810/5000: Ground Truth: -239.7074, Best: -221.3633, Current: -220.6996, Acceptance: 62.85%, Time: 0.07 s
Iteration 4820/5000: Ground Truth: -239.7074, Best: -221.3633, Current: -220.0600, Acceptance: 62.80%, Time: 0.07 s
Iteration 4830/5000: Ground Truth: -239.7074, Best: -221.3633, Current: -219.9036, Acceptance: 62.80%, Time: 0.07 s
Iteration 4840/5000: Ground Truth: -239.7074, Best: -221.3633, Current: -220.5604, Acceptance: 62.77%, Time: 0.07 s
Iteration 4850/5000: Ground Truth: -239.7074, Best: -221.3633, Current: -219.1311, Acceptance: 62.78%, Time: 0.08 s
Iteration 4860/5000: Ground Truth: -239.7074, Best: -221.3633, Current: -219.5275, Acceptance: 62.76%, Time: 0.07 s
Iteration 4870/5000: Ground Truth: -239.7074, Best: -221.3633, Current: -218.8221, Acceptance: 62.77%, Time: 0.07 s
Iteration 4880/5000: Ground Truth: -239.7074, Best: -221.3633, Current: -219.6050, Acceptance: 62.77%, Time: 0.07 s
Iteration 4890/5000: Ground Truth: -239.7074, Best: -221.3633, Current: -217.4927, Acceptance: 62.72%, Time: 0.07 s
Iteration 4900/5000: Ground Truth: -239.7074, Best: -221.3633, Current: -220.2257, Acceptance: 62.71%, Time: 0.04 s
Iteration 4910/5000: Ground Truth: -239.7074, Best: -221.3633, Current: -219.4654, Acceptance: 62.69%, Time: 0.07 s
Iteration 4920/5000: Ground Truth: -239.7074, Best: -221.3633, Current: -219.0237, Acceptance: 62.70%, Time: 0.07 s
Iteration 4930/5000: Ground Truth: -239.7074, Best: -221.3633, Current: -217.2627, Acceptance: 62.66%, Time: 0.07 s
Iteration 4940/5000: Ground Truth: -239.7074, Best: -221.3633, Current: -217.5801, Acceptance: 62.73%, Time: 0.04 s
Iteration 4950/5000: Ground Truth: -239.7074, Best: -221.3633, Current: -217.6750, Acceptance: 62.75%, Time: 0.07 s
Iteration 4960/5000: Ground Truth: -239.7074, Best: -221.3633, Current: -220.5979, Acceptance: 62.74%, Time: 0.08 s
Iteration 4970/5000: Ground Truth: -239.7074, Best: -221.3633, Current: -219.8575, Acceptance: 62.80%, Time: 0.04 s
Iteration 4980/5000: Ground Truth: -239.7074, Best: -221.3633, Current: -219.3504, Acceptance: 62.81%, Time: 0.07 s
Iteration 4990/5000: Ground Truth: -239.7074, Best: -221.3633, Current: -220.4593, Acceptance: 62.81%, Time: 0.08 s
Iteration 5000/5000: Ground Truth: -239.7074, Best: -221.3633, Current: -219.2848, Acceptance: 62.76%, Time: 0.08 s
No match for mp-569961: RMSD = 5.389, ΔE = 18.344 eV
mp-569961 match: False
Initial energy: -48.6627311706543
  *** New best: -51.8944 eV
Iteration 10/5000: Ground Truth: -53.8661, Best: -51.8944, Current: -50.0255, Acceptance: 60.00%, Time: 0.07 s
  *** New best: -52.6761 eV
Iteration 20/5000: Ground Truth: -53.8661, Best: -52.6761, Current: -52.1289, Acceptance: 60.00%, Time: 0.07 s
  *** New best: -52.9091 eV
Iteration 30/5000: Ground Truth: -53.8661, Best: -52.9091, Current: -50.2436, Acceptance: 53.33%, Time: 0.08 s
Iteration 40/5000: Ground Truth: -53.8661, Best: -52.9091, Current: -52.0340, Acceptance: 52.50%, Time: 0.04 s
  *** New best: -52.9366 eV
Iteration 50/5000: Ground Truth: -53.8661, Best: -52.9366, Current: -51.3302, Acceptance: 52.00%, Time: 0.04 s
  *** New best: -52.9411 eV
Iteration 60/5000: Ground Truth: -53.8661, Best: -52.9411, Current: -51.4659, Acceptance: 55.00%, Time: 0.06 s
  *** New best: -52.9440 eV
Iteration 70/5000: Ground Truth: -53.8661, Best: -52.9440, Current: -50.4999, Acceptance: 58.57%, Time: 0.04 s
Iteration 80/5000: Ground Truth: -53.8661, Best: -52.9440, Current: -52.1158, Acceptance: 60.00%, Time: 0.08 s
  *** New best: -52.9451 eV
Iteration 90/5000: Ground Truth: -53.8661, Best: -52.9451, Current: -51.1270, Acceptance: 62.22%, Time: 0.04 s
Iteration 100/5000: Ground Truth: -53.8661, Best: -52.9451, Current: -49.4598, Acceptance: 64.00%, Time: 0.08 s
Iteration 110/5000: Ground Truth: -53.8661, Best: -52.9451, Current: -50.1948, Acceptance: 66.36%, Time: 0.07 s
Iteration 120/5000: Ground Truth: -53.8661, Best: -52.9451, Current: -50.5141, Acceptance: 66.67%, Time: 0.04 s
Iteration 130/5000: Ground Truth: -53.8661, Best: -52.9451, Current: -50.6430, Acceptance: 65.38%, Time: 0.07 s
Iteration 140/5000: Ground Truth: -53.8661, Best: -52.9451, Current: -52.1284, Acceptance: 65.00%, Time: 0.04 s
Iteration 150/5000: Ground Truth: -53.8661, Best: -52.9451, Current: -51.4290, Acceptance: 66.00%, Time: 0.04 s
Iteration 160/5000: Ground Truth: -53.8661, Best: -52.9451, Current: -49.4404, Acceptance: 66.25%, Time: 0.08 s
Iteration 170/5000: Ground Truth: -53.8661, Best: -52.9451, Current: -50.7949, Acceptance: 66.47%, Time: 0.07 s
Iteration 180/5000: Ground Truth: -53.8661, Best: -52.9451, Current: -52.5906, Acceptance: 65.56%, Time: 0.04 s
Iteration 190/5000: Ground Truth: -53.8661, Best: -52.9451, Current: -52.0316, Acceptance: 66.32%, Time: 0.04 s
Iteration 200/5000: Ground Truth: -53.8661, Best: -52.9451, Current: -51.4096, Acceptance: 68.00%, Time: 0.04 s
Iteration 210/5000: Ground Truth: -53.8661, Best: -52.9451, Current: -49.9027, Acceptance: 69.05%, Time: 0.08 s
Iteration 220/5000: Ground Truth: -53.8661, Best: -52.9451, Current: -51.3976, Acceptance: 69.09%, Time: 0.04 s
Iteration 230/5000: Ground Truth: -53.8661, Best: -52.9451, Current: -52.0155, Acceptance: 68.26%, Time: 0.04 s
Iteration 240/5000: Ground Truth: -53.8661, Best: -52.9451, Current: -52.1322, Acceptance: 67.50%, Time: 0.04 s
Iteration 250/5000: Ground Truth: -53.8661, Best: -52.9451, Current: -51.0035, Acceptance: 68.00%, Time: 0.07 s
Iteration 260/5000: Ground Truth: -53.8661, Best: -52.9451, Current: -49.3321, Acceptance: 68.46%, Time: 0.08 s
Iteration 270/5000: Ground Truth: -53.8661, Best: -52.9451, Current: -52.1431, Acceptance: 68.15%, Time: 0.04 s
Iteration 280/5000: Ground Truth: -53.8661, Best: -52.9451, Current: -51.4429, Acceptance: 68.57%, Time: 0.07 s
Iteration 290/5000: Ground Truth: -53.8661, Best: -52.9451, Current: -51.7206, Acceptance: 68.62%, Time: 0.07 s
Iteration 300/5000: Ground Truth: -53.8661, Best: -52.9451, Current: -52.0868, Acceptance: 68.33%, Time: 0.04 s
Iteration 310/5000: Ground Truth: -53.8661, Best: -52.9451, Current: -52.2414, Acceptance: 67.10%, Time: 0.04 s
Iteration 320/5000: Ground Truth: -53.8661, Best: -52.9451, Current: -51.8216, Acceptance: 67.19%, Time: 0.07 s
Iteration 330/5000: Ground Truth: -53.8661, Best: -52.9451, Current: -52.4961, Acceptance: 67.27%, Time: 0.08 s
Iteration 340/5000: Ground Truth: -53.8661, Best: -52.9451, Current: -51.0782, Acceptance: 67.35%, Time: 0.07 s
  *** New best: -52.9453 eV
Iteration 350/5000: Ground Truth: -53.8661, Best: -52.9453, Current: -52.7125, Acceptance: 66.57%, Time: 0.04 s
Iteration 360/5000: Ground Truth: -53.8661, Best: -52.9453, Current: -51.0750, Acceptance: 66.67%, Time: 0.07 s
Iteration 370/5000: Ground Truth: -53.8661, Best: -52.9453, Current: -52.1034, Acceptance: 66.49%, Time: 0.08 s
Iteration 380/5000: Ground Truth: -53.8661, Best: -52.9453, Current: -51.6441, Acceptance: 66.58%, Time: 0.04 s
Iteration 390/5000: Ground Truth: -53.8661, Best: -52.9453, Current: -50.4506, Acceptance: 66.15%, Time: 0.07 s
Iteration 400/5000: Ground Truth: -53.8661, Best: -52.9453, Current: -51.1481, Acceptance: 66.00%, Time: 0.08 s
Iteration 410/5000: Ground Truth: -53.8661, Best: -52.9453, Current: -51.3170, Acceptance: 66.10%, Time: 0.07 s
Iteration 420/5000: Ground Truth: -53.8661, Best: -52.9453, Current: -51.2751, Acceptance: 66.19%, Time: 0.04 s
Iteration 430/5000: Ground Truth: -53.8661, Best: -52.9453, Current: -51.5397, Acceptance: 66.05%, Time: 0.07 s
Iteration 440/5000: Ground Truth: -53.8661, Best: -52.9453, Current: -51.9007, Acceptance: 65.91%, Time: 0.07 s
Iteration 450/5000: Ground Truth: -53.8661, Best: -52.9453, Current: -52.5167, Acceptance: 66.22%, Time: 0.04 s
Iteration 460/5000: Ground Truth: -53.8661, Best: -52.9453, Current: -49.4576, Acceptance: 66.74%, Time: 0.07 s
Iteration 470/5000: Ground Truth: -53.8661, Best: -52.9453, Current: -51.0104, Acceptance: 66.17%, Time: 0.07 s
Iteration 480/5000: Ground Truth: -53.8661, Best: -52.9453, Current: -50.5406, Acceptance: 66.25%, Time: 0.07 s
Iteration 490/5000: Ground Truth: -53.8661, Best: -52.9453, Current: -51.8707, Acceptance: 66.73%, Time: 0.04 s
  *** New best: -53.2306 eV
Iteration 500/5000: Ground Truth: -53.8661, Best: -53.2306, Current: -51.2907, Acceptance: 66.80%, Time: 0.04 s
  *** New best: -53.2403 eV
Iteration 510/5000: Ground Truth: -53.8661, Best: -53.2403, Current: -51.9563, Acceptance: 67.06%, Time: 0.04 s
  *** New best: -53.2418 eV
Iteration 520/5000: Ground Truth: -53.8661, Best: -53.2418, Current: -51.5986, Acceptance: 67.31%, Time: 0.04 s
Iteration 530/5000: Ground Truth: -53.8661, Best: -53.2418, Current: -52.7609, Acceptance: 67.17%, Time: 0.07 s
Iteration 540/5000: Ground Truth: -53.8661, Best: -53.2418, Current: -50.5914, Acceptance: 67.22%, Time: 0.07 s
  *** New best: -53.2435 eV
Iteration 550/5000: Ground Truth: -53.8661, Best: -53.2435, Current: -52.5367, Acceptance: 67.09%, Time: 0.04 s
Iteration 560/5000: Ground Truth: -53.8661, Best: -53.2435, Current: -52.0747, Acceptance: 67.32%, Time: 0.04 s
Iteration 570/5000: Ground Truth: -53.8661, Best: -53.2435, Current: -51.9934, Acceptance: 67.19%, Time: 0.04 s
Iteration 580/5000: Ground Truth: -53.8661, Best: -53.2435, Current: -51.0537, Acceptance: 67.24%, Time: 0.07 s
Iteration 590/5000: Ground Truth: -53.8661, Best: -53.2435, Current: -50.3777, Acceptance: 67.29%, Time: 0.04 s
Iteration 600/5000: Ground Truth: -53.8661, Best: -53.2435, Current: -50.6990, Acceptance: 67.67%, Time: 0.07 s
Iteration 610/5000: Ground Truth: -53.8661, Best: -53.2435, Current: -52.3372, Acceptance: 68.03%, Time: 0.04 s
Iteration 620/5000: Ground Truth: -53.8661, Best: -53.2435, Current: -52.9203, Acceptance: 67.74%, Time: 0.04 s
Iteration 630/5000: Ground Truth: -53.8661, Best: -53.2435, Current: -50.8629, Acceptance: 67.94%, Time: 0.07 s
Iteration 640/5000: Ground Truth: -53.8661, Best: -53.2435, Current: -51.5106, Acceptance: 68.12%, Time: 0.04 s
Iteration 650/5000: Ground Truth: -53.8661, Best: -53.2435, Current: -51.1876, Acceptance: 68.00%, Time: 0.07 s
Iteration 660/5000: Ground Truth: -53.8661, Best: -53.2435, Current: -50.3762, Acceptance: 68.33%, Time: 0.07 s
Iteration 670/5000: Ground Truth: -53.8661, Best: -53.2435, Current: -51.6496, Acceptance: 67.91%, Time: 0.04 s
Iteration 680/5000: Ground Truth: -53.8661, Best: -53.2435, Current: -52.1784, Acceptance: 67.79%, Time: 0.07 s
Iteration 690/5000: Ground Truth: -53.8661, Best: -53.2435, Current: -50.4606, Acceptance: 67.83%, Time: 0.07 s
Iteration 700/5000: Ground Truth: -53.8661, Best: -53.2435, Current: -51.2954, Acceptance: 67.86%, Time: 0.04 s
Iteration 710/5000: Ground Truth: -53.8661, Best: -53.2435, Current: -52.0288, Acceptance: 67.89%, Time: 0.04 s
  *** New best: -53.2456 eV
Iteration 720/5000: Ground Truth: -53.8661, Best: -53.2456, Current: -52.4322, Acceptance: 67.36%, Time: 0.07 s
Iteration 730/5000: Ground Truth: -53.8661, Best: -53.2456, Current: -51.6107, Acceptance: 67.67%, Time: 0.04 s
Iteration 740/5000: Ground Truth: -53.8661, Best: -53.2456, Current: -48.2998, Acceptance: 67.84%, Time: 0.07 s
Iteration 750/5000: Ground Truth: -53.8661, Best: -53.2456, Current: -50.2448, Acceptance: 67.87%, Time: 0.07 s
Iteration 760/5000: Ground Truth: -53.8661, Best: -53.2456, Current: -52.0348, Acceptance: 68.29%, Time: 0.07 s
Iteration 770/5000: Ground Truth: -53.8661, Best: -53.2456, Current: -50.6174, Acceptance: 68.31%, Time: 0.04 s
Iteration 780/5000: Ground Truth: -53.8661, Best: -53.2456, Current: -52.7513, Acceptance: 68.08%, Time: 0.04 s
Iteration 790/5000: Ground Truth: -53.8661, Best: -53.2456, Current: -52.3962, Acceptance: 67.85%, Time: 0.04 s
Iteration 800/5000: Ground Truth: -53.8661, Best: -53.2456, Current: -50.0474, Acceptance: 68.00%, Time: 0.07 s
Iteration 810/5000: Ground Truth: -53.8661, Best: -53.2456, Current: -51.5246, Acceptance: 68.15%, Time: 0.04 s
Iteration 820/5000: Ground Truth: -53.8661, Best: -53.2456, Current: -51.4178, Acceptance: 68.29%, Time: 0.04 s
Iteration 830/5000: Ground Truth: -53.8661, Best: -53.2456, Current: -51.3354, Acceptance: 68.31%, Time: 0.08 s
Iteration 840/5000: Ground Truth: -53.8661, Best: -53.2456, Current: -52.4421, Acceptance: 68.33%, Time: 0.07 s
Iteration 850/5000: Ground Truth: -53.8661, Best: -53.2456, Current: -51.2106, Acceptance: 68.47%, Time: 0.04 s
Iteration 860/5000: Ground Truth: -53.8661, Best: -53.2456, Current: -50.6285, Acceptance: 68.49%, Time: 0.07 s
Iteration 870/5000: Ground Truth: -53.8661, Best: -53.2456, Current: -50.6601, Acceptance: 68.51%, Time: 0.07 s
Iteration 880/5000: Ground Truth: -53.8661, Best: -53.2456, Current: -50.6711, Acceptance: 68.64%, Time: 0.04 s
Iteration 890/5000: Ground Truth: -53.8661, Best: -53.2456, Current: -51.7403, Acceptance: 68.65%, Time: 0.04 s
Iteration 900/5000: Ground Truth: -53.8661, Best: -53.2456, Current: -51.8538, Acceptance: 68.67%, Time: 0.04 s
Iteration 910/5000: Ground Truth: -53.8661, Best: -53.2456, Current: -49.8794, Acceptance: 69.01%, Time: 0.04 s
Iteration 920/5000: Ground Truth: -53.8661, Best: -53.2456, Current: -49.6504, Acceptance: 69.35%, Time: 0.08 s
Iteration 930/5000: Ground Truth: -53.8661, Best: -53.2456, Current: -51.9134, Acceptance: 69.46%, Time: 0.07 s
Iteration 940/5000: Ground Truth: -53.8661, Best: -53.2456, Current: -51.7459, Acceptance: 69.68%, Time: 0.07 s
Iteration 950/5000: Ground Truth: -53.8661, Best: -53.2456, Current: -50.1939, Acceptance: 69.68%, Time: 0.04 s
Iteration 960/5000: Ground Truth: -53.8661, Best: -53.2456, Current: -52.9096, Acceptance: 69.38%, Time: 0.04 s
Iteration 970/5000: Ground Truth: -53.8661, Best: -53.2456, Current: -52.7559, Acceptance: 69.28%, Time: 0.04 s
Iteration 980/5000: Ground Truth: -53.8661, Best: -53.2456, Current: -52.0568, Acceptance: 69.29%, Time: 0.04 s
Iteration 990/5000: Ground Truth: -53.8661, Best: -53.2456, Current: -51.9236, Acceptance: 69.29%, Time: 0.04 s
Iteration 1000/5000: Ground Truth: -53.8661, Best: -53.2456, Current: -52.2062, Acceptance: 69.30%, Time: 0.04 s
Iteration 1010/5000: Ground Truth: -53.8661, Best: -53.2456, Current: -52.1361, Acceptance: 69.11%, Time: 0.04 s
Iteration 1020/5000: Ground Truth: -53.8661, Best: -53.2456, Current: -50.8759, Acceptance: 69.02%, Time: 0.04 s
Iteration 1030/5000: Ground Truth: -53.8661, Best: -53.2456, Current: -51.2517, Acceptance: 69.13%, Time: 0.07 s
Iteration 1040/5000: Ground Truth: -53.8661, Best: -53.2456, Current: -52.5102, Acceptance: 69.33%, Time: 0.04 s
Iteration 1050/5000: Ground Truth: -53.8661, Best: -53.2456, Current: -50.9461, Acceptance: 69.43%, Time: 0.07 s
Iteration 1060/5000: Ground Truth: -53.8661, Best: -53.2456, Current: -51.6593, Acceptance: 69.43%, Time: 0.04 s
Iteration 1070/5000: Ground Truth: -53.8661, Best: -53.2456, Current: -51.1376, Acceptance: 69.53%, Time: 0.04 s
Iteration 1080/5000: Ground Truth: -53.8661, Best: -53.2456, Current: -51.1149, Acceptance: 69.54%, Time: 0.07 s
Iteration 1090/5000: Ground Truth: -53.8661, Best: -53.2456, Current: -52.1500, Acceptance: 69.72%, Time: 0.07 s
Iteration 1100/5000: Ground Truth: -53.8661, Best: -53.2456, Current: -51.4704, Acceptance: 69.82%, Time: 0.04 s
Iteration 1110/5000: Ground Truth: -53.8661, Best: -53.2456, Current: -50.0231, Acceptance: 69.91%, Time: 0.04 s
Iteration 1120/5000: Ground Truth: -53.8661, Best: -53.2456, Current: -51.2964, Acceptance: 69.82%, Time: 0.07 s
Iteration 1130/5000: Ground Truth: -53.8661, Best: -53.2456, Current: -52.2703, Acceptance: 69.73%, Time: 0.04 s
Iteration 1140/5000: Ground Truth: -53.8661, Best: -53.2456, Current: -51.7506, Acceptance: 69.91%, Time: 0.04 s
Iteration 1150/5000: Ground Truth: -53.8661, Best: -53.2456, Current: -53.1635, Acceptance: 69.74%, Time: 0.04 s
Iteration 1160/5000: Ground Truth: -53.8661, Best: -53.2456, Current: -51.2798, Acceptance: 69.66%, Time: 0.07 s
Iteration 1170/5000: Ground Truth: -53.8661, Best: -53.2456, Current: -51.2444, Acceptance: 69.57%, Time: 0.06 s
Iteration 1180/5000: Ground Truth: -53.8661, Best: -53.2456, Current: -52.3563, Acceptance: 69.49%, Time: 0.04 s
Iteration 1190/5000: Ground Truth: -53.8661, Best: -53.2456, Current: -50.2963, Acceptance: 69.50%, Time: 0.07 s
Iteration 1200/5000: Ground Truth: -53.8661, Best: -53.2456, Current: -52.5405, Acceptance: 69.50%, Time: 0.04 s
Iteration 1210/5000: Ground Truth: -53.8661, Best: -53.2456, Current: -49.1677, Acceptance: 69.59%, Time: 0.07 s
Iteration 1220/5000: Ground Truth: -53.8661, Best: -53.2456, Current: -52.5790, Acceptance: 69.59%, Time: 0.04 s
Iteration 1230/5000: Ground Truth: -53.8661, Best: -53.2456, Current: -52.1786, Acceptance: 69.59%, Time: 0.07 s
Iteration 1240/5000: Ground Truth: -53.8661, Best: -53.2456, Current: -53.0337, Acceptance: 69.27%, Time: 0.04 s
Iteration 1250/5000: Ground Truth: -53.8661, Best: -53.2456, Current: -52.5848, Acceptance: 69.12%, Time: 0.08 s
Iteration 1260/5000: Ground Truth: -53.8661, Best: -53.2456, Current: -51.9126, Acceptance: 69.13%, Time: 0.07 s
Iteration 1270/5000: Ground Truth: -53.8661, Best: -53.2456, Current: -51.6938, Acceptance: 69.06%, Time: 0.04 s
Iteration 1280/5000: Ground Truth: -53.8661, Best: -53.2456, Current: -52.2015, Acceptance: 68.91%, Time: 0.07 s
Iteration 1290/5000: Ground Truth: -53.8661, Best: -53.2456, Current: -51.9320, Acceptance: 68.91%, Time: 0.04 s
Iteration 1300/5000: Ground Truth: -53.8661, Best: -53.2456, Current: -51.6631, Acceptance: 68.92%, Time: 0.04 s
Iteration 1310/5000: Ground Truth: -53.8661, Best: -53.2456, Current: -52.5575, Acceptance: 68.85%, Time: 0.07 s
Iteration 1320/5000: Ground Truth: -53.8661, Best: -53.2456, Current: -51.3252, Acceptance: 69.02%, Time: 0.04 s
Iteration 1330/5000: Ground Truth: -53.8661, Best: -53.2456, Current: -51.3887, Acceptance: 69.17%, Time: 0.04 s
Iteration 1340/5000: Ground Truth: -53.8661, Best: -53.2456, Current: -52.3780, Acceptance: 69.10%, Time: 0.04 s
Iteration 1350/5000: Ground Truth: -53.8661, Best: -53.2456, Current: -52.1282, Acceptance: 69.04%, Time: 0.08 s
Iteration 1360/5000: Ground Truth: -53.8661, Best: -53.2456, Current: -48.1279, Acceptance: 69.19%, Time: 0.07 s
Iteration 1370/5000: Ground Truth: -53.8661, Best: -53.2456, Current: -52.9676, Acceptance: 69.27%, Time: 0.04 s
Iteration 1380/5000: Ground Truth: -53.8661, Best: -53.2456, Current: -50.8249, Acceptance: 69.20%, Time: 0.07 s
Iteration 1390/5000: Ground Truth: -53.8661, Best: -53.2456, Current: -50.5478, Acceptance: 69.28%, Time: 0.07 s
Iteration 1400/5000: Ground Truth: -53.8661, Best: -53.2456, Current: -51.6984, Acceptance: 69.36%, Time: 0.04 s
Iteration 1410/5000: Ground Truth: -53.8661, Best: -53.2456, Current: -51.4373, Acceptance: 69.29%, Time: 0.05 s
Iteration 1420/5000: Ground Truth: -53.8661, Best: -53.2456, Current: -51.0632, Acceptance: 69.37%, Time: 0.04 s
Iteration 1430/5000: Ground Truth: -53.8661, Best: -53.2456, Current: -50.1547, Acceptance: 69.37%, Time: 0.04 s
Iteration 1440/5000: Ground Truth: -53.8661, Best: -53.2456, Current: -50.2843, Acceptance: 69.44%, Time: 0.04 s
Iteration 1450/5000: Ground Truth: -53.8661, Best: -53.2456, Current: -51.9404, Acceptance: 69.66%, Time: 0.04 s
Iteration 1460/5000: Ground Truth: -53.8661, Best: -53.2456, Current: -51.5618, Acceptance: 69.59%, Time: 0.04 s
Iteration 1470/5000: Ground Truth: -53.8661, Best: -53.2456, Current: -50.9196, Acceptance: 69.73%, Time: 0.06 s
Iteration 1480/5000: Ground Truth: -53.8661, Best: -53.2456, Current: -52.6555, Acceptance: 69.73%, Time: 0.04 s
Iteration 1490/5000: Ground Truth: -53.8661, Best: -53.2456, Current: -50.9846, Acceptance: 69.66%, Time: 0.04 s
Iteration 1500/5000: Ground Truth: -53.8661, Best: -53.2456, Current: -52.4348, Acceptance: 69.60%, Time: 0.07 s
Iteration 1510/5000: Ground Truth: -53.8661, Best: -53.2456, Current: -51.0684, Acceptance: 69.67%, Time: 0.04 s
Iteration 1520/5000: Ground Truth: -53.8661, Best: -53.2456, Current: -51.3017, Acceptance: 69.61%, Time: 0.07 s
Iteration 1530/5000: Ground Truth: -53.8661, Best: -53.2456, Current: -51.7393, Acceptance: 69.61%, Time: 0.07 s
Iteration 1540/5000: Ground Truth: -53.8661, Best: -53.2456, Current: -52.0849, Acceptance: 69.61%, Time: 0.04 s
Iteration 1550/5000: Ground Truth: -53.8661, Best: -53.2456, Current: -51.4593, Acceptance: 69.74%, Time: 0.07 s
Iteration 1560/5000: Ground Truth: -53.8661, Best: -53.2456, Current: -50.7356, Acceptance: 69.81%, Time: 0.04 s
Iteration 1570/5000: Ground Truth: -53.8661, Best: -53.2456, Current: -50.9548, Acceptance: 69.81%, Time: 0.06 s
Iteration 1580/5000: Ground Truth: -53.8661, Best: -53.2456, Current: -50.6781, Acceptance: 69.81%, Time: 0.04 s
Iteration 1590/5000: Ground Truth: -53.8661, Best: -53.2456, Current: -51.0152, Acceptance: 70.00%, Time: 0.04 s
Iteration 1600/5000: Ground Truth: -53.8661, Best: -53.2456, Current: -52.0482, Acceptance: 69.94%, Time: 0.07 s
Iteration 1610/5000: Ground Truth: -53.8661, Best: -53.2456, Current: -52.3366, Acceptance: 70.00%, Time: 0.04 s
Iteration 1620/5000: Ground Truth: -53.8661, Best: -53.2456, Current: -52.4861, Acceptance: 69.94%, Time: 0.04 s
Iteration 1630/5000: Ground Truth: -53.8661, Best: -53.2456, Current: -49.9122, Acceptance: 69.94%, Time: 0.07 s
Iteration 1640/5000: Ground Truth: -53.8661, Best: -53.2456, Current: -50.9792, Acceptance: 70.00%, Time: 0.07 s
Iteration 1650/5000: Ground Truth: -53.8661, Best: -53.2456, Current: -51.2934, Acceptance: 70.18%, Time: 0.07 s
Iteration 1660/5000: Ground Truth: -53.8661, Best: -53.2456, Current: -48.7966, Acceptance: 70.30%, Time: 0.07 s
Iteration 1670/5000: Ground Truth: -53.8661, Best: -53.2456, Current: -52.6980, Acceptance: 70.18%, Time: 0.04 s
Iteration 1680/5000: Ground Truth: -53.8661, Best: -53.2456, Current: -48.9566, Acceptance: 70.30%, Time: 0.04 s
Iteration 1690/5000: Ground Truth: -53.8661, Best: -53.2456, Current: -51.0937, Acceptance: 70.30%, Time: 0.04 s
Iteration 1700/5000: Ground Truth: -53.8661, Best: -53.2456, Current: -50.6116, Acceptance: 70.35%, Time: 0.05 s
Iteration 1710/5000: Ground Truth: -53.8661, Best: -53.2456, Current: -51.9755, Acceptance: 70.35%, Time: 0.04 s
Iteration 1720/5000: Ground Truth: -53.8661, Best: -53.2456, Current: -49.9749, Acceptance: 70.35%, Time: 0.07 s
Iteration 1730/5000: Ground Truth: -53.8661, Best: -53.2456, Current: -50.3739, Acceptance: 70.46%, Time: 0.08 s
Iteration 1740/5000: Ground Truth: -53.8661, Best: -53.2456, Current: -52.4631, Acceptance: 70.52%, Time: 0.04 s
Iteration 1750/5000: Ground Truth: -53.8661, Best: -53.2456, Current: -51.8834, Acceptance: 70.57%, Time: 0.04 s
Iteration 1760/5000: Ground Truth: -53.8661, Best: -53.2456, Current: -52.0487, Acceptance: 70.57%, Time: 0.04 s
Iteration 1770/5000: Ground Truth: -53.8661, Best: -53.2456, Current: -50.9537, Acceptance: 70.62%, Time: 0.04 s
Iteration 1780/5000: Ground Truth: -53.8661, Best: -53.2456, Current: -51.1649, Acceptance: 70.45%, Time: 0.04 s
Iteration 1790/5000: Ground Truth: -53.8661, Best: -53.2456, Current: -51.4156, Acceptance: 70.45%, Time: 0.04 s
Iteration 1800/5000: Ground Truth: -53.8661, Best: -53.2456, Current: -51.0828, Acceptance: 70.56%, Time: 0.07 s
Iteration 1810/5000: Ground Truth: -53.8661, Best: -53.2456, Current: -52.0264, Acceptance: 70.50%, Time: 0.04 s
Iteration 1820/5000: Ground Truth: -53.8661, Best: -53.2456, Current: -51.6905, Acceptance: 70.49%, Time: 0.07 s
Iteration 1830/5000: Ground Truth: -53.8661, Best: -53.2456, Current: -51.1157, Acceptance: 70.44%, Time: 0.04 s
Iteration 1840/5000: Ground Truth: -53.8661, Best: -53.2456, Current: -51.0474, Acceptance: 70.49%, Time: 0.04 s
Iteration 1850/5000: Ground Truth: -53.8661, Best: -53.2456, Current: -51.1788, Acceptance: 70.43%, Time: 0.04 s
Iteration 1860/5000: Ground Truth: -53.8661, Best: -53.2456, Current: -51.7410, Acceptance: 70.32%, Time: 0.04 s
Iteration 1870/5000: Ground Truth: -53.8661, Best: -53.2456, Current: -50.7369, Acceptance: 70.37%, Time: 0.07 s
Iteration 1880/5000: Ground Truth: -53.8661, Best: -53.2456, Current: -52.5985, Acceptance: 70.37%, Time: 0.04 s
Iteration 1890/5000: Ground Truth: -53.8661, Best: -53.2456, Current: -51.4208, Acceptance: 70.32%, Time: 0.04 s
Iteration 1900/5000: Ground Truth: -53.8661, Best: -53.2456, Current: -52.5994, Acceptance: 70.26%, Time: 0.04 s
Iteration 1910/5000: Ground Truth: -53.8661, Best: -53.2456, Current: -52.5391, Acceptance: 70.26%, Time: 0.04 s
Iteration 1920/5000: Ground Truth: -53.8661, Best: -53.2456, Current: -51.2629, Acceptance: 70.21%, Time: 0.08 s
Iteration 1930/5000: Ground Truth: -53.8661, Best: -53.2456, Current: -51.3231, Acceptance: 70.21%, Time: 0.07 s
Iteration 1940/5000: Ground Truth: -53.8661, Best: -53.2456, Current: -51.4148, Acceptance: 70.15%, Time: 0.04 s
Iteration 1950/5000: Ground Truth: -53.8661, Best: -53.2456, Current: -50.5450, Acceptance: 70.26%, Time: 0.04 s
Iteration 1960/5000: Ground Truth: -53.8661, Best: -53.2456, Current: -52.1119, Acceptance: 70.20%, Time: 0.04 s
Iteration 1970/5000: Ground Truth: -53.8661, Best: -53.2456, Current: -51.5173, Acceptance: 70.30%, Time: 0.04 s
Iteration 1980/5000: Ground Truth: -53.8661, Best: -53.2456, Current: -47.8345, Acceptance: 70.45%, Time: 0.07 s
Iteration 1990/5000: Ground Truth: -53.8661, Best: -53.2456, Current: -49.3983, Acceptance: 70.50%, Time: 0.08 s
Iteration 2000/5000: Ground Truth: -53.8661, Best: -53.2456, Current: -52.6125, Acceptance: 70.35%, Time: 0.04 s
Iteration 2010/5000: Ground Truth: -53.8661, Best: -53.2456, Current: -52.2636, Acceptance: 70.30%, Time: 0.04 s
Iteration 2020/5000: Ground Truth: -53.8661, Best: -53.2456, Current: -52.2949, Acceptance: 70.30%, Time: 0.04 s
Iteration 2030/5000: Ground Truth: -53.8661, Best: -53.2456, Current: -52.1180, Acceptance: 70.15%, Time: 0.07 s
Iteration 2040/5000: Ground Truth: -53.8661, Best: -53.2456, Current: -51.1760, Acceptance: 70.15%, Time: 0.04 s
Iteration 2050/5000: Ground Truth: -53.8661, Best: -53.2456, Current: -52.1865, Acceptance: 70.20%, Time: 0.04 s
Iteration 2060/5000: Ground Truth: -53.8661, Best: -53.2456, Current: -51.8998, Acceptance: 70.15%, Time: 0.07 s
Iteration 2070/5000: Ground Truth: -53.8661, Best: -53.2456, Current: -51.7432, Acceptance: 70.14%, Time: 0.04 s
Iteration 2080/5000: Ground Truth: -53.8661, Best: -53.2456, Current: -51.3854, Acceptance: 70.10%, Time: 0.07 s
Iteration 2090/5000: Ground Truth: -53.8661, Best: -53.2456, Current: -50.9371, Acceptance: 70.00%, Time: 0.07 s
Iteration 2100/5000: Ground Truth: -53.8661, Best: -53.2456, Current: -52.7678, Acceptance: 69.95%, Time: 0.04 s
Iteration 2110/5000: Ground Truth: -53.8661, Best: -53.2456, Current: -52.1110, Acceptance: 70.00%, Time: 0.04 s
Iteration 2120/5000: Ground Truth: -53.8661, Best: -53.2456, Current: -52.3837, Acceptance: 69.91%, Time: 0.04 s
Iteration 2130/5000: Ground Truth: -53.8661, Best: -53.2456, Current: -50.7932, Acceptance: 70.00%, Time: 0.07 s
Iteration 2140/5000: Ground Truth: -53.8661, Best: -53.2456, Current: -50.3434, Acceptance: 70.09%, Time: 0.04 s
Iteration 2150/5000: Ground Truth: -53.8661, Best: -53.2456, Current: -50.5196, Acceptance: 70.09%, Time: 0.04 s
Iteration 2160/5000: Ground Truth: -53.8661, Best: -53.2456, Current: -52.4862, Acceptance: 70.00%, Time: 0.04 s
Iteration 2170/5000: Ground Truth: -53.8661, Best: -53.2456, Current: -52.3442, Acceptance: 70.05%, Time: 0.04 s
Iteration 2180/5000: Ground Truth: -53.8661, Best: -53.2456, Current: -51.0865, Acceptance: 70.09%, Time: 0.08 s
Iteration 2190/5000: Ground Truth: -53.8661, Best: -53.2456, Current: -50.5114, Acceptance: 70.09%, Time: 0.04 s
Iteration 2200/5000: Ground Truth: -53.8661, Best: -53.2456, Current: -51.2279, Acceptance: 70.09%, Time: 0.04 s
Iteration 2210/5000: Ground Truth: -53.8661, Best: -53.2456, Current: -51.6508, Acceptance: 70.05%, Time: 0.04 s
Iteration 2220/5000: Ground Truth: -53.8661, Best: -53.2456, Current: -52.2576, Acceptance: 70.09%, Time: 0.07 s
Iteration 2230/5000: Ground Truth: -53.8661, Best: -53.2456, Current: -52.7724, Acceptance: 70.09%, Time: 0.04 s
Iteration 2240/5000: Ground Truth: -53.8661, Best: -53.2456, Current: -49.3713, Acceptance: 70.22%, Time: 0.07 s
Iteration 2250/5000: Ground Truth: -53.8661, Best: -53.2456, Current: -51.4562, Acceptance: 70.31%, Time: 0.04 s
Iteration 2260/5000: Ground Truth: -53.8661, Best: -53.2456, Current: -50.5008, Acceptance: 70.40%, Time: 0.04 s
Iteration 2270/5000: Ground Truth: -53.8661, Best: -53.2456, Current: -52.1781, Acceptance: 70.40%, Time: 0.04 s
Iteration 2280/5000: Ground Truth: -53.8661, Best: -53.2456, Current: -52.3298, Acceptance: 70.35%, Time: 0.04 s
Iteration 2290/5000: Ground Truth: -53.8661, Best: -53.2456, Current: -52.6569, Acceptance: 70.35%, Time: 0.04 s
Iteration 2300/5000: Ground Truth: -53.8661, Best: -53.2456, Current: -51.6843, Acceptance: 70.39%, Time: 0.06 s
Iteration 2310/5000: Ground Truth: -53.8661, Best: -53.2456, Current: -52.2595, Acceptance: 70.35%, Time: 0.04 s
Iteration 2320/5000: Ground Truth: -53.8661, Best: -53.2456, Current: -51.2286, Acceptance: 70.43%, Time: 0.04 s
Iteration 2330/5000: Ground Truth: -53.8661, Best: -53.2456, Current: -51.4572, Acceptance: 70.52%, Time: 0.07 s
Iteration 2340/5000: Ground Truth: -53.8661, Best: -53.2456, Current: -50.9528, Acceptance: 70.56%, Time: 0.05 s
Iteration 2350/5000: Ground Truth: -53.8661, Best: -53.2456, Current: -52.4605, Acceptance: 70.55%, Time: 0.04 s
Iteration 2360/5000: Ground Truth: -53.8661, Best: -53.2456, Current: -49.8035, Acceptance: 70.59%, Time: 0.07 s
Iteration 2370/5000: Ground Truth: -53.8661, Best: -53.2456, Current: -51.1982, Acceptance: 70.51%, Time: 0.07 s
Iteration 2380/5000: Ground Truth: -53.8661, Best: -53.2456, Current: -52.4111, Acceptance: 70.46%, Time: 0.04 s
Iteration 2390/5000: Ground Truth: -53.8661, Best: -53.2456, Current: -50.4251, Acceptance: 70.50%, Time: 0.07 s
Iteration 2400/5000: Ground Truth: -53.8661, Best: -53.2456, Current: -51.3698, Acceptance: 70.54%, Time: 0.04 s
Iteration 2410/5000: Ground Truth: -53.8661, Best: -53.2456, Current: -52.3628, Acceptance: 70.50%, Time: 0.07 s
Iteration 2420/5000: Ground Truth: -53.8661, Best: -53.2456, Current: -49.0031, Acceptance: 70.50%, Time: 0.07 s
Iteration 2430/5000: Ground Truth: -53.8661, Best: -53.2456, Current: -50.4553, Acceptance: 70.49%, Time: 0.07 s
Iteration 2440/5000: Ground Truth: -53.8661, Best: -53.2456, Current: -52.4099, Acceptance: 70.57%, Time: 0.04 s
Iteration 2450/5000: Ground Truth: -53.8661, Best: -53.2456, Current: -52.7719, Acceptance: 70.49%, Time: 0.04 s
Iteration 2460/5000: Ground Truth: -53.8661, Best: -53.2456, Current: -49.0613, Acceptance: 70.53%, Time: 0.08 s
Iteration 2470/5000: Ground Truth: -53.8661, Best: -53.2456, Current: -52.6979, Acceptance: 70.40%, Time: 0.08 s
Iteration 2480/5000: Ground Truth: -53.8661, Best: -53.2456, Current: -50.1857, Acceptance: 70.48%, Time: 0.04 s
Iteration 2490/5000: Ground Truth: -53.8661, Best: -53.2456, Current: -49.1802, Acceptance: 70.48%, Time: 0.04 s
Iteration 2500/5000: Ground Truth: -53.8661, Best: -53.2456, Current: -51.0209, Acceptance: 70.48%, Time: 0.07 s
Iteration 2510/5000: Ground Truth: -53.8661, Best: -53.2456, Current: -52.6298, Acceptance: 70.48%, Time: 0.04 s
Iteration 2520/5000: Ground Truth: -53.8661, Best: -53.2456, Current: -52.8332, Acceptance: 70.44%, Time: 0.04 s
Iteration 2530/5000: Ground Truth: -53.8661, Best: -53.2456, Current: -50.1515, Acceptance: 70.47%, Time: 0.04 s
Iteration 2540/5000: Ground Truth: -53.8661, Best: -53.2456, Current: -52.1607, Acceptance: 70.51%, Time: 0.04 s
Iteration 2550/5000: Ground Truth: -53.8661, Best: -53.2456, Current: -52.4627, Acceptance: 70.51%, Time: 0.04 s
Iteration 2560/5000: Ground Truth: -53.8661, Best: -53.2456, Current: -50.3532, Acceptance: 70.51%, Time: 0.04 s
Iteration 2570/5000: Ground Truth: -53.8661, Best: -53.2456, Current: -51.5681, Acceptance: 70.54%, Time: 0.04 s
Iteration 2580/5000: Ground Truth: -53.8661, Best: -53.2456, Current: -52.4355, Acceptance: 70.50%, Time: 0.07 s
Iteration 2590/5000: Ground Truth: -53.8661, Best: -53.2456, Current: -52.1744, Acceptance: 70.58%, Time: 0.04 s
Iteration 2600/5000: Ground Truth: -53.8661, Best: -53.2456, Current: -51.4019, Acceptance: 70.58%, Time: 0.04 s
Iteration 2610/5000: Ground Truth: -53.8661, Best: -53.2456, Current: -50.6406, Acceptance: 70.61%, Time: 0.06 s
Iteration 2620/5000: Ground Truth: -53.8661, Best: -53.2456, Current: -52.2939, Acceptance: 70.61%, Time: 0.04 s
Iteration 2630/5000: Ground Truth: -53.8661, Best: -53.2456, Current: -51.3065, Acceptance: 70.72%, Time: 0.04 s
Iteration 2640/5000: Ground Truth: -53.8661, Best: -53.2456, Current: -51.7285, Acceptance: 70.64%, Time: 0.04 s
Iteration 2650/5000: Ground Truth: -53.8661, Best: -53.2456, Current: -49.7536, Acceptance: 70.68%, Time: 0.04 s
Iteration 2660/5000: Ground Truth: -53.8661, Best: -53.2456, Current: -52.7847, Acceptance: 70.60%, Time: 0.04 s
Iteration 2670/5000: Ground Truth: -53.8661, Best: -53.2456, Current: -51.1042, Acceptance: 70.60%, Time: 0.07 s
Iteration 2680/5000: Ground Truth: -53.8661, Best: -53.2456, Current: -51.0878, Acceptance: 70.67%, Time: 0.07 s
Iteration 2690/5000: Ground Truth: -53.8661, Best: -53.2456, Current: -49.4286, Acceptance: 70.74%, Time: 0.07 s
Iteration 2700/5000: Ground Truth: -53.8661, Best: -53.2456, Current: -49.8770, Acceptance: 70.81%, Time: 0.04 s
Iteration 2710/5000: Ground Truth: -53.8661, Best: -53.2456, Current: -52.5376, Acceptance: 70.77%, Time: 0.04 s
Iteration 2720/5000: Ground Truth: -53.8661, Best: -53.2456, Current: -51.5523, Acceptance: 70.77%, Time: 0.06 s
Iteration 2730/5000: Ground Truth: -53.8661, Best: -53.2456, Current: -52.8726, Acceptance: 70.70%, Time: 0.04 s
Iteration 2740/5000: Ground Truth: -53.8661, Best: -53.2456, Current: -52.7886, Acceptance: 70.69%, Time: 0.04 s
Iteration 2750/5000: Ground Truth: -53.8661, Best: -53.2456, Current: -52.6045, Acceptance: 70.58%, Time: 0.07 s
Iteration 2760/5000: Ground Truth: -53.8661, Best: -53.2456, Current: -52.4480, Acceptance: 70.54%, Time: 0.04 s
Iteration 2770/5000: Ground Truth: -53.8661, Best: -53.2456, Current: -52.5457, Acceptance: 70.51%, Time: 0.04 s
Iteration 2780/5000: Ground Truth: -53.8661, Best: -53.2456, Current: -52.0666, Acceptance: 70.50%, Time: 0.08 s
Iteration 2790/5000: Ground Truth: -53.8661, Best: -53.2456, Current: -50.2163, Acceptance: 70.54%, Time: 0.04 s
Iteration 2800/5000: Ground Truth: -53.8661, Best: -53.2456, Current: -51.8182, Acceptance: 70.57%, Time: 0.04 s
Iteration 2810/5000: Ground Truth: -53.8661, Best: -53.2456, Current: -51.9125, Acceptance: 70.60%, Time: 0.04 s
Iteration 2820/5000: Ground Truth: -53.8661, Best: -53.2456, Current: -52.1969, Acceptance: 70.60%, Time: 0.04 s
Iteration 2830/5000: Ground Truth: -53.8661, Best: -53.2456, Current: -52.3464, Acceptance: 70.57%, Time: 0.04 s
Iteration 2840/5000: Ground Truth: -53.8661, Best: -53.2456, Current: -51.5001, Acceptance: 70.53%, Time: 0.08 s
Iteration 2850/5000: Ground Truth: -53.8661, Best: -53.2456, Current: -52.3831, Acceptance: 70.53%, Time: 0.04 s
Iteration 2860/5000: Ground Truth: -53.8661, Best: -53.2456, Current: -52.2343, Acceptance: 70.52%, Time: 0.04 s
Iteration 2870/5000: Ground Truth: -53.8661, Best: -53.2456, Current: -52.4195, Acceptance: 70.49%, Time: 0.04 s
Iteration 2880/5000: Ground Truth: -53.8661, Best: -53.2456, Current: -52.2709, Acceptance: 70.42%, Time: 0.07 s
Iteration 2890/5000: Ground Truth: -53.8661, Best: -53.2456, Current: -52.1878, Acceptance: 70.31%, Time: 0.04 s
Iteration 2900/5000: Ground Truth: -53.8661, Best: -53.2456, Current: -52.2923, Acceptance: 70.31%, Time: 0.07 s
Iteration 2910/5000: Ground Truth: -53.8661, Best: -53.2456, Current: -51.4682, Acceptance: 70.21%, Time: 0.07 s
Iteration 2920/5000: Ground Truth: -53.8661, Best: -53.2456, Current: -52.0703, Acceptance: 70.17%, Time: 0.07 s
Iteration 2930/5000: Ground Truth: -53.8661, Best: -53.2456, Current: -50.2398, Acceptance: 70.14%, Time: 0.07 s
Iteration 2940/5000: Ground Truth: -53.8661, Best: -53.2456, Current: -51.7583, Acceptance: 70.17%, Time: 0.06 s
Iteration 2950/5000: Ground Truth: -53.8661, Best: -53.2456, Current: -51.1842, Acceptance: 70.20%, Time: 0.07 s
Iteration 2960/5000: Ground Truth: -53.8661, Best: -53.2456, Current: -50.3809, Acceptance: 70.24%, Time: 0.07 s
Iteration 2970/5000: Ground Truth: -53.8661, Best: -53.2456, Current: -51.4776, Acceptance: 70.20%, Time: 0.07 s
Iteration 2980/5000: Ground Truth: -53.8661, Best: -53.2456, Current: -52.0498, Acceptance: 70.17%, Time: 0.04 s
Iteration 2990/5000: Ground Truth: -53.8661, Best: -53.2456, Current: -50.4885, Acceptance: 70.10%, Time: 0.04 s
Iteration 3000/5000: Ground Truth: -53.8661, Best: -53.2456, Current: -52.1620, Acceptance: 70.07%, Time: 0.08 s
Iteration 3010/5000: Ground Truth: -53.8661, Best: -53.2456, Current: -51.0191, Acceptance: 70.00%, Time: 0.07 s
Iteration 3020/5000: Ground Truth: -53.8661, Best: -53.2456, Current: -50.8653, Acceptance: 69.97%, Time: 0.07 s
Iteration 3030/5000: Ground Truth: -53.8661, Best: -53.2456, Current: -51.9174, Acceptance: 69.90%, Time: 0.04 s
Iteration 3040/5000: Ground Truth: -53.8661, Best: -53.2456, Current: -51.7849, Acceptance: 69.97%, Time: 0.04 s
Iteration 3050/5000: Ground Truth: -53.8661, Best: -53.2456, Current: -50.1910, Acceptance: 70.03%, Time: 0.07 s
Iteration 3060/5000: Ground Truth: -53.8661, Best: -53.2456, Current: -52.1100, Acceptance: 69.97%, Time: 0.04 s
Iteration 3070/5000: Ground Truth: -53.8661, Best: -53.2456, Current: -51.4790, Acceptance: 69.97%, Time: 0.05 s
Iteration 3080/5000: Ground Truth: -53.8661, Best: -53.2456, Current: -50.9061, Acceptance: 69.90%, Time: 0.04 s
Iteration 3090/5000: Ground Truth: -53.8661, Best: -53.2456, Current: -51.4103, Acceptance: 69.94%, Time: 0.07 s
Iteration 3100/5000: Ground Truth: -53.8661, Best: -53.2456, Current: -50.1018, Acceptance: 70.00%, Time: 0.07 s
Iteration 3110/5000: Ground Truth: -53.8661, Best: -53.2456, Current: -52.4689, Acceptance: 70.03%, Time: 0.04 s
Iteration 3120/5000: Ground Truth: -53.8661, Best: -53.2456, Current: -52.8757, Acceptance: 70.00%, Time: 0.04 s
Iteration 3130/5000: Ground Truth: -53.8661, Best: -53.2456, Current: -51.7285, Acceptance: 69.97%, Time: 0.04 s
Iteration 3140/5000: Ground Truth: -53.8661, Best: -53.2456, Current: -51.1275, Acceptance: 69.90%, Time: 0.07 s
Iteration 3150/5000: Ground Truth: -53.8661, Best: -53.2456, Current: -50.5406, Acceptance: 69.90%, Time: 0.07 s
Iteration 3160/5000: Ground Truth: -53.8661, Best: -53.2456, Current: -51.4548, Acceptance: 69.94%, Time: 0.04 s
Iteration 3170/5000: Ground Truth: -53.8661, Best: -53.2456, Current: -51.8825, Acceptance: 69.97%, Time: 0.07 s
Iteration 3180/5000: Ground Truth: -53.8661, Best: -53.2456, Current: -51.9798, Acceptance: 69.94%, Time: 0.04 s
Iteration 3190/5000: Ground Truth: -53.8661, Best: -53.2456, Current: -50.8214, Acceptance: 69.97%, Time: 0.04 s
Iteration 3200/5000: Ground Truth: -53.8661, Best: -53.2456, Current: -49.9911, Acceptance: 70.06%, Time: 0.08 s
Iteration 3210/5000: Ground Truth: -53.8661, Best: -53.2456, Current: -49.8632, Acceptance: 70.09%, Time: 0.07 s
Iteration 3220/5000: Ground Truth: -53.8661, Best: -53.2456, Current: -52.7257, Acceptance: 70.09%, Time: 0.04 s
Iteration 3230/5000: Ground Truth: -53.8661, Best: -53.2456, Current: -51.9003, Acceptance: 70.15%, Time: 0.04 s
Iteration 3240/5000: Ground Truth: -53.8661, Best: -53.2456, Current: -52.9305, Acceptance: 70.15%, Time: 0.04 s
Iteration 3250/5000: Ground Truth: -53.8661, Best: -53.2456, Current: -50.8000, Acceptance: 70.18%, Time: 0.04 s
Iteration 3260/5000: Ground Truth: -53.8661, Best: -53.2456, Current: -48.8991, Acceptance: 70.18%, Time: 0.07 s
Iteration 3270/5000: Ground Truth: -53.8661, Best: -53.2456, Current: -51.5109, Acceptance: 70.18%, Time: 0.04 s
Iteration 3280/5000: Ground Truth: -53.8661, Best: -53.2456, Current: -51.4512, Acceptance: 70.18%, Time: 0.04 s
Iteration 3290/5000: Ground Truth: -53.8661, Best: -53.2456, Current: -51.7386, Acceptance: 70.21%, Time: 0.04 s
Iteration 3300/5000: Ground Truth: -53.8661, Best: -53.2456, Current: -52.5248, Acceptance: 70.21%, Time: 0.04 s
Iteration 3310/5000: Ground Truth: -53.8661, Best: -53.2456, Current: -50.3527, Acceptance: 70.21%, Time: 0.07 s
Iteration 3320/5000: Ground Truth: -53.8661, Best: -53.2456, Current: -53.1958, Acceptance: 70.18%, Time: 0.04 s
Iteration 3330/5000: Ground Truth: -53.8661, Best: -53.2456, Current: -51.3787, Acceptance: 70.18%, Time: 0.07 s
Iteration 3340/5000: Ground Truth: -53.8661, Best: -53.2456, Current: -52.9149, Acceptance: 70.06%, Time: 0.04 s
Iteration 3350/5000: Ground Truth: -53.8661, Best: -53.2456, Current: -52.2632, Acceptance: 70.09%, Time: 0.04 s
Iteration 3360/5000: Ground Truth: -53.8661, Best: -53.2456, Current: -51.0041, Acceptance: 70.12%, Time: 0.07 s
Iteration 3370/5000: Ground Truth: -53.8661, Best: -53.2456, Current: -50.3003, Acceptance: 70.18%, Time: 0.07 s
Iteration 3380/5000: Ground Truth: -53.8661, Best: -53.2456, Current: -52.2105, Acceptance: 70.24%, Time: 0.04 s
Iteration 3390/5000: Ground Truth: -53.8661, Best: -53.2456, Current: -51.5087, Acceptance: 70.27%, Time: 0.04 s
Iteration 3400/5000: Ground Truth: -53.8661, Best: -53.2456, Current: -52.4091, Acceptance: 70.24%, Time: 0.04 s
Iteration 3410/5000: Ground Truth: -53.8661, Best: -53.2456, Current: -52.4216, Acceptance: 70.23%, Time: 0.04 s
Iteration 3420/5000: Ground Truth: -53.8661, Best: -53.2456, Current: -51.2813, Acceptance: 70.18%, Time: 0.07 s
Iteration 3430/5000: Ground Truth: -53.8661, Best: -53.2456, Current: -52.4573, Acceptance: 70.23%, Time: 0.04 s
Iteration 3440/5000: Ground Truth: -53.8661, Best: -53.2456, Current: -50.3206, Acceptance: 70.26%, Time: 0.05 s
Iteration 3450/5000: Ground Truth: -53.8661, Best: -53.2456, Current: -51.5035, Acceptance: 70.29%, Time: 0.04 s
Iteration 3460/5000: Ground Truth: -53.8661, Best: -53.2456, Current: -51.3528, Acceptance: 70.29%, Time: 0.07 s
Iteration 3470/5000: Ground Truth: -53.8661, Best: -53.2456, Current: -51.6236, Acceptance: 70.20%, Time: 0.07 s
Iteration 3480/5000: Ground Truth: -53.8661, Best: -53.2456, Current: -52.1124, Acceptance: 70.20%, Time: 0.04 s
Iteration 3490/5000: Ground Truth: -53.8661, Best: -53.2456, Current: -51.7207, Acceptance: 70.17%, Time: 0.07 s
Iteration 3500/5000: Ground Truth: -53.8661, Best: -53.2456, Current: -50.5224, Acceptance: 70.20%, Time: 0.07 s
Iteration 3510/5000: Ground Truth: -53.8661, Best: -53.2456, Current: -50.6833, Acceptance: 70.20%, Time: 0.07 s
Iteration 3520/5000: Ground Truth: -53.8661, Best: -53.2456, Current: -51.8798, Acceptance: 70.14%, Time: 0.07 s
Iteration 3530/5000: Ground Truth: -53.8661, Best: -53.2456, Current: -51.8165, Acceptance: 70.17%, Time: 0.04 s
Iteration 3540/5000: Ground Truth: -53.8661, Best: -53.2456, Current: -52.2751, Acceptance: 70.20%, Time: 0.04 s
Iteration 3550/5000: Ground Truth: -53.8661, Best: -53.2456, Current: -49.5181, Acceptance: 70.23%, Time: 0.07 s
Iteration 3560/5000: Ground Truth: -53.8661, Best: -53.2456, Current: -51.2112, Acceptance: 70.20%, Time: 0.07 s
Iteration 3570/5000: Ground Truth: -53.8661, Best: -53.2456, Current: -50.8698, Acceptance: 70.22%, Time: 0.07 s
Iteration 3580/5000: Ground Truth: -53.8661, Best: -53.2456, Current: -50.2545, Acceptance: 70.31%, Time: 0.08 s
Iteration 3590/5000: Ground Truth: -53.8661, Best: -53.2456, Current: -50.6071, Acceptance: 70.33%, Time: 0.07 s
Iteration 3600/5000: Ground Truth: -53.8661, Best: -53.2456, Current: -51.3884, Acceptance: 70.31%, Time: 0.07 s
Iteration 3610/5000: Ground Truth: -53.8661, Best: -53.2456, Current: -52.6624, Acceptance: 70.25%, Time: 0.04 s
Iteration 3620/5000: Ground Truth: -53.8661, Best: -53.2456, Current: -52.8496, Acceptance: 70.22%, Time: 0.04 s
Iteration 3630/5000: Ground Truth: -53.8661, Best: -53.2456, Current: -49.3964, Acceptance: 70.30%, Time: 0.04 s
Iteration 3640/5000: Ground Truth: -53.8661, Best: -53.2456, Current: -51.3400, Acceptance: 70.36%, Time: 0.04 s
Iteration 3650/5000: Ground Truth: -53.8661, Best: -53.2456, Current: -50.0052, Acceptance: 70.38%, Time: 0.07 s
Iteration 3660/5000: Ground Truth: -53.8661, Best: -53.2456, Current: -52.2213, Acceptance: 70.38%, Time: 0.04 s
Iteration 3670/5000: Ground Truth: -53.8661, Best: -53.2456, Current: -52.7008, Acceptance: 70.35%, Time: 0.04 s
Iteration 3680/5000: Ground Truth: -53.8661, Best: -53.2456, Current: -52.3690, Acceptance: 70.33%, Time: 0.07 s
Iteration 3690/5000: Ground Truth: -53.8661, Best: -53.2456, Current: -50.6709, Acceptance: 70.38%, Time: 0.04 s
Iteration 3700/5000: Ground Truth: -53.8661, Best: -53.2456, Current: -50.7987, Acceptance: 70.38%, Time: 0.07 s
Iteration 3710/5000: Ground Truth: -53.8661, Best: -53.2456, Current: -52.2416, Acceptance: 70.40%, Time: 0.07 s
Iteration 3720/5000: Ground Truth: -53.8661, Best: -53.2456, Current: -50.4797, Acceptance: 70.43%, Time: 0.08 s
Iteration 3730/5000: Ground Truth: -53.8661, Best: -53.2456, Current: -52.0049, Acceptance: 70.40%, Time: 0.04 s
Iteration 3740/5000: Ground Truth: -53.8661, Best: -53.2456, Current: -51.4371, Acceptance: 70.43%, Time: 0.04 s
Iteration 3750/5000: Ground Truth: -53.8661, Best: -53.2456, Current: -51.8416, Acceptance: 70.45%, Time: 0.04 s
Iteration 3760/5000: Ground Truth: -53.8661, Best: -53.2456, Current: -51.3310, Acceptance: 70.48%, Time: 0.07 s
Iteration 3770/5000: Ground Truth: -53.8661, Best: -53.2456, Current: -52.5400, Acceptance: 70.50%, Time: 0.08 s
Iteration 3780/5000: Ground Truth: -53.8661, Best: -53.2456, Current: -50.3066, Acceptance: 70.53%, Time: 0.07 s
Iteration 3790/5000: Ground Truth: -53.8661, Best: -53.2456, Current: -52.6558, Acceptance: 70.53%, Time: 0.04 s
Iteration 3800/5000: Ground Truth: -53.8661, Best: -53.2456, Current: -52.5130, Acceptance: 70.53%, Time: 0.04 s
Iteration 3810/5000: Ground Truth: -53.8661, Best: -53.2456, Current: -52.0231, Acceptance: 70.55%, Time: 0.04 s
Iteration 3820/5000: Ground Truth: -53.8661, Best: -53.2456, Current: -52.5057, Acceptance: 70.47%, Time: 0.04 s
Iteration 3830/5000: Ground Truth: -53.8661, Best: -53.2456, Current: -49.9708, Acceptance: 70.47%, Time: 0.07 s
Iteration 3840/5000: Ground Truth: -53.8661, Best: -53.2456, Current: -50.2630, Acceptance: 70.47%, Time: 0.04 s
Iteration 3850/5000: Ground Truth: -53.8661, Best: -53.2456, Current: -51.6222, Acceptance: 70.49%, Time: 0.04 s
Iteration 3860/5000: Ground Truth: -53.8661, Best: -53.2456, Current: -51.4045, Acceptance: 70.47%, Time: 0.04 s
Iteration 3870/5000: Ground Truth: -53.8661, Best: -53.2456, Current: -50.0985, Acceptance: 70.44%, Time: 0.07 s
Iteration 3880/5000: Ground Truth: -53.8661, Best: -53.2456, Current: -50.4254, Acceptance: 70.46%, Time: 0.07 s
Iteration 3890/5000: Ground Truth: -53.8661, Best: -53.2456, Current: -52.2080, Acceptance: 70.41%, Time: 0.04 s
Iteration 3900/5000: Ground Truth: -53.8661, Best: -53.2456, Current: -51.4643, Acceptance: 70.44%, Time: 0.07 s
Iteration 3910/5000: Ground Truth: -53.8661, Best: -53.2456, Current: -52.5301, Acceptance: 70.36%, Time: 0.07 s
Iteration 3920/5000: Ground Truth: -53.8661, Best: -53.2456, Current: -51.8711, Acceptance: 70.36%, Time: 0.04 s
Iteration 3930/5000: Ground Truth: -53.8661, Best: -53.2456, Current: -51.5883, Acceptance: 70.43%, Time: 0.04 s
Iteration 3940/5000: Ground Truth: -53.8661, Best: -53.2456, Current: -51.9034, Acceptance: 70.51%, Time: 0.04 s
Iteration 3950/5000: Ground Truth: -53.8661, Best: -53.2456, Current: -51.8099, Acceptance: 70.56%, Time: 0.07 s
Iteration 3960/5000: Ground Truth: -53.8661, Best: -53.2456, Current: -52.1378, Acceptance: 70.53%, Time: 0.07 s
Iteration 3970/5000: Ground Truth: -53.8661, Best: -53.2456, Current: -49.6032, Acceptance: 70.53%, Time: 0.07 s
Iteration 3980/5000: Ground Truth: -53.8661, Best: -53.2456, Current: -50.1021, Acceptance: 70.53%, Time: 0.07 s
Iteration 3990/5000: Ground Truth: -53.8661, Best: -53.2456, Current: -52.1788, Acceptance: 70.50%, Time: 0.04 s
Iteration 4000/5000: Ground Truth: -53.8661, Best: -53.2456, Current: -52.1968, Acceptance: 70.53%, Time: 0.04 s
Iteration 4010/5000: Ground Truth: -53.8661, Best: -53.2456, Current: -50.3132, Acceptance: 70.47%, Time: 0.07 s
Iteration 4020/5000: Ground Truth: -53.8661, Best: -53.2456, Current: -51.0536, Acceptance: 70.45%, Time: 0.07 s
Iteration 4030/5000: Ground Truth: -53.8661, Best: -53.2456, Current: -51.2262, Acceptance: 70.47%, Time: 0.07 s
Iteration 4040/5000: Ground Truth: -53.8661, Best: -53.2456, Current: -51.1723, Acceptance: 70.42%, Time: 0.07 s
Iteration 4050/5000: Ground Truth: -53.8661, Best: -53.2456, Current: -51.6162, Acceptance: 70.42%, Time: 0.04 s
Iteration 4060/5000: Ground Truth: -53.8661, Best: -53.2456, Current: -50.8180, Acceptance: 70.44%, Time: 0.04 s
Iteration 4070/5000: Ground Truth: -53.8661, Best: -53.2456, Current: -49.5523, Acceptance: 70.47%, Time: 0.07 s
Iteration 4080/5000: Ground Truth: -53.8661, Best: -53.2456, Current: -51.9143, Acceptance: 70.47%, Time: 0.04 s
Iteration 4090/5000: Ground Truth: -53.8661, Best: -53.2456, Current: -50.4800, Acceptance: 70.46%, Time: 0.07 s
Iteration 4100/5000: Ground Truth: -53.8661, Best: -53.2456, Current: -52.8488, Acceptance: 70.44%, Time: 0.04 s
Iteration 4110/5000: Ground Truth: -53.8661, Best: -53.2456, Current: -50.5777, Acceptance: 70.41%, Time: 0.04 s
Iteration 4120/5000: Ground Truth: -53.8661, Best: -53.2456, Current: -50.0538, Acceptance: 70.44%, Time: 0.07 s
Iteration 4130/5000: Ground Truth: -53.8661, Best: -53.2456, Current: -52.7319, Acceptance: 70.44%, Time: 0.04 s
Iteration 4140/5000: Ground Truth: -53.8661, Best: -53.2456, Current: -50.7684, Acceptance: 70.48%, Time: 0.04 s
Iteration 4150/5000: Ground Truth: -53.8661, Best: -53.2456, Current: -51.4525, Acceptance: 70.48%, Time: 0.07 s
Iteration 4160/5000: Ground Truth: -53.8661, Best: -53.2456, Current: -51.8972, Acceptance: 70.48%, Time: 0.08 s
Iteration 4170/5000: Ground Truth: -53.8661, Best: -53.2456, Current: -52.5331, Acceptance: 70.48%, Time: 0.04 s
Iteration 4180/5000: Ground Truth: -53.8661, Best: -53.2456, Current: -53.0302, Acceptance: 70.45%, Time: 0.04 s
Iteration 4190/5000: Ground Truth: -53.8661, Best: -53.2456, Current: -51.5676, Acceptance: 70.50%, Time: 0.04 s
Iteration 4200/5000: Ground Truth: -53.8661, Best: -53.2456, Current: -51.4824, Acceptance: 70.55%, Time: 0.07 s
Iteration 4210/5000: Ground Truth: -53.8661, Best: -53.2456, Current: -52.1391, Acceptance: 70.55%, Time: 0.04 s
Iteration 4220/5000: Ground Truth: -53.8661, Best: -53.2456, Current: -52.3103, Acceptance: 70.50%, Time: 0.04 s
Iteration 4230/5000: Ground Truth: -53.8661, Best: -53.2456, Current: -51.9701, Acceptance: 70.54%, Time: 0.04 s
Iteration 4240/5000: Ground Truth: -53.8661, Best: -53.2456, Current: -50.5982, Acceptance: 70.59%, Time: 0.04 s
Iteration 4250/5000: Ground Truth: -53.8661, Best: -53.2456, Current: -51.6118, Acceptance: 70.61%, Time: 0.07 s
Iteration 4260/5000: Ground Truth: -53.8661, Best: -53.2456, Current: -51.4556, Acceptance: 70.59%, Time: 0.07 s
Iteration 4270/5000: Ground Truth: -53.8661, Best: -53.2456, Current: -51.7031, Acceptance: 70.54%, Time: 0.04 s
Iteration 4280/5000: Ground Truth: -53.8661, Best: -53.2456, Current: -51.8764, Acceptance: 70.56%, Time: 0.07 s
Iteration 4290/5000: Ground Truth: -53.8661, Best: -53.2456, Current: -50.4327, Acceptance: 70.56%, Time: 0.07 s
Iteration 4300/5000: Ground Truth: -53.8661, Best: -53.2456, Current: -51.7635, Acceptance: 70.58%, Time: 0.07 s
Iteration 4310/5000: Ground Truth: -53.8661, Best: -53.2456, Current: -50.4931, Acceptance: 70.58%, Time: 0.04 s
Iteration 4320/5000: Ground Truth: -53.8661, Best: -53.2456, Current: -50.4583, Acceptance: 70.60%, Time: 0.07 s
Iteration 4330/5000: Ground Truth: -53.8661, Best: -53.2456, Current: -52.3718, Acceptance: 70.58%, Time: 0.07 s
Iteration 4340/5000: Ground Truth: -53.8661, Best: -53.2456, Current: -52.5845, Acceptance: 70.55%, Time: 0.04 s
Iteration 4350/5000: Ground Truth: -53.8661, Best: -53.2456, Current: -50.5291, Acceptance: 70.60%, Time: 0.04 s
Iteration 4360/5000: Ground Truth: -53.8661, Best: -53.2456, Current: -51.8418, Acceptance: 70.64%, Time: 0.04 s
Iteration 4370/5000: Ground Truth: -53.8661, Best: -53.2456, Current: -51.9582, Acceptance: 70.66%, Time: 0.06 s
Iteration 4380/5000: Ground Truth: -53.8661, Best: -53.2456, Current: -51.1672, Acceptance: 70.66%, Time: 0.07 s
Iteration 4390/5000: Ground Truth: -53.8661, Best: -53.2456, Current: -52.7987, Acceptance: 70.62%, Time: 0.04 s
Iteration 4400/5000: Ground Truth: -53.8661, Best: -53.2456, Current: -50.0849, Acceptance: 70.64%, Time: 0.07 s
Iteration 4410/5000: Ground Truth: -53.8661, Best: -53.2456, Current: -51.8052, Acceptance: 70.59%, Time: 0.04 s
Iteration 4420/5000: Ground Truth: -53.8661, Best: -53.2456, Current: -52.5277, Acceptance: 70.54%, Time: 0.07 s
Iteration 4430/5000: Ground Truth: -53.8661, Best: -53.2456, Current: -51.1414, Acceptance: 70.56%, Time: 0.04 s
Iteration 4440/5000: Ground Truth: -53.8661, Best: -53.2456, Current: -51.6651, Acceptance: 70.54%, Time: 0.07 s
Iteration 4450/5000: Ground Truth: -53.8661, Best: -53.2456, Current: -51.4618, Acceptance: 70.54%, Time: 0.04 s
Iteration 4460/5000: Ground Truth: -53.8661, Best: -53.2456, Current: -52.0594, Acceptance: 70.56%, Time: 0.04 s
Iteration 4470/5000: Ground Truth: -53.8661, Best: -53.2456, Current: -51.6337, Acceptance: 70.54%, Time: 0.07 s
Iteration 4480/5000: Ground Truth: -53.8661, Best: -53.2456, Current: -52.4102, Acceptance: 70.54%, Time: 0.04 s
Iteration 4490/5000: Ground Truth: -53.8661, Best: -53.2456, Current: -51.7568, Acceptance: 70.51%, Time: 0.07 s
Iteration 4500/5000: Ground Truth: -53.8661, Best: -53.2456, Current: -50.6422, Acceptance: 70.56%, Time: 0.04 s
Iteration 4510/5000: Ground Truth: -53.8661, Best: -53.2456, Current: -51.8116, Acceptance: 70.58%, Time: 0.04 s
Iteration 4520/5000: Ground Truth: -53.8661, Best: -53.2456, Current: -51.1708, Acceptance: 70.60%, Time: 0.07 s
Iteration 4530/5000: Ground Truth: -53.8661, Best: -53.2456, Current: -52.2123, Acceptance: 70.60%, Time: 0.04 s
Iteration 4540/5000: Ground Truth: -53.8661, Best: -53.2456, Current: -51.4352, Acceptance: 70.62%, Time: 0.04 s
Iteration 4550/5000: Ground Truth: -53.8661, Best: -53.2456, Current: -52.2360, Acceptance: 70.62%, Time: 0.04 s
Iteration 4560/5000: Ground Truth: -53.8661, Best: -53.2456, Current: -52.5057, Acceptance: 70.59%, Time: 0.04 s
Iteration 4570/5000: Ground Truth: -53.8661, Best: -53.2456, Current: -51.2394, Acceptance: 70.61%, Time: 0.05 s
Iteration 4580/5000: Ground Truth: -53.8661, Best: -53.2456, Current: -52.6767, Acceptance: 70.59%, Time: 0.04 s
Iteration 4590/5000: Ground Truth: -53.8661, Best: -53.2456, Current: -52.4044, Acceptance: 70.54%, Time: 0.04 s
Iteration 4600/5000: Ground Truth: -53.8661, Best: -53.2456, Current: -51.8932, Acceptance: 70.57%, Time: 0.04 s
Iteration 4610/5000: Ground Truth: -53.8661, Best: -53.2456, Current: -52.1082, Acceptance: 70.54%, Time: 0.04 s
Iteration 4620/5000: Ground Truth: -53.8661, Best: -53.2456, Current: -52.4686, Acceptance: 70.50%, Time: 0.04 s
Iteration 4630/5000: Ground Truth: -53.8661, Best: -53.2456, Current: -51.5608, Acceptance: 70.48%, Time: 0.04 s
Iteration 4640/5000: Ground Truth: -53.8661, Best: -53.2456, Current: -51.6575, Acceptance: 70.47%, Time: 0.04 s
Iteration 4650/5000: Ground Truth: -53.8661, Best: -53.2456, Current: -49.5459, Acceptance: 70.49%, Time: 0.07 s
Iteration 4660/5000: Ground Truth: -53.8661, Best: -53.2456, Current: -52.4065, Acceptance: 70.47%, Time: 0.04 s
Iteration 4670/5000: Ground Truth: -53.8661, Best: -53.2456, Current: -51.4566, Acceptance: 70.47%, Time: 0.07 s
Iteration 4680/5000: Ground Truth: -53.8661, Best: -53.2456, Current: -52.2792, Acceptance: 70.47%, Time: 0.04 s
Iteration 4690/5000: Ground Truth: -53.8661, Best: -53.2456, Current: -51.0757, Acceptance: 70.49%, Time: 0.07 s
Iteration 4700/5000: Ground Truth: -53.8661, Best: -53.2456, Current: -51.4662, Acceptance: 70.49%, Time: 0.04 s
Iteration 4710/5000: Ground Truth: -53.8661, Best: -53.2456, Current: -51.3783, Acceptance: 70.47%, Time: 0.07 s
Iteration 4720/5000: Ground Truth: -53.8661, Best: -53.2456, Current: -51.4166, Acceptance: 70.49%, Time: 0.04 s
Iteration 4730/5000: Ground Truth: -53.8661, Best: -53.2456, Current: -51.5678, Acceptance: 70.49%, Time: 0.04 s
Iteration 4740/5000: Ground Truth: -53.8661, Best: -53.2456, Current: -52.3496, Acceptance: 70.49%, Time: 0.06 s
Iteration 4750/5000: Ground Truth: -53.8661, Best: -53.2456, Current: -52.5186, Acceptance: 70.46%, Time: 0.04 s
Iteration 4760/5000: Ground Truth: -53.8661, Best: -53.2456, Current: -51.9849, Acceptance: 70.44%, Time: 0.04 s
Iteration 4770/5000: Ground Truth: -53.8661, Best: -53.2456, Current: -51.6272, Acceptance: 70.42%, Time: 0.04 s
Iteration 4780/5000: Ground Truth: -53.8661, Best: -53.2456, Current: -50.8564, Acceptance: 70.40%, Time: 0.04 s
Iteration 4790/5000: Ground Truth: -53.8661, Best: -53.2456, Current: -52.4197, Acceptance: 70.38%, Time: 0.04 s
Iteration 4800/5000: Ground Truth: -53.8661, Best: -53.2456, Current: -51.2383, Acceptance: 70.40%, Time: 0.04 s
Iteration 4810/5000: Ground Truth: -53.8661, Best: -53.2456, Current: -49.2564, Acceptance: 70.44%, Time: 0.07 s
Iteration 4820/5000: Ground Truth: -53.8661, Best: -53.2456, Current: -52.9916, Acceptance: 70.39%, Time: 0.04 s
Iteration 4830/5000: Ground Truth: -53.8661, Best: -53.2456, Current: -50.9238, Acceptance: 70.41%, Time: 0.04 s
Iteration 4840/5000: Ground Truth: -53.8661, Best: -53.2456, Current: -51.3156, Acceptance: 70.43%, Time: 0.05 s
Iteration 4850/5000: Ground Truth: -53.8661, Best: -53.2456, Current: -52.0196, Acceptance: 70.41%, Time: 0.04 s
Iteration 4860/5000: Ground Truth: -53.8661, Best: -53.2456, Current: -50.9171, Acceptance: 70.45%, Time: 0.04 s
Iteration 4870/5000: Ground Truth: -53.8661, Best: -53.2456, Current: -52.5401, Acceptance: 70.39%, Time: 0.04 s
Iteration 4880/5000: Ground Truth: -53.8661, Best: -53.2456, Current: -50.3509, Acceptance: 70.43%, Time: 0.07 s
Iteration 4890/5000: Ground Truth: -53.8661, Best: -53.2456, Current: -49.7053, Acceptance: 70.45%, Time: 0.07 s
Iteration 4900/5000: Ground Truth: -53.8661, Best: -53.2456, Current: -52.0398, Acceptance: 70.43%, Time: 0.07 s
Iteration 4910/5000: Ground Truth: -53.8661, Best: -53.2456, Current: -51.7453, Acceptance: 70.43%, Time: 0.04 s
Iteration 4920/5000: Ground Truth: -53.8661, Best: -53.2456, Current: -51.7098, Acceptance: 70.45%, Time: 0.04 s
Iteration 4930/5000: Ground Truth: -53.8661, Best: -53.2456, Current: -52.8895, Acceptance: 70.37%, Time: 0.04 s
Iteration 4940/5000: Ground Truth: -53.8661, Best: -53.2456, Current: -51.8415, Acceptance: 70.32%, Time: 0.06 s
Iteration 4950/5000: Ground Truth: -53.8661, Best: -53.2456, Current: -49.9214, Acceptance: 70.38%, Time: 0.07 s
Iteration 4960/5000: Ground Truth: -53.8661, Best: -53.2456, Current: -51.4668, Acceptance: 70.36%, Time: 0.07 s
Iteration 4970/5000: Ground Truth: -53.8661, Best: -53.2456, Current: -51.0396, Acceptance: 70.34%, Time: 0.04 s
Iteration 4980/5000: Ground Truth: -53.8661, Best: -53.2456, Current: -51.5479, Acceptance: 70.32%, Time: 0.07 s
Iteration 4990/5000: Ground Truth: -53.8661, Best: -53.2456, Current: -53.0814, Acceptance: 70.28%, Time: 0.04 s
Iteration 5000/5000: Ground Truth: -53.8661, Best: -53.2456, Current: -51.0389, Acceptance: 70.32%, Time: 0.07 s
No match for mp-571363: RMSD = 2.550, ΔE = 0.621 eV
mp-571363 match: False
Initial energy: -203.26837158203125
  *** New best: -254.2274 eV
Iteration 10/5000: Ground Truth: -287.6263, Best: -254.2274, Current: -252.1335, Acceptance: 60.00%, Time: 0.07 s
  *** New best: -274.0552 eV
Iteration 20/5000: Ground Truth: -287.6263, Best: -274.0552, Current: -272.8289, Acceptance: 70.00%, Time: 0.08 s
  *** New best: -284.0994 eV
Iteration 30/5000: Ground Truth: -287.6263, Best: -284.0994, Current: -281.4773, Acceptance: 66.67%, Time: 0.09 s
  *** New best: -287.6017 eV
Iteration 40/5000: Ground Truth: -287.6263, Best: -287.6017, Current: -286.6160, Acceptance: 62.50%, Time: 0.05 s
  *** New best: -287.6093 eV
Iteration 50/5000: Ground Truth: -287.6263, Best: -287.6093, Current: -280.6627, Acceptance: 70.00%, Time: 0.10 s
  *** New best: -287.6163 eV
Iteration 60/5000: Ground Truth: -287.6263, Best: -287.6163, Current: -285.6495, Acceptance: 65.00%, Time: 0.09 s
  *** New best: -287.6175 eV
Iteration 70/5000: Ground Truth: -287.6263, Best: -287.6175, Current: -284.8336, Acceptance: 61.43%, Time: 0.05 s
Iteration 80/5000: Ground Truth: -287.6263, Best: -287.6175, Current: -284.0696, Acceptance: 61.25%, Time: 0.09 s
Iteration 90/5000: Ground Truth: -287.6263, Best: -287.6175, Current: -285.4155, Acceptance: 61.11%, Time: 0.05 s
Iteration 100/5000: Ground Truth: -287.6263, Best: -287.6175, Current: -283.9547, Acceptance: 62.00%, Time: 0.09 s
Iteration 110/5000: Ground Truth: -287.6263, Best: -287.6175, Current: -282.6783, Acceptance: 61.82%, Time: 0.09 s
Iteration 120/5000: Ground Truth: -287.6263, Best: -287.6175, Current: -284.8186, Acceptance: 60.83%, Time: 0.09 s
  *** New best: -287.6226 eV
Iteration 130/5000: Ground Truth: -287.6263, Best: -287.6226, Current: -284.7402, Acceptance: 60.77%, Time: 0.08 s
Iteration 140/5000: Ground Truth: -287.6263, Best: -287.6226, Current: -287.3188, Acceptance: 58.57%, Time: 0.05 s
Iteration 150/5000: Ground Truth: -287.6263, Best: -287.6226, Current: -284.0769, Acceptance: 58.67%, Time: 0.09 s
Iteration 160/5000: Ground Truth: -287.6263, Best: -287.6226, Current: -287.5523, Acceptance: 56.25%, Time: 0.08 s
Iteration 170/5000: Ground Truth: -287.6263, Best: -287.6226, Current: -286.9855, Acceptance: 55.29%, Time: 0.05 s
Iteration 180/5000: Ground Truth: -287.6263, Best: -287.6226, Current: -285.4951, Acceptance: 54.44%, Time: 0.05 s
Iteration 190/5000: Ground Truth: -287.6263, Best: -287.6226, Current: -286.1320, Acceptance: 55.26%, Time: 0.05 s
Iteration 200/5000: Ground Truth: -287.6263, Best: -287.6226, Current: -285.5259, Acceptance: 55.00%, Time: 0.08 s
Iteration 210/5000: Ground Truth: -287.6263, Best: -287.6226, Current: -286.4677, Acceptance: 54.29%, Time: 0.08 s
Iteration 220/5000: Ground Truth: -287.6263, Best: -287.6226, Current: -285.9554, Acceptance: 55.45%, Time: 0.05 s
Iteration 230/5000: Ground Truth: -287.6263, Best: -287.6226, Current: -286.2756, Acceptance: 55.22%, Time: 0.08 s
Iteration 240/5000: Ground Truth: -287.6263, Best: -287.6226, Current: -285.3846, Acceptance: 55.00%, Time: 0.09 s
Iteration 250/5000: Ground Truth: -287.6263, Best: -287.6226, Current: -284.0435, Acceptance: 55.20%, Time: 0.05 s
Iteration 260/5000: Ground Truth: -287.6263, Best: -287.6226, Current: -285.5792, Acceptance: 55.00%, Time: 0.09 s
Iteration 270/5000: Ground Truth: -287.6263, Best: -287.6226, Current: -285.6489, Acceptance: 54.81%, Time: 0.09 s
Iteration 280/5000: Ground Truth: -287.6263, Best: -287.6226, Current: -287.0117, Acceptance: 54.29%, Time: 0.05 s
Iteration 290/5000: Ground Truth: -287.6263, Best: -287.6226, Current: -286.3916, Acceptance: 54.14%, Time: 0.05 s
Iteration 300/5000: Ground Truth: -287.6263, Best: -287.6226, Current: -285.6045, Acceptance: 53.67%, Time: 0.09 s
Iteration 310/5000: Ground Truth: -287.6263, Best: -287.6226, Current: -285.6857, Acceptance: 53.55%, Time: 0.09 s
Iteration 320/5000: Ground Truth: -287.6263, Best: -287.6226, Current: -285.9657, Acceptance: 53.75%, Time: 0.09 s
Iteration 330/5000: Ground Truth: -287.6263, Best: -287.6226, Current: -285.3579, Acceptance: 53.64%, Time: 0.09 s
Iteration 340/5000: Ground Truth: -287.6263, Best: -287.6226, Current: -284.7605, Acceptance: 54.12%, Time: 0.09 s
Iteration 350/5000: Ground Truth: -287.6263, Best: -287.6226, Current: -287.1010, Acceptance: 53.71%, Time: 0.09 s
Iteration 360/5000: Ground Truth: -287.6263, Best: -287.6226, Current: -284.9004, Acceptance: 53.61%, Time: 0.09 s
Iteration 370/5000: Ground Truth: -287.6263, Best: -287.6226, Current: -285.2604, Acceptance: 53.51%, Time: 0.09 s
Iteration 380/5000: Ground Truth: -287.6263, Best: -287.6226, Current: -286.8313, Acceptance: 53.42%, Time: 0.05 s
  *** New best: -287.6249 eV
Iteration 390/5000: Ground Truth: -287.6263, Best: -287.6249, Current: -285.5084, Acceptance: 53.59%, Time: 0.09 s
Iteration 400/5000: Ground Truth: -287.6263, Best: -287.6249, Current: -286.3839, Acceptance: 53.50%, Time: 0.09 s
Iteration 410/5000: Ground Truth: -287.6263, Best: -287.6249, Current: -287.0016, Acceptance: 52.93%, Time: 0.09 s
Iteration 420/5000: Ground Truth: -287.6263, Best: -287.6249, Current: -285.7771, Acceptance: 52.62%, Time: 0.10 s
Iteration 430/5000: Ground Truth: -287.6263, Best: -287.6249, Current: -286.0756, Acceptance: 52.56%, Time: 0.09 s
Iteration 440/5000: Ground Truth: -287.6263, Best: -287.6249, Current: -286.0776, Acceptance: 52.95%, Time: 0.05 s
Iteration 450/5000: Ground Truth: -287.6263, Best: -287.6249, Current: -283.0179, Acceptance: 53.78%, Time: 0.09 s
Iteration 460/5000: Ground Truth: -287.6263, Best: -287.6249, Current: -284.7242, Acceptance: 53.91%, Time: 0.05 s
Iteration 470/5000: Ground Truth: -287.6263, Best: -287.6249, Current: -284.1197, Acceptance: 53.83%, Time: 0.09 s
Iteration 480/5000: Ground Truth: -287.6263, Best: -287.6249, Current: -285.8529, Acceptance: 53.75%, Time: 0.09 s
Iteration 490/5000: Ground Truth: -287.6263, Best: -287.6249, Current: -285.2255, Acceptance: 53.67%, Time: 0.05 s
Iteration 500/5000: Ground Truth: -287.6263, Best: -287.6249, Current: -282.7050, Acceptance: 53.60%, Time: 0.09 s
Iteration 510/5000: Ground Truth: -287.6263, Best: -287.6249, Current: -284.7658, Acceptance: 53.53%, Time: 0.09 s
Iteration 520/5000: Ground Truth: -287.6263, Best: -287.6249, Current: -285.5893, Acceptance: 53.46%, Time: 0.09 s
Iteration 530/5000: Ground Truth: -287.6263, Best: -287.6249, Current: -284.0746, Acceptance: 53.40%, Time: 0.09 s
Iteration 540/5000: Ground Truth: -287.6263, Best: -287.6249, Current: -284.1344, Acceptance: 53.52%, Time: 0.09 s
Iteration 550/5000: Ground Truth: -287.6263, Best: -287.6249, Current: -284.1752, Acceptance: 53.82%, Time: 0.09 s
Iteration 560/5000: Ground Truth: -287.6263, Best: -287.6249, Current: -286.4075, Acceptance: 53.57%, Time: 0.09 s
Iteration 570/5000: Ground Truth: -287.6263, Best: -287.6249, Current: -283.3419, Acceptance: 53.68%, Time: 0.05 s
Iteration 580/5000: Ground Truth: -287.6263, Best: -287.6249, Current: -284.5492, Acceptance: 54.14%, Time: 0.09 s
Iteration 590/5000: Ground Truth: -287.6263, Best: -287.6249, Current: -285.4177, Acceptance: 54.07%, Time: 0.09 s
Iteration 600/5000: Ground Truth: -287.6263, Best: -287.6249, Current: -286.9385, Acceptance: 53.67%, Time: 0.09 s
Iteration 610/5000: Ground Truth: -287.6263, Best: -287.6249, Current: -285.4176, Acceptance: 53.77%, Time: 0.09 s
Iteration 620/5000: Ground Truth: -287.6263, Best: -287.6249, Current: -284.5950, Acceptance: 53.87%, Time: 0.08 s
Iteration 630/5000: Ground Truth: -287.6263, Best: -287.6249, Current: -284.2802, Acceptance: 54.29%, Time: 0.05 s
Iteration 640/5000: Ground Truth: -287.6263, Best: -287.6249, Current: -285.9776, Acceptance: 54.22%, Time: 0.09 s
Iteration 650/5000: Ground Truth: -287.6263, Best: -287.6249, Current: -286.7448, Acceptance: 54.15%, Time: 0.05 s
Iteration 660/5000: Ground Truth: -287.6263, Best: -287.6249, Current: -287.0529, Acceptance: 53.79%, Time: 0.09 s
Iteration 670/5000: Ground Truth: -287.6263, Best: -287.6249, Current: -285.4567, Acceptance: 53.88%, Time: 0.09 s
Iteration 680/5000: Ground Truth: -287.6263, Best: -287.6249, Current: -287.4136, Acceptance: 53.38%, Time: 0.05 s
Iteration 690/5000: Ground Truth: -287.6263, Best: -287.6249, Current: -283.9970, Acceptance: 53.33%, Time: 0.09 s
Iteration 700/5000: Ground Truth: -287.6263, Best: -287.6249, Current: -284.9364, Acceptance: 53.57%, Time: 0.09 s
Iteration 710/5000: Ground Truth: -287.6263, Best: -287.6249, Current: -286.6003, Acceptance: 53.38%, Time: 0.09 s
Iteration 720/5000: Ground Truth: -287.6263, Best: -287.6249, Current: -285.8734, Acceptance: 53.33%, Time: 0.09 s
Iteration 730/5000: Ground Truth: -287.6263, Best: -287.6249, Current: -283.9139, Acceptance: 53.70%, Time: 0.09 s
Iteration 740/5000: Ground Truth: -287.6263, Best: -287.6249, Current: -287.2295, Acceptance: 53.65%, Time: 0.05 s
Iteration 750/5000: Ground Truth: -287.6263, Best: -287.6249, Current: -283.3247, Acceptance: 54.00%, Time: 0.09 s
Iteration 760/5000: Ground Truth: -287.6263, Best: -287.6249, Current: -287.1669, Acceptance: 53.82%, Time: 0.05 s
Iteration 770/5000: Ground Truth: -287.6263, Best: -287.6249, Current: -286.8507, Acceptance: 53.51%, Time: 0.05 s
Iteration 780/5000: Ground Truth: -287.6263, Best: -287.6249, Current: -284.2017, Acceptance: 53.59%, Time: 0.05 s
Iteration 790/5000: Ground Truth: -287.6263, Best: -287.6249, Current: -286.5207, Acceptance: 53.54%, Time: 0.05 s
Iteration 800/5000: Ground Truth: -287.6263, Best: -287.6249, Current: -287.1744, Acceptance: 53.25%, Time: 0.09 s
Iteration 810/5000: Ground Truth: -287.6263, Best: -287.6249, Current: -286.3795, Acceptance: 53.33%, Time: 0.05 s
Iteration 820/5000: Ground Truth: -287.6263, Best: -287.6249, Current: -286.7264, Acceptance: 53.29%, Time: 0.05 s
Iteration 830/5000: Ground Truth: -287.6263, Best: -287.6249, Current: -285.8293, Acceptance: 53.49%, Time: 0.09 s
Iteration 840/5000: Ground Truth: -287.6263, Best: -287.6249, Current: -284.1943, Acceptance: 53.45%, Time: 0.09 s
Iteration 850/5000: Ground Truth: -287.6263, Best: -287.6249, Current: -283.7764, Acceptance: 53.53%, Time: 0.05 s
Iteration 860/5000: Ground Truth: -287.6263, Best: -287.6249, Current: -286.8818, Acceptance: 53.26%, Time: 0.05 s
Iteration 870/5000: Ground Truth: -287.6263, Best: -287.6249, Current: -285.9178, Acceptance: 53.22%, Time: 0.09 s
Iteration 880/5000: Ground Truth: -287.6263, Best: -287.6249, Current: -284.9962, Acceptance: 53.30%, Time: 0.05 s
Iteration 890/5000: Ground Truth: -287.6263, Best: -287.6249, Current: -287.0623, Acceptance: 53.15%, Time: 0.08 s
Iteration 900/5000: Ground Truth: -287.6263, Best: -287.6249, Current: -286.7549, Acceptance: 52.89%, Time: 0.09 s
Iteration 910/5000: Ground Truth: -287.6263, Best: -287.6249, Current: -284.7872, Acceptance: 53.08%, Time: 0.09 s
Iteration 920/5000: Ground Truth: -287.6263, Best: -287.6249, Current: -284.6987, Acceptance: 53.26%, Time: 0.09 s
Iteration 930/5000: Ground Truth: -287.6263, Best: -287.6249, Current: -284.9006, Acceptance: 53.44%, Time: 0.09 s
Iteration 940/5000: Ground Truth: -287.6263, Best: -287.6249, Current: -286.4621, Acceptance: 53.62%, Time: 0.09 s
Iteration 950/5000: Ground Truth: -287.6263, Best: -287.6249, Current: -283.3778, Acceptance: 53.79%, Time: 0.09 s
Iteration 960/5000: Ground Truth: -287.6263, Best: -287.6249, Current: -284.5781, Acceptance: 53.96%, Time: 0.09 s
Iteration 970/5000: Ground Truth: -287.6263, Best: -287.6249, Current: -287.5728, Acceptance: 53.61%, Time: 0.09 s
Iteration 980/5000: Ground Truth: -287.6263, Best: -287.6249, Current: -285.4782, Acceptance: 53.57%, Time: 0.05 s
Iteration 990/5000: Ground Truth: -287.6263, Best: -287.6249, Current: -284.1132, Acceptance: 53.43%, Time: 0.09 s
Iteration 1000/5000: Ground Truth: -287.6263, Best: -287.6249, Current: -284.2645, Acceptance: 53.50%, Time: 0.08 s
Iteration 1010/5000: Ground Truth: -287.6263, Best: -287.6249, Current: -286.1088, Acceptance: 53.27%, Time: 0.09 s
Iteration 1020/5000: Ground Truth: -287.6263, Best: -287.6249, Current: -285.8453, Acceptance: 53.24%, Time: 0.09 s
Iteration 1030/5000: Ground Truth: -287.6263, Best: -287.6249, Current: -285.6633, Acceptance: 53.20%, Time: 0.09 s
Iteration 1040/5000: Ground Truth: -287.6263, Best: -287.6249, Current: -283.7451, Acceptance: 53.17%, Time: 0.08 s
Iteration 1050/5000: Ground Truth: -287.6263, Best: -287.6249, Current: -284.8104, Acceptance: 53.24%, Time: 0.09 s
Iteration 1060/5000: Ground Truth: -287.6263, Best: -287.6249, Current: -286.8043, Acceptance: 53.21%, Time: 0.09 s
Iteration 1070/5000: Ground Truth: -287.6263, Best: -287.6249, Current: -286.1347, Acceptance: 53.27%, Time: 0.09 s
Iteration 1080/5000: Ground Truth: -287.6263, Best: -287.6249, Current: -285.4863, Acceptance: 53.15%, Time: 0.05 s
Iteration 1090/5000: Ground Truth: -287.6263, Best: -287.6249, Current: -283.9113, Acceptance: 53.03%, Time: 0.05 s
Iteration 1100/5000: Ground Truth: -287.6263, Best: -287.6249, Current: -284.3483, Acceptance: 53.09%, Time: 0.09 s
Iteration 1110/5000: Ground Truth: -287.6263, Best: -287.6249, Current: -280.2552, Acceptance: 53.15%, Time: 0.09 s
Iteration 1120/5000: Ground Truth: -287.6263, Best: -287.6249, Current: -284.1972, Acceptance: 53.30%, Time: 0.08 s
Iteration 1130/5000: Ground Truth: -287.6263, Best: -287.6249, Current: -286.6897, Acceptance: 53.10%, Time: 0.08 s
Iteration 1140/5000: Ground Truth: -287.6263, Best: -287.6249, Current: -284.1690, Acceptance: 53.16%, Time: 0.09 s
Iteration 1150/5000: Ground Truth: -287.6263, Best: -287.6249, Current: -285.0131, Acceptance: 53.22%, Time: 0.05 s
Iteration 1160/5000: Ground Truth: -287.6263, Best: -287.6249, Current: -285.3090, Acceptance: 53.10%, Time: 0.09 s
Iteration 1170/5000: Ground Truth: -287.6263, Best: -287.6249, Current: -281.6867, Acceptance: 53.33%, Time: 0.09 s
Iteration 1180/5000: Ground Truth: -287.6263, Best: -287.6249, Current: -285.7411, Acceptance: 53.39%, Time: 0.05 s
Iteration 1190/5000: Ground Truth: -287.6263, Best: -287.6249, Current: -286.4700, Acceptance: 53.36%, Time: 0.05 s
Iteration 1200/5000: Ground Truth: -287.6263, Best: -287.6249, Current: -285.5955, Acceptance: 53.33%, Time: 0.09 s
Iteration 1210/5000: Ground Truth: -287.6263, Best: -287.6249, Current: -285.4284, Acceptance: 53.14%, Time: 0.09 s
Iteration 1220/5000: Ground Truth: -287.6263, Best: -287.6249, Current: -283.7645, Acceptance: 53.20%, Time: 0.09 s
Iteration 1230/5000: Ground Truth: -287.6263, Best: -287.6249, Current: -283.9694, Acceptance: 53.41%, Time: 0.09 s
Iteration 1240/5000: Ground Truth: -287.6263, Best: -287.6249, Current: -285.3310, Acceptance: 53.47%, Time: 0.09 s
Iteration 1250/5000: Ground Truth: -287.6263, Best: -287.6249, Current: -284.9684, Acceptance: 53.44%, Time: 0.05 s
Iteration 1260/5000: Ground Truth: -287.6263, Best: -287.6249, Current: -286.7410, Acceptance: 53.41%, Time: 0.09 s
Iteration 1270/5000: Ground Truth: -287.6263, Best: -287.6249, Current: -285.7125, Acceptance: 53.23%, Time: 0.09 s
Iteration 1280/5000: Ground Truth: -287.6263, Best: -287.6249, Current: -287.1960, Acceptance: 53.20%, Time: 0.05 s
Iteration 1290/5000: Ground Truth: -287.6263, Best: -287.6249, Current: -282.8128, Acceptance: 53.26%, Time: 0.08 s
Iteration 1300/5000: Ground Truth: -287.6263, Best: -287.6249, Current: -286.0570, Acceptance: 53.38%, Time: 0.05 s
Iteration 1310/5000: Ground Truth: -287.6263, Best: -287.6249, Current: -285.2748, Acceptance: 53.36%, Time: 0.09 s
Iteration 1320/5000: Ground Truth: -287.6263, Best: -287.6249, Current: -287.4165, Acceptance: 53.11%, Time: 0.05 s
Iteration 1330/5000: Ground Truth: -287.6263, Best: -287.6249, Current: -285.4128, Acceptance: 53.08%, Time: 0.09 s
Iteration 1340/5000: Ground Truth: -287.6263, Best: -287.6249, Current: -285.6219, Acceptance: 53.21%, Time: 0.08 s
Iteration 1350/5000: Ground Truth: -287.6263, Best: -287.6249, Current: -285.7289, Acceptance: 53.26%, Time: 0.05 s
Iteration 1360/5000: Ground Truth: -287.6263, Best: -287.6249, Current: -285.1955, Acceptance: 53.38%, Time: 0.08 s
Iteration 1370/5000: Ground Truth: -287.6263, Best: -287.6249, Current: -285.8924, Acceptance: 53.43%, Time: 0.08 s
Iteration 1380/5000: Ground Truth: -287.6263, Best: -287.6249, Current: -286.1973, Acceptance: 53.48%, Time: 0.08 s
Iteration 1390/5000: Ground Truth: -287.6263, Best: -287.6249, Current: -284.9969, Acceptance: 53.53%, Time: 0.09 s
Iteration 1400/5000: Ground Truth: -287.6263, Best: -287.6249, Current: -286.2913, Acceptance: 53.64%, Time: 0.08 s
Iteration 1410/5000: Ground Truth: -287.6263, Best: -287.6249, Current: -286.9342, Acceptance: 53.69%, Time: 0.05 s
Iteration 1420/5000: Ground Truth: -287.6263, Best: -287.6249, Current: -284.6534, Acceptance: 53.80%, Time: 0.09 s
Iteration 1430/5000: Ground Truth: -287.6263, Best: -287.6249, Current: -283.5442, Acceptance: 54.06%, Time: 0.08 s
Iteration 1440/5000: Ground Truth: -287.6263, Best: -287.6249, Current: -286.4877, Acceptance: 53.89%, Time: 0.09 s
Iteration 1450/5000: Ground Truth: -287.6263, Best: -287.6249, Current: -286.2304, Acceptance: 53.79%, Time: 0.08 s
Iteration 1460/5000: Ground Truth: -287.6263, Best: -287.6249, Current: -285.5949, Acceptance: 53.77%, Time: 0.08 s
Iteration 1470/5000: Ground Truth: -287.6263, Best: -287.6249, Current: -287.3600, Acceptance: 53.61%, Time: 0.05 s
Iteration 1480/5000: Ground Truth: -287.6263, Best: -287.6249, Current: -286.9432, Acceptance: 53.45%, Time: 0.05 s
Iteration 1490/5000: Ground Truth: -287.6263, Best: -287.6249, Current: -286.0003, Acceptance: 53.49%, Time: 0.08 s
Iteration 1500/5000: Ground Truth: -287.6263, Best: -287.6249, Current: -284.2098, Acceptance: 53.53%, Time: 0.05 s
Iteration 1510/5000: Ground Truth: -287.6263, Best: -287.6249, Current: -285.7058, Acceptance: 53.38%, Time: 0.08 s
Iteration 1520/5000: Ground Truth: -287.6263, Best: -287.6249, Current: -284.7585, Acceptance: 53.49%, Time: 0.08 s
Iteration 1530/5000: Ground Truth: -287.6263, Best: -287.6249, Current: -283.5673, Acceptance: 53.40%, Time: 0.08 s
Iteration 1540/5000: Ground Truth: -287.6263, Best: -287.6249, Current: -283.3799, Acceptance: 53.51%, Time: 0.05 s
Iteration 1550/5000: Ground Truth: -287.6263, Best: -287.6249, Current: -287.0916, Acceptance: 53.42%, Time: 0.05 s
Iteration 1560/5000: Ground Truth: -287.6263, Best: -287.6249, Current: -287.0305, Acceptance: 53.33%, Time: 0.08 s
Iteration 1570/5000: Ground Truth: -287.6263, Best: -287.6249, Current: -285.2112, Acceptance: 53.31%, Time: 0.08 s
Iteration 1580/5000: Ground Truth: -287.6263, Best: -287.6249, Current: -285.2530, Acceptance: 53.42%, Time: 0.09 s
Iteration 1590/5000: Ground Truth: -287.6263, Best: -287.6249, Current: -283.2101, Acceptance: 53.58%, Time: 0.09 s
Iteration 1600/5000: Ground Truth: -287.6263, Best: -287.6249, Current: -284.9314, Acceptance: 53.56%, Time: 0.09 s
Iteration 1610/5000: Ground Truth: -287.6263, Best: -287.6249, Current: -285.5416, Acceptance: 53.54%, Time: 0.05 s
Iteration 1620/5000: Ground Truth: -287.6263, Best: -287.6249, Current: -286.3855, Acceptance: 53.40%, Time: 0.08 s
Iteration 1630/5000: Ground Truth: -287.6263, Best: -287.6249, Current: -285.4040, Acceptance: 53.56%, Time: 0.09 s
Iteration 1640/5000: Ground Truth: -287.6263, Best: -287.6249, Current: -285.4325, Acceptance: 53.48%, Time: 0.09 s
Iteration 1650/5000: Ground Truth: -287.6263, Best: -287.6249, Current: -282.8713, Acceptance: 53.58%, Time: 0.08 s
Iteration 1660/5000: Ground Truth: -287.6263, Best: -287.6249, Current: -284.4250, Acceptance: 53.67%, Time: 0.08 s
Iteration 1670/5000: Ground Truth: -287.6263, Best: -287.6249, Current: -284.1682, Acceptance: 53.53%, Time: 0.09 s
Iteration 1680/5000: Ground Truth: -287.6263, Best: -287.6249, Current: -284.0249, Acceptance: 53.51%, Time: 0.09 s
Iteration 1690/5000: Ground Truth: -287.6263, Best: -287.6249, Current: -286.5605, Acceptance: 53.43%, Time: 0.08 s
Iteration 1700/5000: Ground Truth: -287.6263, Best: -287.6249, Current: -284.9359, Acceptance: 53.41%, Time: 0.09 s
Iteration 1710/5000: Ground Truth: -287.6263, Best: -287.6249, Current: -286.8315, Acceptance: 53.39%, Time: 0.05 s
Iteration 1720/5000: Ground Truth: -287.6263, Best: -287.6249, Current: -286.6476, Acceptance: 53.31%, Time: 0.08 s
Iteration 1730/5000: Ground Truth: -287.6263, Best: -287.6249, Current: -282.3757, Acceptance: 53.53%, Time: 0.09 s
Iteration 1740/5000: Ground Truth: -287.6263, Best: -287.6249, Current: -284.9888, Acceptance: 53.62%, Time: 0.08 s
Iteration 1750/5000: Ground Truth: -287.6263, Best: -287.6249, Current: -285.1789, Acceptance: 53.54%, Time: 0.08 s
Iteration 1760/5000: Ground Truth: -287.6263, Best: -287.6249, Current: -286.4271, Acceptance: 53.52%, Time: 0.05 s
Iteration 1770/5000: Ground Truth: -287.6263, Best: -287.6249, Current: -286.8723, Acceptance: 53.50%, Time: 0.05 s
Iteration 1780/5000: Ground Truth: -287.6263, Best: -287.6249, Current: -285.0205, Acceptance: 53.54%, Time: 0.09 s
Iteration 1790/5000: Ground Truth: -287.6263, Best: -287.6249, Current: -285.0966, Acceptance: 53.69%, Time: 0.05 s
Iteration 1800/5000: Ground Truth: -287.6263, Best: -287.6249, Current: -286.2484, Acceptance: 53.67%, Time: 0.08 s
Iteration 1810/5000: Ground Truth: -287.6263, Best: -287.6249, Current: -282.8801, Acceptance: 53.65%, Time: 0.08 s
Iteration 1820/5000: Ground Truth: -287.6263, Best: -287.6249, Current: -286.7256, Acceptance: 53.68%, Time: 0.05 s
Iteration 1830/5000: Ground Truth: -287.6263, Best: -287.6249, Current: -283.7188, Acceptance: 53.83%, Time: 0.09 s
Iteration 1840/5000: Ground Truth: -287.6263, Best: -287.6249, Current: -285.8124, Acceptance: 53.86%, Time: 0.08 s
Iteration 1850/5000: Ground Truth: -287.6263, Best: -287.6249, Current: -286.6548, Acceptance: 53.84%, Time: 0.05 s
Iteration 1860/5000: Ground Truth: -287.6263, Best: -287.6249, Current: -287.0346, Acceptance: 53.71%, Time: 0.08 s
Iteration 1870/5000: Ground Truth: -287.6263, Best: -287.6249, Current: -285.2811, Acceptance: 53.69%, Time: 0.08 s
Iteration 1880/5000: Ground Truth: -287.6263, Best: -287.6249, Current: -285.7941, Acceptance: 53.67%, Time: 0.09 s
Iteration 1890/5000: Ground Truth: -287.6263, Best: -287.6249, Current: -285.7097, Acceptance: 53.76%, Time: 0.05 s
Iteration 1900/5000: Ground Truth: -287.6263, Best: -287.6249, Current: -285.9450, Acceptance: 53.68%, Time: 0.08 s
Iteration 1910/5000: Ground Truth: -287.6263, Best: -287.6249, Current: -285.4988, Acceptance: 53.61%, Time: 0.09 s
Iteration 1920/5000: Ground Truth: -287.6263, Best: -287.6249, Current: -286.4275, Acceptance: 53.59%, Time: 0.05 s
Iteration 1930/5000: Ground Truth: -287.6263, Best: -287.6249, Current: -285.8680, Acceptance: 53.68%, Time: 0.09 s
Iteration 1940/5000: Ground Truth: -287.6263, Best: -287.6249, Current: -286.2948, Acceptance: 53.66%, Time: 0.05 s
Iteration 1950/5000: Ground Truth: -287.6263, Best: -287.6249, Current: -281.1442, Acceptance: 53.74%, Time: 0.08 s
Iteration 1960/5000: Ground Truth: -287.6263, Best: -287.6249, Current: -286.7183, Acceptance: 53.62%, Time: 0.08 s
Iteration 1970/5000: Ground Truth: -287.6263, Best: -287.6249, Current: -285.8611, Acceptance: 53.50%, Time: 0.09 s
Iteration 1980/5000: Ground Truth: -287.6263, Best: -287.6249, Current: -285.5840, Acceptance: 53.43%, Time: 0.09 s
Iteration 1990/5000: Ground Truth: -287.6263, Best: -287.6249, Current: -284.8682, Acceptance: 53.42%, Time: 0.09 s
Iteration 2000/5000: Ground Truth: -287.6263, Best: -287.6249, Current: -286.4738, Acceptance: 53.35%, Time: 0.05 s
Iteration 2010/5000: Ground Truth: -287.6263, Best: -287.6249, Current: -284.5002, Acceptance: 53.43%, Time: 0.05 s
Iteration 2020/5000: Ground Truth: -287.6263, Best: -287.6249, Current: -284.4258, Acceptance: 53.47%, Time: 0.09 s
Iteration 2030/5000: Ground Truth: -287.6263, Best: -287.6249, Current: -286.5277, Acceptance: 53.45%, Time: 0.05 s
Iteration 2040/5000: Ground Truth: -287.6263, Best: -287.6249, Current: -285.8705, Acceptance: 53.43%, Time: 0.05 s
Iteration 2050/5000: Ground Truth: -287.6263, Best: -287.6249, Current: -285.6938, Acceptance: 53.41%, Time: 0.07 s
Iteration 2060/5000: Ground Truth: -287.6263, Best: -287.6249, Current: -287.2986, Acceptance: 53.30%, Time: 0.05 s
Iteration 2070/5000: Ground Truth: -287.6263, Best: -287.6249, Current: -285.3866, Acceptance: 53.29%, Time: 0.09 s
Iteration 2080/5000: Ground Truth: -287.6263, Best: -287.6249, Current: -286.9293, Acceptance: 53.27%, Time: 0.09 s
Iteration 2090/5000: Ground Truth: -287.6263, Best: -287.6249, Current: -285.0186, Acceptance: 53.21%, Time: 0.09 s
Iteration 2100/5000: Ground Truth: -287.6263, Best: -287.6249, Current: -287.3900, Acceptance: 53.05%, Time: 0.09 s
Iteration 2110/5000: Ground Truth: -287.6263, Best: -287.6249, Current: -286.7609, Acceptance: 53.03%, Time: 0.05 s
Iteration 2120/5000: Ground Truth: -287.6263, Best: -287.6249, Current: -287.2685, Acceptance: 52.92%, Time: 0.05 s
Iteration 2130/5000: Ground Truth: -287.6263, Best: -287.6249, Current: -283.0943, Acceptance: 52.96%, Time: 0.09 s
Iteration 2140/5000: Ground Truth: -287.6263, Best: -287.6249, Current: -283.9049, Acceptance: 52.90%, Time: 0.09 s
Iteration 2150/5000: Ground Truth: -287.6263, Best: -287.6249, Current: -286.2919, Acceptance: 52.84%, Time: 0.09 s
Iteration 2160/5000: Ground Truth: -287.6263, Best: -287.6249, Current: -286.4662, Acceptance: 52.82%, Time: 0.05 s
Iteration 2170/5000: Ground Truth: -287.6263, Best: -287.6249, Current: -284.5395, Acceptance: 52.90%, Time: 0.05 s
Iteration 2180/5000: Ground Truth: -287.6263, Best: -287.6249, Current: -285.0242, Acceptance: 52.89%, Time: 0.06 s
Iteration 2190/5000: Ground Truth: -287.6263, Best: -287.6249, Current: -286.5403, Acceptance: 52.92%, Time: 0.05 s
Iteration 2200/5000: Ground Truth: -287.6263, Best: -287.6249, Current: -287.0361, Acceptance: 52.95%, Time: 0.09 s
Iteration 2210/5000: Ground Truth: -287.6263, Best: -287.6249, Current: -283.9005, Acceptance: 53.03%, Time: 0.09 s
Iteration 2220/5000: Ground Truth: -287.6263, Best: -287.6249, Current: -286.0561, Acceptance: 53.06%, Time: 0.09 s
Iteration 2230/5000: Ground Truth: -287.6263, Best: -287.6249, Current: -287.6184, Acceptance: 52.87%, Time: 0.05 s
Iteration 2240/5000: Ground Truth: -287.6263, Best: -287.6249, Current: -285.1286, Acceptance: 52.90%, Time: 0.08 s
Iteration 2250/5000: Ground Truth: -287.6263, Best: -287.6249, Current: -283.8302, Acceptance: 52.84%, Time: 0.05 s
Iteration 2260/5000: Ground Truth: -287.6263, Best: -287.6249, Current: -284.4987, Acceptance: 52.92%, Time: 0.09 s
Iteration 2270/5000: Ground Truth: -287.6263, Best: -287.6249, Current: -287.2989, Acceptance: 52.82%, Time: 0.05 s
Iteration 2280/5000: Ground Truth: -287.6263, Best: -287.6249, Current: -285.7413, Acceptance: 52.76%, Time: 0.09 s
Iteration 2290/5000: Ground Truth: -287.6263, Best: -287.6249, Current: -286.4085, Acceptance: 52.62%, Time: 0.08 s
Iteration 2300/5000: Ground Truth: -287.6263, Best: -287.6249, Current: -285.0321, Acceptance: 52.70%, Time: 0.05 s
Iteration 2310/5000: Ground Truth: -287.6263, Best: -287.6249, Current: -284.0558, Acceptance: 52.73%, Time: 0.09 s
Iteration 2320/5000: Ground Truth: -287.6263, Best: -287.6249, Current: -286.5650, Acceptance: 52.67%, Time: 0.05 s
Iteration 2330/5000: Ground Truth: -287.6263, Best: -287.6249, Current: -286.8554, Acceptance: 52.62%, Time: 0.08 s
Iteration 2340/5000: Ground Truth: -287.6263, Best: -287.6249, Current: -285.4967, Acceptance: 52.61%, Time: 0.08 s
Iteration 2350/5000: Ground Truth: -287.6263, Best: -287.6249, Current: -286.6707, Acceptance: 52.64%, Time: 0.08 s
Iteration 2360/5000: Ground Truth: -287.6263, Best: -287.6249, Current: -285.3893, Acceptance: 52.63%, Time: 0.08 s
Iteration 2370/5000: Ground Truth: -287.6263, Best: -287.6249, Current: -286.7481, Acceptance: 52.66%, Time: 0.05 s
Iteration 2380/5000: Ground Truth: -287.6263, Best: -287.6249, Current: -284.6916, Acceptance: 52.69%, Time: 0.05 s
Iteration 2390/5000: Ground Truth: -287.6263, Best: -287.6249, Current: -283.7761, Acceptance: 52.72%, Time: 0.05 s
Iteration 2400/5000: Ground Truth: -287.6263, Best: -287.6249, Current: -284.2298, Acceptance: 52.75%, Time: 0.09 s
Iteration 2410/5000: Ground Truth: -287.6263, Best: -287.6249, Current: -285.2438, Acceptance: 52.78%, Time: 0.08 s
Iteration 2420/5000: Ground Truth: -287.6263, Best: -287.6249, Current: -284.8194, Acceptance: 52.89%, Time: 0.05 s
Iteration 2430/5000: Ground Truth: -287.6263, Best: -287.6249, Current: -286.6259, Acceptance: 52.84%, Time: 0.05 s
Iteration 2440/5000: Ground Truth: -287.6263, Best: -287.6249, Current: -286.3715, Acceptance: 52.75%, Time: 0.08 s
Iteration 2450/5000: Ground Truth: -287.6263, Best: -287.6249, Current: -285.0350, Acceptance: 52.86%, Time: 0.08 s
Iteration 2460/5000: Ground Truth: -287.6263, Best: -287.6249, Current: -285.5625, Acceptance: 52.89%, Time: 0.05 s
Iteration 2470/5000: Ground Truth: -287.6263, Best: -287.6249, Current: -285.0457, Acceptance: 52.83%, Time: 0.08 s
Iteration 2480/5000: Ground Truth: -287.6263, Best: -287.6249, Current: -284.9230, Acceptance: 52.78%, Time: 0.05 s
Iteration 2490/5000: Ground Truth: -287.6263, Best: -287.6249, Current: -283.5918, Acceptance: 52.81%, Time: 0.09 s
Iteration 2500/5000: Ground Truth: -287.6263, Best: -287.6249, Current: -286.7413, Acceptance: 52.80%, Time: 0.08 s
Iteration 2510/5000: Ground Truth: -287.6263, Best: -287.6249, Current: -286.8046, Acceptance: 52.75%, Time: 0.08 s
Iteration 2520/5000: Ground Truth: -287.6263, Best: -287.6249, Current: -286.2905, Acceptance: 52.82%, Time: 0.05 s
Iteration 2530/5000: Ground Truth: -287.6263, Best: -287.6249, Current: -286.4025, Acceptance: 52.81%, Time: 0.07 s
Iteration 2540/5000: Ground Truth: -287.6263, Best: -287.6249, Current: -285.6776, Acceptance: 52.87%, Time: 0.08 s
Iteration 2550/5000: Ground Truth: -287.6263, Best: -287.6249, Current: -286.6703, Acceptance: 52.82%, Time: 0.09 s
Iteration 2560/5000: Ground Truth: -287.6263, Best: -287.6249, Current: -286.1173, Acceptance: 52.77%, Time: 0.08 s
Iteration 2570/5000: Ground Truth: -287.6263, Best: -287.6249, Current: -284.8285, Acceptance: 52.72%, Time: 0.08 s
Iteration 2580/5000: Ground Truth: -287.6263, Best: -287.6249, Current: -285.4772, Acceptance: 52.83%, Time: 0.05 s
Iteration 2590/5000: Ground Truth: -287.6263, Best: -287.6249, Current: -285.6617, Acceptance: 52.82%, Time: 0.05 s
Iteration 2600/5000: Ground Truth: -287.6263, Best: -287.6249, Current: -283.6500, Acceptance: 52.88%, Time: 0.05 s
Iteration 2610/5000: Ground Truth: -287.6263, Best: -287.6249, Current: -286.0299, Acceptance: 52.91%, Time: 0.05 s
Iteration 2620/5000: Ground Truth: -287.6263, Best: -287.6249, Current: -285.1134, Acceptance: 52.86%, Time: 0.09 s
Iteration 2630/5000: Ground Truth: -287.6263, Best: -287.6249, Current: -285.6756, Acceptance: 52.97%, Time: 0.08 s
Iteration 2640/5000: Ground Truth: -287.6263, Best: -287.6249, Current: -284.4888, Acceptance: 53.03%, Time: 0.09 s
Iteration 2650/5000: Ground Truth: -287.6263, Best: -287.6249, Current: -284.2762, Acceptance: 53.06%, Time: 0.08 s
Iteration 2660/5000: Ground Truth: -287.6263, Best: -287.6249, Current: -286.2408, Acceptance: 53.05%, Time: 0.05 s
Iteration 2670/5000: Ground Truth: -287.6263, Best: -287.6249, Current: -286.1554, Acceptance: 53.00%, Time: 0.08 s
Iteration 2680/5000: Ground Truth: -287.6263, Best: -287.6249, Current: -285.1780, Acceptance: 53.02%, Time: 0.08 s
Iteration 2690/5000: Ground Truth: -287.6263, Best: -287.6249, Current: -284.3723, Acceptance: 53.01%, Time: 0.08 s
Iteration 2700/5000: Ground Truth: -287.6263, Best: -287.6249, Current: -287.2855, Acceptance: 52.93%, Time: 0.05 s
Iteration 2710/5000: Ground Truth: -287.6263, Best: -287.6249, Current: -281.9088, Acceptance: 52.95%, Time: 0.08 s
Iteration 2720/5000: Ground Truth: -287.6263, Best: -287.6249, Current: -285.6311, Acceptance: 52.98%, Time: 0.08 s
Iteration 2730/5000: Ground Truth: -287.6263, Best: -287.6249, Current: -283.5287, Acceptance: 52.97%, Time: 0.08 s
Iteration 2740/5000: Ground Truth: -287.6263, Best: -287.6249, Current: -286.5640, Acceptance: 52.92%, Time: 0.09 s
Iteration 2750/5000: Ground Truth: -287.6263, Best: -287.6249, Current: -281.3893, Acceptance: 53.05%, Time: 0.08 s
Iteration 2760/5000: Ground Truth: -287.6263, Best: -287.6249, Current: -286.0384, Acceptance: 53.12%, Time: 0.05 s
Iteration 2770/5000: Ground Truth: -287.6263, Best: -287.6249, Current: -285.1488, Acceptance: 53.18%, Time: 0.08 s
Iteration 2780/5000: Ground Truth: -287.6263, Best: -287.6249, Current: -285.5495, Acceptance: 53.17%, Time: 0.08 s
Iteration 2790/5000: Ground Truth: -287.6263, Best: -287.6249, Current: -286.3141, Acceptance: 53.12%, Time: 0.07 s
Iteration 2800/5000: Ground Truth: -287.6263, Best: -287.6249, Current: -285.4185, Acceptance: 53.14%, Time: 0.05 s
Iteration 2810/5000: Ground Truth: -287.6263, Best: -287.6249, Current: -285.3688, Acceptance: 53.24%, Time: 0.08 s
Iteration 2820/5000: Ground Truth: -287.6263, Best: -287.6249, Current: -283.0796, Acceptance: 53.30%, Time: 0.08 s
Iteration 2830/5000: Ground Truth: -287.6263, Best: -287.6249, Current: -287.5426, Acceptance: 53.18%, Time: 0.05 s
Iteration 2840/5000: Ground Truth: -287.6263, Best: -287.6249, Current: -286.0051, Acceptance: 53.20%, Time: 0.05 s
Iteration 2850/5000: Ground Truth: -287.6263, Best: -287.6249, Current: -285.8182, Acceptance: 53.23%, Time: 0.08 s
Iteration 2860/5000: Ground Truth: -287.6263, Best: -287.6249, Current: -285.8550, Acceptance: 53.25%, Time: 0.09 s
Iteration 2870/5000: Ground Truth: -287.6263, Best: -287.6249, Current: -285.8121, Acceptance: 53.24%, Time: 0.05 s
Iteration 2880/5000: Ground Truth: -287.6263, Best: -287.6249, Current: -285.9554, Acceptance: 53.26%, Time: 0.08 s
Iteration 2890/5000: Ground Truth: -287.6263, Best: -287.6249, Current: -286.4757, Acceptance: 53.18%, Time: 0.08 s
Iteration 2900/5000: Ground Truth: -287.6263, Best: -287.6249, Current: -285.9905, Acceptance: 53.17%, Time: 0.08 s
Iteration 2910/5000: Ground Truth: -287.6263, Best: -287.6249, Current: -284.9603, Acceptance: 53.16%, Time: 0.08 s
Iteration 2920/5000: Ground Truth: -287.6263, Best: -287.6249, Current: -284.6194, Acceptance: 53.12%, Time: 0.08 s
Iteration 2930/5000: Ground Truth: -287.6263, Best: -287.6249, Current: -281.4457, Acceptance: 53.21%, Time: 0.08 s
Iteration 2940/5000: Ground Truth: -287.6263, Best: -287.6249, Current: -286.5522, Acceptance: 53.23%, Time: 0.05 s
Iteration 2950/5000: Ground Truth: -287.6263, Best: -287.6249, Current: -285.9946, Acceptance: 53.22%, Time: 0.05 s
Iteration 2960/5000: Ground Truth: -287.6263, Best: -287.6249, Current: -285.8324, Acceptance: 53.18%, Time: 0.05 s
Iteration 2970/5000: Ground Truth: -287.6263, Best: -287.6249, Current: -286.3297, Acceptance: 53.20%, Time: 0.08 s
Iteration 2980/5000: Ground Truth: -287.6263, Best: -287.6249, Current: -286.3342, Acceptance: 53.15%, Time: 0.08 s
Iteration 2990/5000: Ground Truth: -287.6263, Best: -287.6249, Current: -284.1451, Acceptance: 53.21%, Time: 0.09 s
Iteration 3000/5000: Ground Truth: -287.6263, Best: -287.6249, Current: -286.5335, Acceptance: 53.27%, Time: 0.08 s
Iteration 3010/5000: Ground Truth: -287.6263, Best: -287.6249, Current: -286.7467, Acceptance: 53.19%, Time: 0.08 s
Iteration 3020/5000: Ground Truth: -287.6263, Best: -287.6249, Current: -284.4736, Acceptance: 53.25%, Time: 0.05 s
Iteration 3030/5000: Ground Truth: -287.6263, Best: -287.6249, Current: -287.0757, Acceptance: 53.14%, Time: 0.05 s
Iteration 3040/5000: Ground Truth: -287.6263, Best: -287.6249, Current: -283.9669, Acceptance: 53.16%, Time: 0.09 s
Iteration 3050/5000: Ground Truth: -287.6263, Best: -287.6249, Current: -286.3626, Acceptance: 53.15%, Time: 0.08 s
Iteration 3060/5000: Ground Truth: -287.6263, Best: -287.6249, Current: -286.4780, Acceptance: 53.14%, Time: 0.05 s
Iteration 3070/5000: Ground Truth: -287.6263, Best: -287.6249, Current: -286.1279, Acceptance: 53.13%, Time: 0.09 s
Iteration 3080/5000: Ground Truth: -287.6263, Best: -287.6249, Current: -284.7448, Acceptance: 53.12%, Time: 0.09 s
Iteration 3090/5000: Ground Truth: -287.6263, Best: -287.6249, Current: -284.5749, Acceptance: 53.14%, Time: 0.08 s
Iteration 3100/5000: Ground Truth: -287.6263, Best: -287.6249, Current: -285.5821, Acceptance: 53.19%, Time: 0.08 s
Iteration 3110/5000: Ground Truth: -287.6263, Best: -287.6249, Current: -286.7349, Acceptance: 53.18%, Time: 0.08 s
Iteration 3120/5000: Ground Truth: -287.6263, Best: -287.6249, Current: -287.3697, Acceptance: 53.08%, Time: 0.08 s
Iteration 3130/5000: Ground Truth: -287.6263, Best: -287.6249, Current: -284.4341, Acceptance: 53.13%, Time: 0.04 s
Iteration 3140/5000: Ground Truth: -287.6263, Best: -287.6249, Current: -287.5176, Acceptance: 53.09%, Time: 0.05 s
Iteration 3150/5000: Ground Truth: -287.6263, Best: -287.6249, Current: -285.9042, Acceptance: 53.05%, Time: 0.07 s
Iteration 3160/5000: Ground Truth: -287.6263, Best: -287.6249, Current: -284.3101, Acceptance: 53.10%, Time: 0.08 s
Iteration 3170/5000: Ground Truth: -287.6263, Best: -287.6249, Current: -285.4374, Acceptance: 53.12%, Time: 0.08 s
Iteration 3180/5000: Ground Truth: -287.6263, Best: -287.6249, Current: -286.1130, Acceptance: 53.05%, Time: 0.08 s
Iteration 3190/5000: Ground Truth: -287.6263, Best: -287.6249, Current: -286.7664, Acceptance: 53.04%, Time: 0.08 s
Iteration 3200/5000: Ground Truth: -287.6263, Best: -287.6249, Current: -286.5511, Acceptance: 53.03%, Time: 0.05 s
Iteration 3210/5000: Ground Truth: -287.6263, Best: -287.6249, Current: -285.1157, Acceptance: 53.02%, Time: 0.08 s
Iteration 3220/5000: Ground Truth: -287.6263, Best: -287.6249, Current: -284.3173, Acceptance: 53.11%, Time: 0.08 s
Iteration 3230/5000: Ground Truth: -287.6263, Best: -287.6249, Current: -286.4895, Acceptance: 53.13%, Time: 0.08 s
Iteration 3240/5000: Ground Truth: -287.6263, Best: -287.6249, Current: -284.9350, Acceptance: 53.12%, Time: 0.08 s
Iteration 3250/5000: Ground Truth: -287.6263, Best: -287.6249, Current: -283.7239, Acceptance: 53.11%, Time: 0.05 s
Iteration 3260/5000: Ground Truth: -287.6263, Best: -287.6249, Current: -283.8181, Acceptance: 53.13%, Time: 0.08 s
Iteration 3270/5000: Ground Truth: -287.6263, Best: -287.6249, Current: -283.4469, Acceptance: 53.15%, Time: 0.08 s
Iteration 3280/5000: Ground Truth: -287.6263, Best: -287.6249, Current: -284.4760, Acceptance: 53.17%, Time: 0.05 s
Iteration 3290/5000: Ground Truth: -287.6263, Best: -287.6249, Current: -284.5309, Acceptance: 53.16%, Time: 0.08 s
Iteration 3300/5000: Ground Truth: -287.6263, Best: -287.6249, Current: -287.0659, Acceptance: 53.15%, Time: 0.05 s
Iteration 3310/5000: Ground Truth: -287.6263, Best: -287.6249, Current: -287.3113, Acceptance: 53.11%, Time: 0.08 s
Iteration 3320/5000: Ground Truth: -287.6263, Best: -287.6249, Current: -287.1578, Acceptance: 53.07%, Time: 0.05 s
Iteration 3330/5000: Ground Truth: -287.6263, Best: -287.6249, Current: -286.5129, Acceptance: 52.97%, Time: 0.05 s
Iteration 3340/5000: Ground Truth: -287.6263, Best: -287.6249, Current: -287.4419, Acceptance: 52.90%, Time: 0.08 s
Iteration 3350/5000: Ground Truth: -287.6263, Best: -287.6249, Current: -284.7263, Acceptance: 52.93%, Time: 0.08 s
Iteration 3360/5000: Ground Truth: -287.6263, Best: -287.6249, Current: -284.7347, Acceptance: 52.95%, Time: 0.07 s
Iteration 3370/5000: Ground Truth: -287.6263, Best: -287.6249, Current: -285.4706, Acceptance: 52.94%, Time: 0.05 s
Iteration 3380/5000: Ground Truth: -287.6263, Best: -287.6249, Current: -285.9996, Acceptance: 52.99%, Time: 0.05 s
Iteration 3390/5000: Ground Truth: -287.6263, Best: -287.6249, Current: -286.9913, Acceptance: 52.95%, Time: 0.08 s
Iteration 3400/5000: Ground Truth: -287.6263, Best: -287.6249, Current: -287.5045, Acceptance: 52.88%, Time: 0.05 s
Iteration 3410/5000: Ground Truth: -287.6263, Best: -287.6249, Current: -284.3916, Acceptance: 52.90%, Time: 0.08 s
Iteration 3420/5000: Ground Truth: -287.6263, Best: -287.6249, Current: -285.0553, Acceptance: 52.95%, Time: 0.08 s
Iteration 3430/5000: Ground Truth: -287.6263, Best: -287.6249, Current: -285.4094, Acceptance: 52.94%, Time: 0.05 s
Iteration 3440/5000: Ground Truth: -287.6263, Best: -287.6249, Current: -285.7702, Acceptance: 52.97%, Time: 0.05 s
Iteration 3450/5000: Ground Truth: -287.6263, Best: -287.6249, Current: -283.1425, Acceptance: 53.04%, Time: 0.08 s
Iteration 3460/5000: Ground Truth: -287.6263, Best: -287.6249, Current: -284.6005, Acceptance: 53.03%, Time: 0.08 s
Iteration 3470/5000: Ground Truth: -287.6263, Best: -287.6249, Current: -285.4597, Acceptance: 53.11%, Time: 0.08 s
Iteration 3480/5000: Ground Truth: -287.6263, Best: -287.6249, Current: -285.0534, Acceptance: 53.22%, Time: 0.05 s
Iteration 3490/5000: Ground Truth: -287.6263, Best: -287.6249, Current: -286.9686, Acceptance: 53.12%, Time: 0.08 s
Iteration 3500/5000: Ground Truth: -287.6263, Best: -287.6249, Current: -285.3284, Acceptance: 53.14%, Time: 0.08 s
Iteration 3510/5000: Ground Truth: -287.6263, Best: -287.6249, Current: -286.4637, Acceptance: 53.08%, Time: 0.08 s
Iteration 3520/5000: Ground Truth: -287.6263, Best: -287.6249, Current: -285.8541, Acceptance: 53.07%, Time: 0.08 s
Iteration 3530/5000: Ground Truth: -287.6263, Best: -287.6249, Current: -285.0861, Acceptance: 53.09%, Time: 0.08 s
Iteration 3540/5000: Ground Truth: -287.6263, Best: -287.6249, Current: -285.5647, Acceptance: 53.08%, Time: 0.05 s
Iteration 3550/5000: Ground Truth: -287.6263, Best: -287.6249, Current: -286.2127, Acceptance: 53.15%, Time: 0.05 s
Iteration 3560/5000: Ground Truth: -287.6263, Best: -287.6249, Current: -285.4044, Acceptance: 53.20%, Time: 0.08 s
Iteration 3570/5000: Ground Truth: -287.6263, Best: -287.6249, Current: -285.1530, Acceptance: 53.19%, Time: 0.05 s
Iteration 3580/5000: Ground Truth: -287.6263, Best: -287.6249, Current: -285.8367, Acceptance: 53.16%, Time: 0.05 s
Iteration 3590/5000: Ground Truth: -287.6263, Best: -287.6249, Current: -286.3333, Acceptance: 53.15%, Time: 0.05 s
Iteration 3600/5000: Ground Truth: -287.6263, Best: -287.6249, Current: -284.7055, Acceptance: 53.17%, Time: 0.05 s
Iteration 3610/5000: Ground Truth: -287.6263, Best: -287.6249, Current: -286.6251, Acceptance: 53.10%, Time: 0.08 s
Iteration 3620/5000: Ground Truth: -287.6263, Best: -287.6249, Current: -285.6960, Acceptance: 53.12%, Time: 0.08 s
Iteration 3630/5000: Ground Truth: -287.6263, Best: -287.6249, Current: -285.2705, Acceptance: 53.14%, Time: 0.08 s
Iteration 3640/5000: Ground Truth: -287.6263, Best: -287.6249, Current: -285.7955, Acceptance: 53.10%, Time: 0.05 s
Iteration 3650/5000: Ground Truth: -287.6263, Best: -287.6249, Current: -285.4078, Acceptance: 53.12%, Time: 0.08 s
Iteration 3660/5000: Ground Truth: -287.6263, Best: -287.6249, Current: -283.3400, Acceptance: 53.17%, Time: 0.08 s
Iteration 3670/5000: Ground Truth: -287.6263, Best: -287.6249, Current: -286.5307, Acceptance: 53.16%, Time: 0.05 s
Iteration 3680/5000: Ground Truth: -287.6263, Best: -287.6249, Current: -286.3904, Acceptance: 53.12%, Time: 0.07 s
Iteration 3690/5000: Ground Truth: -287.6263, Best: -287.6249, Current: -286.8259, Acceptance: 53.06%, Time: 0.08 s
Iteration 3700/5000: Ground Truth: -287.6263, Best: -287.6249, Current: -287.0319, Acceptance: 53.00%, Time: 0.08 s
Iteration 3710/5000: Ground Truth: -287.6263, Best: -287.6249, Current: -282.2891, Acceptance: 53.10%, Time: 0.08 s
Iteration 3720/5000: Ground Truth: -287.6263, Best: -287.6249, Current: -285.1847, Acceptance: 53.15%, Time: 0.08 s
Iteration 3730/5000: Ground Truth: -287.6263, Best: -287.6249, Current: -285.8615, Acceptance: 53.11%, Time: 0.08 s
Iteration 3740/5000: Ground Truth: -287.6263, Best: -287.6249, Current: -286.9952, Acceptance: 53.13%, Time: 0.05 s
Iteration 3750/5000: Ground Truth: -287.6263, Best: -287.6249, Current: -286.0211, Acceptance: 53.07%, Time: 0.05 s
Iteration 3760/5000: Ground Truth: -287.6263, Best: -287.6249, Current: -286.5783, Acceptance: 53.06%, Time: 0.08 s
Iteration 3770/5000: Ground Truth: -287.6263, Best: -287.6249, Current: -286.1457, Acceptance: 53.05%, Time: 0.08 s
Iteration 3780/5000: Ground Truth: -287.6263, Best: -287.6249, Current: -285.0329, Acceptance: 53.10%, Time: 0.09 s
Iteration 3790/5000: Ground Truth: -287.6263, Best: -287.6249, Current: -286.2351, Acceptance: 53.09%, Time: 0.05 s
Iteration 3800/5000: Ground Truth: -287.6263, Best: -287.6249, Current: -285.1233, Acceptance: 53.05%, Time: 0.08 s
Iteration 3810/5000: Ground Truth: -287.6263, Best: -287.6249, Current: -285.7173, Acceptance: 53.07%, Time: 0.08 s
Iteration 3820/5000: Ground Truth: -287.6263, Best: -287.6249, Current: -286.2035, Acceptance: 53.06%, Time: 0.05 s
Iteration 3830/5000: Ground Truth: -287.6263, Best: -287.6249, Current: -285.0797, Acceptance: 53.05%, Time: 0.05 s
Iteration 3840/5000: Ground Truth: -287.6263, Best: -287.6249, Current: -286.3448, Acceptance: 52.99%, Time: 0.05 s
Iteration 3850/5000: Ground Truth: -287.6263, Best: -287.6249, Current: -286.1208, Acceptance: 53.06%, Time: 0.05 s
Iteration 3860/5000: Ground Truth: -287.6263, Best: -287.6249, Current: -284.8610, Acceptance: 53.08%, Time: 0.07 s
Iteration 3870/5000: Ground Truth: -287.6263, Best: -287.6249, Current: -284.9171, Acceptance: 53.07%, Time: 0.08 s
Iteration 3880/5000: Ground Truth: -287.6263, Best: -287.6249, Current: -286.6902, Acceptance: 53.04%, Time: 0.05 s
Iteration 3890/5000: Ground Truth: -287.6263, Best: -287.6249, Current: -286.7158, Acceptance: 52.98%, Time: 0.05 s
Iteration 3900/5000: Ground Truth: -287.6263, Best: -287.6249, Current: -286.7565, Acceptance: 52.95%, Time: 0.05 s
Iteration 3910/5000: Ground Truth: -287.6263, Best: -287.6249, Current: -284.8098, Acceptance: 52.99%, Time: 0.08 s
Iteration 3920/5000: Ground Truth: -287.6263, Best: -287.6249, Current: -287.2444, Acceptance: 53.01%, Time: 0.05 s
Iteration 3930/5000: Ground Truth: -287.6263, Best: -287.6249, Current: -286.8885, Acceptance: 52.95%, Time: 0.05 s
Iteration 3940/5000: Ground Truth: -287.6263, Best: -287.6249, Current: -285.3223, Acceptance: 52.97%, Time: 0.08 s
Iteration 3950/5000: Ground Truth: -287.6263, Best: -287.6249, Current: -285.7421, Acceptance: 52.91%, Time: 0.08 s
Iteration 3960/5000: Ground Truth: -287.6263, Best: -287.6249, Current: -286.3305, Acceptance: 52.88%, Time: 0.05 s
Iteration 3970/5000: Ground Truth: -287.6263, Best: -287.6249, Current: -285.0574, Acceptance: 52.85%, Time: 0.08 s
Iteration 3980/5000: Ground Truth: -287.6263, Best: -287.6249, Current: -283.3246, Acceptance: 52.91%, Time: 0.08 s
Iteration 3990/5000: Ground Truth: -287.6263, Best: -287.6249, Current: -284.1336, Acceptance: 52.96%, Time: 0.08 s
Iteration 4000/5000: Ground Truth: -287.6263, Best: -287.6249, Current: -286.5824, Acceptance: 52.92%, Time: 0.05 s
Iteration 4010/5000: Ground Truth: -287.6263, Best: -287.6249, Current: -283.1539, Acceptance: 52.92%, Time: 0.07 s
Iteration 4020/5000: Ground Truth: -287.6263, Best: -287.6249, Current: -286.7370, Acceptance: 52.91%, Time: 0.05 s
Iteration 4030/5000: Ground Truth: -287.6263, Best: -287.6249, Current: -286.6967, Acceptance: 52.85%, Time: 0.08 s
Iteration 4040/5000: Ground Truth: -287.6263, Best: -287.6249, Current: -285.7630, Acceptance: 52.82%, Time: 0.05 s
Iteration 4050/5000: Ground Truth: -287.6263, Best: -287.6249, Current: -285.5011, Acceptance: 52.84%, Time: 0.08 s
Iteration 4060/5000: Ground Truth: -287.6263, Best: -287.6249, Current: -287.0584, Acceptance: 52.81%, Time: 0.05 s
Iteration 4070/5000: Ground Truth: -287.6263, Best: -287.6249, Current: -286.5300, Acceptance: 52.83%, Time: 0.08 s
Iteration 4080/5000: Ground Truth: -287.6263, Best: -287.6249, Current: -284.6837, Acceptance: 52.87%, Time: 0.09 s
Iteration 4090/5000: Ground Truth: -287.6263, Best: -287.6249, Current: -286.1564, Acceptance: 52.89%, Time: 0.05 s
Iteration 4100/5000: Ground Truth: -287.6263, Best: -287.6249, Current: -285.5768, Acceptance: 52.88%, Time: 0.08 s
Iteration 4110/5000: Ground Truth: -287.6263, Best: -287.6249, Current: -283.8837, Acceptance: 52.87%, Time: 0.08 s
Iteration 4120/5000: Ground Truth: -287.6263, Best: -287.6249, Current: -285.1061, Acceptance: 52.94%, Time: 0.08 s
Iteration 4130/5000: Ground Truth: -287.6263, Best: -287.6249, Current: -287.5675, Acceptance: 52.88%, Time: 0.05 s
Iteration 4140/5000: Ground Truth: -287.6263, Best: -287.6249, Current: -285.4586, Acceptance: 52.92%, Time: 0.05 s
Iteration 4150/5000: Ground Truth: -287.6263, Best: -287.6249, Current: -284.1597, Acceptance: 52.92%, Time: 0.08 s
Iteration 4160/5000: Ground Truth: -287.6263, Best: -287.6249, Current: -285.6187, Acceptance: 52.91%, Time: 0.08 s
Iteration 4170/5000: Ground Truth: -287.6263, Best: -287.6249, Current: -285.0160, Acceptance: 52.88%, Time: 0.09 s
Iteration 4180/5000: Ground Truth: -287.6263, Best: -287.6249, Current: -284.8374, Acceptance: 52.92%, Time: 0.08 s
Iteration 4190/5000: Ground Truth: -287.6263, Best: -287.6249, Current: -285.5459, Acceptance: 52.94%, Time: 0.08 s
Iteration 4200/5000: Ground Truth: -287.6263, Best: -287.6249, Current: -285.7589, Acceptance: 52.93%, Time: 0.05 s
Iteration 4210/5000: Ground Truth: -287.6263, Best: -287.6249, Current: -285.8663, Acceptance: 52.92%, Time: 0.08 s
Iteration 4220/5000: Ground Truth: -287.6263, Best: -287.6249, Current: -286.7538, Acceptance: 52.91%, Time: 0.05 s
Iteration 4230/5000: Ground Truth: -287.6263, Best: -287.6249, Current: -285.5607, Acceptance: 52.91%, Time: 0.08 s
Iteration 4240/5000: Ground Truth: -287.6263, Best: -287.6249, Current: -283.2736, Acceptance: 52.90%, Time: 0.09 s
Iteration 4250/5000: Ground Truth: -287.6263, Best: -287.6249, Current: -285.3159, Acceptance: 52.89%, Time: 0.05 s
Iteration 4260/5000: Ground Truth: -287.6263, Best: -287.6249, Current: -287.1620, Acceptance: 52.84%, Time: 0.05 s
Iteration 4270/5000: Ground Truth: -287.6263, Best: -287.6249, Current: -283.5146, Acceptance: 52.93%, Time: 0.09 s
Iteration 4280/5000: Ground Truth: -287.6263, Best: -287.6249, Current: -284.3793, Acceptance: 52.90%, Time: 0.08 s
Iteration 4290/5000: Ground Truth: -287.6263, Best: -287.6249, Current: -284.9256, Acceptance: 52.91%, Time: 0.09 s
Iteration 4300/5000: Ground Truth: -287.6263, Best: -287.6249, Current: -286.6534, Acceptance: 52.93%, Time: 0.05 s
Iteration 4310/5000: Ground Truth: -287.6263, Best: -287.6249, Current: -286.8091, Acceptance: 52.88%, Time: 0.08 s
Iteration 4320/5000: Ground Truth: -287.6263, Best: -287.6249, Current: -286.4663, Acceptance: 52.85%, Time: 0.09 s
Iteration 4330/5000: Ground Truth: -287.6263, Best: -287.6249, Current: -285.3766, Acceptance: 52.86%, Time: 0.05 s
Iteration 4340/5000: Ground Truth: -287.6263, Best: -287.6249, Current: -285.7385, Acceptance: 52.90%, Time: 0.08 s
Iteration 4350/5000: Ground Truth: -287.6263, Best: -287.6249, Current: -285.7060, Acceptance: 52.90%, Time: 0.05 s
Iteration 4360/5000: Ground Truth: -287.6263, Best: -287.6249, Current: -287.3219, Acceptance: 52.87%, Time: 0.05 s
Iteration 4370/5000: Ground Truth: -287.6263, Best: -287.6249, Current: -287.1963, Acceptance: 52.84%, Time: 0.05 s
Iteration 4380/5000: Ground Truth: -287.6263, Best: -287.6249, Current: -285.3782, Acceptance: 52.83%, Time: 0.05 s
Iteration 4390/5000: Ground Truth: -287.6263, Best: -287.6249, Current: -284.4593, Acceptance: 52.85%, Time: 0.08 s
Iteration 4400/5000: Ground Truth: -287.6263, Best: -287.6249, Current: -285.8365, Acceptance: 52.84%, Time: 0.08 s
Iteration 4410/5000: Ground Truth: -287.6263, Best: -287.6249, Current: -283.8896, Acceptance: 52.86%, Time: 0.08 s
Iteration 4420/5000: Ground Truth: -287.6263, Best: -287.6249, Current: -286.0900, Acceptance: 52.87%, Time: 0.08 s
Iteration 4430/5000: Ground Truth: -287.6263, Best: -287.6249, Current: -284.0262, Acceptance: 52.89%, Time: 0.08 s
Iteration 4440/5000: Ground Truth: -287.6263, Best: -287.6249, Current: -286.3832, Acceptance: 52.88%, Time: 0.05 s
Iteration 4450/5000: Ground Truth: -287.6263, Best: -287.6249, Current: -286.0366, Acceptance: 52.88%, Time: 0.05 s
Iteration 4460/5000: Ground Truth: -287.6263, Best: -287.6249, Current: -285.9313, Acceptance: 52.87%, Time: 0.05 s
Iteration 4470/5000: Ground Truth: -287.6263, Best: -287.6249, Current: -286.4567, Acceptance: 52.86%, Time: 0.08 s
Iteration 4480/5000: Ground Truth: -287.6263, Best: -287.6249, Current: -286.1631, Acceptance: 52.81%, Time: 0.08 s
Iteration 4490/5000: Ground Truth: -287.6263, Best: -287.6249, Current: -285.3025, Acceptance: 52.83%, Time: 0.05 s
Iteration 4500/5000: Ground Truth: -287.6263, Best: -287.6249, Current: -284.9216, Acceptance: 52.82%, Time: 0.08 s
Iteration 4510/5000: Ground Truth: -287.6263, Best: -287.6249, Current: -283.0412, Acceptance: 52.84%, Time: 0.05 s
Iteration 4520/5000: Ground Truth: -287.6263, Best: -287.6249, Current: -285.5625, Acceptance: 52.81%, Time: 0.08 s
Iteration 4530/5000: Ground Truth: -287.6263, Best: -287.6249, Current: -286.0269, Acceptance: 52.80%, Time: 0.09 s
Iteration 4540/5000: Ground Truth: -287.6263, Best: -287.6249, Current: -285.7143, Acceptance: 52.80%, Time: 0.09 s
Iteration 4550/5000: Ground Truth: -287.6263, Best: -287.6249, Current: -284.0444, Acceptance: 52.79%, Time: 0.05 s
Iteration 4560/5000: Ground Truth: -287.6263, Best: -287.6249, Current: -282.9337, Acceptance: 52.83%, Time: 0.09 s
Iteration 4570/5000: Ground Truth: -287.6263, Best: -287.6249, Current: -286.1418, Acceptance: 52.82%, Time: 0.09 s
Iteration 4580/5000: Ground Truth: -287.6263, Best: -287.6249, Current: -286.5096, Acceptance: 52.79%, Time: 0.05 s
Iteration 4590/5000: Ground Truth: -287.6263, Best: -287.6249, Current: -284.3016, Acceptance: 52.77%, Time: 0.08 s
Iteration 4600/5000: Ground Truth: -287.6263, Best: -287.6249, Current: -286.9933, Acceptance: 52.72%, Time: 0.09 s
Iteration 4610/5000: Ground Truth: -287.6263, Best: -287.6249, Current: -287.0330, Acceptance: 52.71%, Time: 0.05 s
Iteration 4620/5000: Ground Truth: -287.6263, Best: -287.6249, Current: -287.3652, Acceptance: 52.66%, Time: 0.09 s
Iteration 4630/5000: Ground Truth: -287.6263, Best: -287.6249, Current: -285.4955, Acceptance: 52.68%, Time: 0.05 s
Iteration 4640/5000: Ground Truth: -287.6263, Best: -287.6249, Current: -284.1124, Acceptance: 52.72%, Time: 0.09 s
Iteration 4650/5000: Ground Truth: -287.6263, Best: -287.6249, Current: -286.3402, Acceptance: 52.71%, Time: 0.09 s
Iteration 4660/5000: Ground Truth: -287.6263, Best: -287.6249, Current: -286.5419, Acceptance: 52.68%, Time: 0.05 s
Iteration 4670/5000: Ground Truth: -287.6263, Best: -287.6249, Current: -286.2770, Acceptance: 52.68%, Time: 0.09 s
Iteration 4680/5000: Ground Truth: -287.6263, Best: -287.6249, Current: -285.4756, Acceptance: 52.71%, Time: 0.05 s
Iteration 4690/5000: Ground Truth: -287.6263, Best: -287.6249, Current: -285.1655, Acceptance: 52.71%, Time: 0.09 s
Iteration 4700/5000: Ground Truth: -287.6263, Best: -287.6249, Current: -282.2065, Acceptance: 52.74%, Time: 0.09 s
Iteration 4710/5000: Ground Truth: -287.6263, Best: -287.6249, Current: -286.5314, Acceptance: 52.74%, Time: 0.05 s
Iteration 4720/5000: Ground Truth: -287.6263, Best: -287.6249, Current: -284.2413, Acceptance: 52.73%, Time: 0.09 s
Iteration 4730/5000: Ground Truth: -287.6263, Best: -287.6249, Current: -287.2901, Acceptance: 52.73%, Time: 0.09 s
Iteration 4740/5000: Ground Truth: -287.6263, Best: -287.6249, Current: -284.0492, Acceptance: 52.74%, Time: 0.09 s
Iteration 4750/5000: Ground Truth: -287.6263, Best: -287.6249, Current: -285.1801, Acceptance: 52.74%, Time: 0.09 s
Iteration 4760/5000: Ground Truth: -287.6263, Best: -287.6249, Current: -285.1057, Acceptance: 52.71%, Time: 0.05 s
Iteration 4770/5000: Ground Truth: -287.6263, Best: -287.6249, Current: -285.6981, Acceptance: 52.70%, Time: 0.09 s
Iteration 4780/5000: Ground Truth: -287.6263, Best: -287.6249, Current: -286.0483, Acceptance: 52.68%, Time: 0.05 s
Iteration 4790/5000: Ground Truth: -287.6263, Best: -287.6249, Current: -285.1239, Acceptance: 52.71%, Time: 0.08 s
Iteration 4800/5000: Ground Truth: -287.6263, Best: -287.6249, Current: -281.8285, Acceptance: 52.75%, Time: 0.09 s
Iteration 4810/5000: Ground Truth: -287.6263, Best: -287.6249, Current: -284.7878, Acceptance: 52.77%, Time: 0.09 s
Iteration 4820/5000: Ground Truth: -287.6263, Best: -287.6249, Current: -286.2425, Acceptance: 52.76%, Time: 0.08 s
Iteration 4830/5000: Ground Truth: -287.6263, Best: -287.6249, Current: -285.5530, Acceptance: 52.82%, Time: 0.09 s
Iteration 4840/5000: Ground Truth: -287.6263, Best: -287.6249, Current: -286.1414, Acceptance: 52.87%, Time: 0.09 s
Iteration 4850/5000: Ground Truth: -287.6263, Best: -287.6249, Current: -284.0278, Acceptance: 52.91%, Time: 0.05 s
Iteration 4860/5000: Ground Truth: -287.6263, Best: -287.6249, Current: -286.8871, Acceptance: 52.86%, Time: 0.05 s
Iteration 4870/5000: Ground Truth: -287.6263, Best: -287.6249, Current: -286.2684, Acceptance: 52.81%, Time: 0.05 s
Iteration 4880/5000: Ground Truth: -287.6263, Best: -287.6249, Current: -285.3633, Acceptance: 52.87%, Time: 0.09 s
Iteration 4890/5000: Ground Truth: -287.6263, Best: -287.6249, Current: -285.4075, Acceptance: 52.88%, Time: 0.05 s
Iteration 4900/5000: Ground Truth: -287.6263, Best: -287.6249, Current: -287.4680, Acceptance: 52.82%, Time: 0.09 s
Iteration 4910/5000: Ground Truth: -287.6263, Best: -287.6249, Current: -285.9299, Acceptance: 52.83%, Time: 0.08 s
Iteration 4920/5000: Ground Truth: -287.6263, Best: -287.6249, Current: -283.9699, Acceptance: 52.78%, Time: 0.08 s
Iteration 4930/5000: Ground Truth: -287.6263, Best: -287.6249, Current: -285.4753, Acceptance: 52.82%, Time: 0.05 s
Iteration 4940/5000: Ground Truth: -287.6263, Best: -287.6249, Current: -283.5106, Acceptance: 52.83%, Time: 0.09 s
Iteration 4950/5000: Ground Truth: -287.6263, Best: -287.6249, Current: -287.0726, Acceptance: 52.81%, Time: 0.05 s
Iteration 4960/5000: Ground Truth: -287.6263, Best: -287.6249, Current: -286.1838, Acceptance: 52.78%, Time: 0.09 s
Iteration 4970/5000: Ground Truth: -287.6263, Best: -287.6249, Current: -285.4818, Acceptance: 52.82%, Time: 0.05 s
Iteration 4980/5000: Ground Truth: -287.6263, Best: -287.6249, Current: -284.5424, Acceptance: 52.79%, Time: 0.08 s
Iteration 4990/5000: Ground Truth: -287.6263, Best: -287.6249, Current: -285.4757, Acceptance: 52.77%, Time: 0.09 s
Iteration 5000/5000: Ground Truth: -287.6263, Best: -287.6249, Current: -283.9340, Acceptance: 52.78%, Time: 0.09 s
Matched for mp-6621: RMSD = 0.002, ΔE = 0.001 eV
mp-6621 match: True

Distance and Energy Differences:
[(0.002332648527496961, 0.014602661), (0.0006585111470116434, 0.11136627), (5.214980958760689, 16.736443), (3.4951158377552805, 0.67781067), (1.455154698544188, 0.014369011), (0.0013376111842200657, 8.392334e-05), (3.8305129830530533, 4.9053345), (5.388903852472463, 18.344055), (2.549833681304431, 0.62052155), (0.0015641375144162138, 0.0014648438)]

Matched 5/10 structures.
Match ratio: 0.50
---------------------------------------
Begin Slurm Epilog: Mar-17-2026 19:44:41
Job ID:        5018858
User ID:       hjiang378
Account:       gts-vfung3
Job name:      rmc
Resources:     cpu=12,gres/gpu:v100=1,mem=48G,node=1
Rsrc Used:     cput=1-21:15:24,vmem=0,walltime=03:46:17,mem=2511000K,energy_used=0
Partition:     gpu-v100
QOS:           inferno
Nodes:         atl1-1-02-006-34-0
---------------------------------------
