---------------------------------------
Begin Slurm Prolog: Jan-02-2026 18:33:06
Job ID:    3134201
User ID:   hjiang378
Account:   gts-vfung3
Job name:  pso_local
Partition: gpu-v100
QOS:       inferno
---------------------------------------
2026-01-02 18:33:16,906 - numexpr.utils - INFO - Note: NumExpr detected 24 cores but "NUMEXPR_MAX_THREADS" not set, so enforcing safe limit of 16.
2026-01-02 18:33:16,906 - numexpr.utils - INFO - NumExpr defaulting to 16 threads.
/storage/home/hcoda1/7/hjiang378/conda_envs/torchsim/lib/python3.11/site-packages/e3nn/o3/_wigner.py:10: FutureWarning: You are using `torch.load` with `weights_only=False` (the current default value), which uses the default pickle module implicitly. It is possible to construct malicious pickle data which will execute arbitrary code during unpickling (See https://github.com/pytorch/pytorch/blob/main/SECURITY.md#untrusted-models for more details). In a future release, the default value for `weights_only` will be flipped to `True`. This limits the functions that could be executed during unpickling. Arbitrary objects will no longer be allowed to be loaded via this mode unless they are explicitly allowlisted by the user via `torch.serialization.add_safe_globals`. We recommend you start setting `weights_only=True` for any use case where you don't have full control of the loaded file. Please open an issue on GitHub for any issues related to this experimental feature.
  _Jd, _W3j_flat, _W3j_indices = torch.load(os.path.join(os.path.dirname(__file__), 'constants.pt'))
/storage/home/hcoda1/7/hjiang378/MSP_PSO/scripts/pso_local2.py:321: FutureWarning: You are using `torch.load` with `weights_only=False` (the current default value), which uses the default pickle module implicitly. It is possible to construct malicious pickle data which will execute arbitrary code during unpickling (See https://github.com/pytorch/pytorch/blob/main/SECURITY.md#untrusted-models for more details). In a future release, the default value for `weights_only` will be flipped to `True`. This limits the functions that could be executed during unpickling. Arbitrary objects will no longer be allowed to be loaded via this mode unless they are explicitly allowlisted by the user via `torch.serialization.add_safe_globals`. We recommend you start setting `weights_only=True` for any use case where you don't have full control of the loaded file. Please open an issue on GitHub for any issues related to this experimental feature.
  ckpt = torch.load("mattersim-v1.0.0-5M.pth", map_location=device)
/storage/home/hcoda1/7/hjiang378/conda_envs/torchsim/lib/python3.11/site-packages/pymatgen/core/structure.py:2872: EncodingWarning: We strongly encourage explicit `encoding`, and we would use UTF-8 by default as per PEP 686
  with zopen(filename, "rt", errors="replace") as f:
/storage/home/hcoda1/7/hjiang378/conda_envs/torchsim/lib/python3.11/site-packages/torch_geometric/nn/conv/message_passing.py:1032: UserWarning: 'NeighborEmbedding.jittable' is deprecated and a no-op. Please remove its usage.
  warnings.warn(f"'{self.__class__.__name__}.jittable' is deprecated "
/storage/home/hcoda1/7/hjiang378/conda_envs/torchsim/lib/python3.11/site-packages/torch_geometric/nn/conv/message_passing.py:1032: UserWarning: 'EquivariantMultiHeadAttention.jittable' is deprecated and a no-op. Please remove its usage.
  warnings.warn(f"'{self.__class__.__name__}.jittable' is deprecated "
2026-01-02 18:33:47,121 - root - INFO - Using PyTorch automatic mixed-precision
/storage/home/hcoda1/7/hjiang378/MSP_PSO/matdeeplearn/trainers/base_trainer.py:84: FutureWarning: `torch.cuda.amp.GradScaler(args...)` is deprecated. Please use `torch.amp.GradScaler('cuda', args...)` instead.
  self.scaler = GradScaler(enabled=self.use_amp and self.device.type == "cuda")
2026-01-02 18:33:47,121 - root - INFO - GPU is available: True, Quantity: None
2026-01-02 18:33:47,121 - root - INFO - Dataset(s) used:
2026-01-02 18:33:47,122 - root - INFO - Dataset length: ('full', 24677)
2026-01-02 18:33:47,122 - root - INFO - Dataset length: ('train', 22209)
2026-01-02 18:33:47,123 - root - INFO - Dataset length: ('val', 1233)
2026-01-02 18:33:47,123 - root - INFO - Dataset length: ('test', 1233)
/storage/home/hcoda1/7/hjiang378/MSP_PSO/msp/forcefield/mdl_ff.py:525: FutureWarning: You are using `torch.load` with `weights_only=False` (the current default value), which uses the default pickle module implicitly. It is possible to construct malicious pickle data which will execute arbitrary code during unpickling (See https://github.com/pytorch/pytorch/blob/main/SECURITY.md#untrusted-models for more details). In a future release, the default value for `weights_only` will be flipped to `True`. This limits the functions that could be executed during unpickling. Arbitrary objects will no longer be allowed to be loaded via this mode unless they are explicitly allowlisted by the user via `torch.serialization.add_safe_globals`. We recommend you start setting `weights_only=True` for any use case where you don't have full control of the loaded file. Please open an issue on GitHub for any issues related to this experimental feature.
  checkpoint = torch.load(model_path, map_location=torch.device(self.trainer.rank))
/storage/home/hcoda1/7/hjiang378/MSP_PSO/scripts/pso_local2.py:74: FutureWarning: You are using `torch.load` with `weights_only=False` (the current default value), which uses the default pickle module implicitly. It is possible to construct malicious pickle data which will execute arbitrary code during unpickling (See https://github.com/pytorch/pytorch/blob/main/SECURITY.md#untrusted-models for more details). In a future release, the default value for `weights_only` will be flipped to `True`. This limits the functions that could be executed during unpickling. Arbitrary objects will no longer be allowed to be loaded via this mode unless they are explicitly allowlisted by the user via `torch.serialization.add_safe_globals`. We recommend you start setting `weights_only=True` for any use case where you don't have full control of the loaded file. Please open an issue on GitHub for any issues related to this experimental feature.
  ckpt = torch.load("mattersim-v1.0.0-5M.pth", map_location=device)
/storage/home/hcoda1/7/hjiang378/conda_envs/torchsim/lib/python3.11/site-packages/pymatgen/core/structure.py:2872: EncodingWarning: We strongly encourage explicit `encoding`, and we would use UTF-8 by default as per PEP 686
  with zopen(filename, "rt", errors="replace") as f:
/storage/home/hcoda1/7/hjiang378/MSP_PSO/scripts/utils.py:99: FutureWarning: Please use atoms.calc = calc
  atoms.set_calculator(calculator)
/storage/home/hcoda1/7/hjiang378/MSP_PSO/scripts/pso_local2.py:218: UserWarning: Optimize has reached max steps: 51
  optimized_state = ts.optimize(
2026-01-02 19:23:56,554 - root - INFO - Using PyTorch automatic mixed-precision
2026-01-02 19:23:56,554 - root - INFO - GPU is available: True, Quantity: None
2026-01-02 19:23:56,555 - root - INFO - Dataset(s) used:
2026-01-02 19:23:56,555 - root - INFO - Dataset length: ('full', 24677)
2026-01-02 19:23:56,556 - root - INFO - Dataset length: ('train', 22209)
2026-01-02 19:23:56,556 - root - INFO - Dataset length: ('val', 1233)
2026-01-02 19:23:56,557 - root - INFO - Dataset length: ('test', 1233)
2026-01-02 20:59:50,152 - root - INFO - Using PyTorch automatic mixed-precision
2026-01-02 20:59:50,153 - root - INFO - GPU is available: True, Quantity: None
2026-01-02 20:59:50,153 - root - INFO - Dataset(s) used:
2026-01-02 20:59:50,154 - root - INFO - Dataset length: ('full', 24677)
2026-01-02 20:59:50,154 - root - INFO - Dataset length: ('train', 22209)
2026-01-02 20:59:50,155 - root - INFO - Dataset length: ('val', 1233)
2026-01-02 20:59:50,155 - root - INFO - Dataset length: ('test', 1233)
2026-01-02 21:55:58,800 - root - INFO - Using PyTorch automatic mixed-precision
2026-01-02 21:55:58,801 - root - INFO - GPU is available: True, Quantity: None
2026-01-02 21:55:58,801 - root - INFO - Dataset(s) used:
2026-01-02 21:55:58,802 - root - INFO - Dataset length: ('full', 24677)
2026-01-02 21:55:58,802 - root - INFO - Dataset length: ('train', 22209)
2026-01-02 21:55:58,802 - root - INFO - Dataset length: ('val', 1233)
2026-01-02 21:55:58,803 - root - INFO - Dataset length: ('test', 1233)
cuequivariance or cuequivariance_torch is not available. Cuequivariance acceleration will be disabled.
Attempting to load checkpoint...
model loaded successfully
loaded from ../ensemble_model/torchmd-1/checkpoint_0/best_checkpoint.pt,../ensemble_model/torchmd-2/checkpoint_0/best_checkpoint.pt,../ensemble_model/torchmd-3/checkpoint_0/best_checkpoint.pt,../ensemble_model/torchmd-4/checkpoint_0/best_checkpoint.pt,../ensemble_model/torchmd-5/checkpoint_0/best_checkpoint.pt
Recent checkpoint loaded successfully.
Iteration 1: Ground Truth: -84.43333435058594, Best Cost = -61.966670989990234, Time Taken: 32.39 s
Iteration 2: Ground Truth: -84.43333435058594, Best Cost = -61.966670989990234, Time Taken: 29.89 s
Iteration 3: Ground Truth: -84.43333435058594, Best Cost = -61.966670989990234, Time Taken: 29.83 s
Iteration 4: Ground Truth: -84.43333435058594, Best Cost = -61.966670989990234, Time Taken: 29.60 s
Iteration 5: Ground Truth: -84.43333435058594, Best Cost = -61.966670989990234, Time Taken: 29.32 s
Iteration 6: Ground Truth: -84.43333435058594, Best Cost = -61.966670989990234, Time Taken: 28.87 s
Iteration 7: Ground Truth: -84.43333435058594, Best Cost = -61.966670989990234, Time Taken: 29.01 s
Iteration 8: Ground Truth: -84.43333435058594, Best Cost = -61.966670989990234, Time Taken: 28.65 s
Iteration 9: Ground Truth: -84.43333435058594, Best Cost = -61.966670989990234, Time Taken: 28.90 s
Iteration 10: Ground Truth: -84.43333435058594, Best Cost = -61.966670989990234, Time Taken: 28.96 s
Iteration 11: Ground Truth: -84.43333435058594, Best Cost = -62.15835189819336, Time Taken: 28.61 s
Iteration 12: Ground Truth: -84.43333435058594, Best Cost = -62.15835189819336, Time Taken: 28.97 s
Iteration 13: Ground Truth: -84.43333435058594, Best Cost = -62.15835189819336, Time Taken: 28.78 s
Iteration 14: Ground Truth: -84.43333435058594, Best Cost = -62.15835189819336, Time Taken: 28.47 s
Iteration 15: Ground Truth: -84.43333435058594, Best Cost = -62.15835189819336, Time Taken: 28.54 s
Iteration 16: Ground Truth: -84.43333435058594, Best Cost = -62.15835189819336, Time Taken: 28.45 s
Iteration 17: Ground Truth: -84.43333435058594, Best Cost = -62.15835189819336, Time Taken: 28.53 s
Iteration 18: Ground Truth: -84.43333435058594, Best Cost = -62.15835189819336, Time Taken: 28.54 s
Iteration 19: Ground Truth: -84.43333435058594, Best Cost = -62.53794479370117, Time Taken: 28.52 s
Iteration 20: Ground Truth: -84.43333435058594, Best Cost = -62.53794479370117, Time Taken: 28.50 s
Iteration 21: Ground Truth: -84.43333435058594, Best Cost = -62.53794479370117, Time Taken: 28.45 s
Iteration 22: Ground Truth: -84.43333435058594, Best Cost = -62.53794479370117, Time Taken: 28.09 s
Iteration 23: Ground Truth: -84.43333435058594, Best Cost = -62.53794479370117, Time Taken: 28.19 s
Iteration 24: Ground Truth: -84.43333435058594, Best Cost = -62.53794479370117, Time Taken: 28.01 s
Iteration 25: Ground Truth: -84.43333435058594, Best Cost = -62.53794479370117, Time Taken: 28.32 s
Iteration 26: Ground Truth: -84.43333435058594, Best Cost = -62.53794479370117, Time Taken: 28.20 s
Iteration 27: Ground Truth: -84.43333435058594, Best Cost = -62.53794479370117, Time Taken: 28.34 s
Iteration 28: Ground Truth: -84.43333435058594, Best Cost = -62.53794479370117, Time Taken: 28.04 s
Iteration 29: Ground Truth: -84.43333435058594, Best Cost = -62.72585678100586, Time Taken: 28.23 s
Iteration 30: Ground Truth: -84.43333435058594, Best Cost = -62.72585678100586, Time Taken: 28.15 s
Iteration 31: Ground Truth: -84.43333435058594, Best Cost = -62.72585678100586, Time Taken: 28.17 s
Iteration 32: Ground Truth: -84.43333435058594, Best Cost = -62.72585678100586, Time Taken: 28.08 s
Iteration 33: Ground Truth: -84.43333435058594, Best Cost = -62.72585678100586, Time Taken: 28.19 s
Iteration 34: Ground Truth: -84.43333435058594, Best Cost = -62.72585678100586, Time Taken: 28.27 s
Iteration 35: Ground Truth: -84.43333435058594, Best Cost = -62.72585678100586, Time Taken: 28.48 s
Iteration 36: Ground Truth: -84.43333435058594, Best Cost = -62.72585678100586, Time Taken: 28.36 s
Iteration 37: Ground Truth: -84.43333435058594, Best Cost = -62.72585678100586, Time Taken: 28.34 s
Iteration 38: Ground Truth: -84.43333435058594, Best Cost = -62.72585678100586, Time Taken: 28.32 s
Iteration 39: Ground Truth: -84.43333435058594, Best Cost = -62.72585678100586, Time Taken: 28.40 s
Iteration 40: Ground Truth: -84.43333435058594, Best Cost = -62.72585678100586, Time Taken: 28.37 s
Iteration 41: Ground Truth: -84.43333435058594, Best Cost = -62.72585678100586, Time Taken: 28.47 s
Iteration 42: Ground Truth: -84.43333435058594, Best Cost = -62.72585678100586, Time Taken: 28.22 s
Iteration 43: Ground Truth: -84.43333435058594, Best Cost = -63.134483337402344, Time Taken: 28.22 s
Iteration 44: Ground Truth: -84.43333435058594, Best Cost = -63.134483337402344, Time Taken: 28.27 s
Iteration 45: Ground Truth: -84.43333435058594, Best Cost = -63.134483337402344, Time Taken: 28.11 s
Iteration 46: Ground Truth: -84.43333435058594, Best Cost = -63.134483337402344, Time Taken: 28.27 s
Iteration 47: Ground Truth: -84.43333435058594, Best Cost = -63.134483337402344, Time Taken: 28.22 s
Iteration 48: Ground Truth: -84.43333435058594, Best Cost = -63.134483337402344, Time Taken: 28.36 s
Iteration 49: Ground Truth: -84.43333435058594, Best Cost = -63.134483337402344, Time Taken: 28.45 s
Iteration 50: Ground Truth: -84.43333435058594, Best Cost = -63.134483337402344, Time Taken: 28.01 s
Iteration 51: Ground Truth: -84.43333435058594, Best Cost = -63.134483337402344, Time Taken: 28.35 s
Iteration 52: Ground Truth: -84.43333435058594, Best Cost = -63.134483337402344, Time Taken: 28.58 s
Iteration 53: Ground Truth: -84.43333435058594, Best Cost = -63.134483337402344, Time Taken: 28.80 s
Iteration 54: Ground Truth: -84.43333435058594, Best Cost = -63.134483337402344, Time Taken: 28.56 s
Iteration 55: Ground Truth: -84.43333435058594, Best Cost = -63.134483337402344, Time Taken: 28.22 s
Iteration 56: Ground Truth: -84.43333435058594, Best Cost = -63.134483337402344, Time Taken: 28.05 s
Iteration 57: Ground Truth: -84.43333435058594, Best Cost = -63.134483337402344, Time Taken: 28.04 s
Iteration 58: Ground Truth: -84.43333435058594, Best Cost = -63.134483337402344, Time Taken: 28.34 s
Iteration 59: Ground Truth: -84.43333435058594, Best Cost = -63.134483337402344, Time Taken: 28.37 s
Iteration 60: Ground Truth: -84.43333435058594, Best Cost = -63.134483337402344, Time Taken: 28.56 s
Iteration 61: Ground Truth: -84.43333435058594, Best Cost = -63.134483337402344, Time Taken: 28.28 s
Iteration 62: Ground Truth: -84.43333435058594, Best Cost = -63.134483337402344, Time Taken: 28.56 s
Iteration 63: Ground Truth: -84.43333435058594, Best Cost = -63.134483337402344, Time Taken: 28.29 s
Iteration 64: Ground Truth: -84.43333435058594, Best Cost = -63.134483337402344, Time Taken: 28.21 s
Iteration 65: Ground Truth: -84.43333435058594, Best Cost = -63.134483337402344, Time Taken: 28.57 s
Iteration 66: Ground Truth: -84.43333435058594, Best Cost = -64.1750259399414, Time Taken: 28.82 s
Iteration 67: Ground Truth: -84.43333435058594, Best Cost = -64.1750259399414, Time Taken: 29.02 s
Iteration 68: Ground Truth: -84.43333435058594, Best Cost = -64.1750259399414, Time Taken: 28.82 s
Iteration 69: Ground Truth: -84.43333435058594, Best Cost = -64.1750259399414, Time Taken: 28.98 s
Iteration 70: Ground Truth: -84.43333435058594, Best Cost = -64.1750259399414, Time Taken: 28.97 s
Iteration 71: Ground Truth: -84.43333435058594, Best Cost = -64.1750259399414, Time Taken: 29.11 s
Iteration 72: Ground Truth: -84.43333435058594, Best Cost = -64.1750259399414, Time Taken: 28.84 s
Iteration 73: Ground Truth: -84.43333435058594, Best Cost = -64.63440704345703, Time Taken: 28.84 s
Iteration 74: Ground Truth: -84.43333435058594, Best Cost = -64.63440704345703, Time Taken: 28.68 s
Iteration 75: Ground Truth: -84.43333435058594, Best Cost = -64.63440704345703, Time Taken: 28.50 s
Iteration 76: Ground Truth: -84.43333435058594, Best Cost = -64.63440704345703, Time Taken: 28.47 s
Iteration 77: Ground Truth: -84.43333435058594, Best Cost = -64.63440704345703, Time Taken: 28.73 s
Iteration 78: Ground Truth: -84.43333435058594, Best Cost = -64.63440704345703, Time Taken: 29.11 s
Iteration 79: Ground Truth: -84.43333435058594, Best Cost = -64.63440704345703, Time Taken: 28.81 s
Iteration 80: Ground Truth: -84.43333435058594, Best Cost = -64.63440704345703, Time Taken: 28.91 s
Iteration 81: Ground Truth: -84.43333435058594, Best Cost = -64.63440704345703, Time Taken: 28.82 s
Iteration 82: Ground Truth: -84.43333435058594, Best Cost = -64.63440704345703, Time Taken: 28.63 s
Iteration 83: Ground Truth: -84.43333435058594, Best Cost = -64.63440704345703, Time Taken: 28.80 s
Iteration 84: Ground Truth: -84.43333435058594, Best Cost = -64.63440704345703, Time Taken: 29.25 s
Iteration 85: Ground Truth: -84.43333435058594, Best Cost = -64.63440704345703, Time Taken: 29.04 s
Iteration 86: Ground Truth: -84.43333435058594, Best Cost = -64.63440704345703, Time Taken: 28.97 s
Iteration 87: Ground Truth: -84.43333435058594, Best Cost = -64.63440704345703, Time Taken: 29.26 s
Iteration 88: Ground Truth: -84.43333435058594, Best Cost = -66.07574462890625, Time Taken: 28.62 s
Iteration 89: Ground Truth: -84.43333435058594, Best Cost = -66.07574462890625, Time Taken: 28.82 s
Iteration 90: Ground Truth: -84.43333435058594, Best Cost = -66.07574462890625, Time Taken: 28.97 s
Iteration 91: Ground Truth: -84.43333435058594, Best Cost = -66.07574462890625, Time Taken: 28.97 s
Iteration 92: Ground Truth: -84.43333435058594, Best Cost = -66.07574462890625, Time Taken: 28.65 s
Iteration 93: Ground Truth: -84.43333435058594, Best Cost = -66.07574462890625, Time Taken: 29.17 s
Iteration 94: Ground Truth: -84.43333435058594, Best Cost = -66.07574462890625, Time Taken: 28.97 s
Iteration 95: Ground Truth: -84.43333435058594, Best Cost = -66.07574462890625, Time Taken: 29.09 s
Iteration 96: Ground Truth: -84.43333435058594, Best Cost = -66.07574462890625, Time Taken: 29.11 s
Iteration 97: Ground Truth: -84.43333435058594, Best Cost = -66.07574462890625, Time Taken: 29.04 s
Iteration 98: Ground Truth: -84.43333435058594, Best Cost = -66.07574462890625, Time Taken: 28.84 s
Iteration 99: Ground Truth: -84.43333435058594, Best Cost = -66.07574462890625, Time Taken: 28.71 s
Iteration 100: Ground Truth: -84.43333435058594, Best Cost = -66.07574462890625, Time Taken: 29.07 s
No match for mp-1186168: RMSD = 3.761, ΔE = 13.975 eV
mp-1186168 match: [False]
Attempting to load checkpoint...
model loaded successfully
loaded from ../ensemble_model/torchmd-1/checkpoint_0/best_checkpoint.pt,../ensemble_model/torchmd-2/checkpoint_0/best_checkpoint.pt,../ensemble_model/torchmd-3/checkpoint_0/best_checkpoint.pt,../ensemble_model/torchmd-4/checkpoint_0/best_checkpoint.pt,../ensemble_model/torchmd-5/checkpoint_0/best_checkpoint.pt
Recent checkpoint loaded successfully.
Iteration 1: Ground Truth: -506.90875244140625, Best Cost = 403.1617736816406, Time Taken: 51.91 s
Iteration 2: Ground Truth: -506.90875244140625, Best Cost = 403.1617736816406, Time Taken: 48.55 s
Iteration 3: Ground Truth: -506.90875244140625, Best Cost = 403.1617736816406, Time Taken: 46.90 s
Iteration 4: Ground Truth: -506.90875244140625, Best Cost = 234.32949829101562, Time Taken: 46.20 s
Iteration 5: Ground Truth: -506.90875244140625, Best Cost = 234.32949829101562, Time Taken: 45.46 s
Iteration 6: Ground Truth: -506.90875244140625, Best Cost = 188.16050720214844, Time Taken: 44.37 s
Iteration 7: Ground Truth: -506.90875244140625, Best Cost = 172.46421813964844, Time Taken: 44.30 s
Iteration 8: Ground Truth: -506.90875244140625, Best Cost = 172.46421813964844, Time Taken: 43.59 s
Iteration 9: Ground Truth: -506.90875244140625, Best Cost = 172.46421813964844, Time Taken: 43.91 s
Iteration 10: Ground Truth: -506.90875244140625, Best Cost = 172.46421813964844, Time Taken: 43.64 s
Iteration 11: Ground Truth: -506.90875244140625, Best Cost = 172.46421813964844, Time Taken: 42.96 s
Iteration 12: Ground Truth: -506.90875244140625, Best Cost = 172.46421813964844, Time Taken: 41.15 s
Iteration 13: Ground Truth: -506.90875244140625, Best Cost = 172.46421813964844, Time Taken: 41.82 s
Iteration 14: Ground Truth: -506.90875244140625, Best Cost = 58.781532287597656, Time Taken: 41.30 s
Iteration 15: Ground Truth: -506.90875244140625, Best Cost = 58.781532287597656, Time Taken: 40.61 s
Iteration 16: Ground Truth: -506.90875244140625, Best Cost = 58.781532287597656, Time Taken: 41.95 s
Iteration 17: Ground Truth: -506.90875244140625, Best Cost = 58.781532287597656, Time Taken: 40.64 s
Iteration 18: Ground Truth: -506.90875244140625, Best Cost = 58.781532287597656, Time Taken: 39.90 s
Iteration 19: Ground Truth: -506.90875244140625, Best Cost = -51.6413459777832, Time Taken: 41.29 s
Iteration 20: Ground Truth: -506.90875244140625, Best Cost = -51.6413459777832, Time Taken: 40.96 s
Iteration 21: Ground Truth: -506.90875244140625, Best Cost = -51.6413459777832, Time Taken: 39.50 s
Iteration 22: Ground Truth: -506.90875244140625, Best Cost = -51.6413459777832, Time Taken: 41.39 s
Iteration 23: Ground Truth: -506.90875244140625, Best Cost = -51.6413459777832, Time Taken: 40.48 s
Iteration 24: Ground Truth: -506.90875244140625, Best Cost = -51.6413459777832, Time Taken: 40.36 s
Iteration 25: Ground Truth: -506.90875244140625, Best Cost = -58.164249420166016, Time Taken: 41.04 s
Iteration 26: Ground Truth: -506.90875244140625, Best Cost = -58.164249420166016, Time Taken: 39.30 s
Iteration 27: Ground Truth: -506.90875244140625, Best Cost = -58.164249420166016, Time Taken: 39.46 s
Iteration 28: Ground Truth: -506.90875244140625, Best Cost = -58.164249420166016, Time Taken: 39.95 s
Iteration 29: Ground Truth: -506.90875244140625, Best Cost = -58.164249420166016, Time Taken: 39.21 s
Iteration 30: Ground Truth: -506.90875244140625, Best Cost = -58.164249420166016, Time Taken: 39.23 s
Iteration 31: Ground Truth: -506.90875244140625, Best Cost = -58.164249420166016, Time Taken: 39.70 s
Iteration 32: Ground Truth: -506.90875244140625, Best Cost = -58.164249420166016, Time Taken: 39.41 s
Iteration 33: Ground Truth: -506.90875244140625, Best Cost = -58.164249420166016, Time Taken: 39.24 s
Iteration 34: Ground Truth: -506.90875244140625, Best Cost = -199.6089324951172, Time Taken: 39.74 s
Iteration 35: Ground Truth: -506.90875244140625, Best Cost = -199.6089324951172, Time Taken: 39.48 s
Iteration 36: Ground Truth: -506.90875244140625, Best Cost = -199.6089324951172, Time Taken: 39.23 s
Iteration 37: Ground Truth: -506.90875244140625, Best Cost = -199.6089324951172, Time Taken: 39.35 s
Iteration 38: Ground Truth: -506.90875244140625, Best Cost = -199.6089324951172, Time Taken: 38.69 s
Iteration 39: Ground Truth: -506.90875244140625, Best Cost = -199.6089324951172, Time Taken: 38.49 s
Iteration 40: Ground Truth: -506.90875244140625, Best Cost = -199.6089324951172, Time Taken: 37.69 s
Iteration 41: Ground Truth: -506.90875244140625, Best Cost = -199.6089324951172, Time Taken: 39.60 s
Iteration 42: Ground Truth: -506.90875244140625, Best Cost = -199.6089324951172, Time Taken: 39.54 s
Iteration 43: Ground Truth: -506.90875244140625, Best Cost = -199.6089324951172, Time Taken: 39.37 s
Iteration 44: Ground Truth: -506.90875244140625, Best Cost = -199.6089324951172, Time Taken: 40.58 s
Iteration 45: Ground Truth: -506.90875244140625, Best Cost = -199.6089324951172, Time Taken: 37.11 s
Iteration 46: Ground Truth: -506.90875244140625, Best Cost = -199.6089324951172, Time Taken: 37.04 s
Iteration 47: Ground Truth: -506.90875244140625, Best Cost = -199.6089324951172, Time Taken: 36.36 s
Iteration 48: Ground Truth: -506.90875244140625, Best Cost = -199.6089324951172, Time Taken: 36.67 s
Iteration 49: Ground Truth: -506.90875244140625, Best Cost = -199.6089324951172, Time Taken: 36.08 s
Iteration 50: Ground Truth: -506.90875244140625, Best Cost = -199.6089324951172, Time Taken: 38.60 s
Iteration 51: Ground Truth: -506.90875244140625, Best Cost = -199.6089324951172, Time Taken: 36.90 s
Iteration 52: Ground Truth: -506.90875244140625, Best Cost = -199.6089324951172, Time Taken: 39.48 s
Iteration 53: Ground Truth: -506.90875244140625, Best Cost = -199.6089324951172, Time Taken: 36.37 s
Iteration 54: Ground Truth: -506.90875244140625, Best Cost = -199.6089324951172, Time Taken: 36.15 s
Iteration 55: Ground Truth: -506.90875244140625, Best Cost = -199.6089324951172, Time Taken: 39.24 s
Iteration 56: Ground Truth: -506.90875244140625, Best Cost = -202.4815216064453, Time Taken: 37.13 s
Iteration 57: Ground Truth: -506.90875244140625, Best Cost = -202.4815216064453, Time Taken: 36.03 s
Iteration 58: Ground Truth: -506.90875244140625, Best Cost = -202.4815216064453, Time Taken: 36.52 s
Iteration 59: Ground Truth: -506.90875244140625, Best Cost = -202.4815216064453, Time Taken: 35.74 s
Iteration 60: Ground Truth: -506.90875244140625, Best Cost = -202.4815216064453, Time Taken: 38.06 s
Iteration 61: Ground Truth: -506.90875244140625, Best Cost = -202.4815216064453, Time Taken: 35.53 s
Iteration 62: Ground Truth: -506.90875244140625, Best Cost = -202.4815216064453, Time Taken: 36.27 s
Iteration 63: Ground Truth: -506.90875244140625, Best Cost = -202.4815216064453, Time Taken: 37.28 s
Iteration 64: Ground Truth: -506.90875244140625, Best Cost = -202.4815216064453, Time Taken: 35.83 s
Iteration 65: Ground Truth: -506.90875244140625, Best Cost = -202.4815216064453, Time Taken: 35.94 s
Iteration 66: Ground Truth: -506.90875244140625, Best Cost = -202.4815216064453, Time Taken: 36.31 s
Iteration 67: Ground Truth: -506.90875244140625, Best Cost = -202.4815216064453, Time Taken: 36.51 s
Iteration 68: Ground Truth: -506.90875244140625, Best Cost = -202.4815216064453, Time Taken: 38.54 s
Iteration 69: Ground Truth: -506.90875244140625, Best Cost = -202.4815216064453, Time Taken: 35.96 s
Iteration 70: Ground Truth: -506.90875244140625, Best Cost = -202.4815216064453, Time Taken: 37.68 s
Iteration 71: Ground Truth: -506.90875244140625, Best Cost = -202.4815216064453, Time Taken: 36.31 s
Iteration 72: Ground Truth: -506.90875244140625, Best Cost = -202.4815216064453, Time Taken: 35.84 s
Iteration 73: Ground Truth: -506.90875244140625, Best Cost = -202.4815216064453, Time Taken: 36.47 s
Iteration 74: Ground Truth: -506.90875244140625, Best Cost = -202.4815216064453, Time Taken: 36.16 s
Iteration 75: Ground Truth: -506.90875244140625, Best Cost = -202.4815216064453, Time Taken: 36.08 s
Iteration 76: Ground Truth: -506.90875244140625, Best Cost = -202.4815216064453, Time Taken: 35.82 s
Iteration 77: Ground Truth: -506.90875244140625, Best Cost = -202.4815216064453, Time Taken: 36.47 s
Iteration 78: Ground Truth: -506.90875244140625, Best Cost = -202.4815216064453, Time Taken: 38.63 s
Iteration 79: Ground Truth: -506.90875244140625, Best Cost = -202.4815216064453, Time Taken: 36.17 s
Iteration 80: Ground Truth: -506.90875244140625, Best Cost = -202.4815216064453, Time Taken: 36.09 s
Iteration 81: Ground Truth: -506.90875244140625, Best Cost = -202.4815216064453, Time Taken: 37.03 s
Iteration 82: Ground Truth: -506.90875244140625, Best Cost = -202.4815216064453, Time Taken: 36.31 s
Iteration 83: Ground Truth: -506.90875244140625, Best Cost = -202.4815216064453, Time Taken: 35.72 s
Iteration 84: Ground Truth: -506.90875244140625, Best Cost = -202.4815216064453, Time Taken: 36.11 s
Iteration 85: Ground Truth: -506.90875244140625, Best Cost = -202.4815216064453, Time Taken: 35.57 s
Iteration 86: Ground Truth: -506.90875244140625, Best Cost = -202.4815216064453, Time Taken: 36.26 s
Iteration 87: Ground Truth: -506.90875244140625, Best Cost = -202.4815216064453, Time Taken: 36.21 s
Iteration 88: Ground Truth: -506.90875244140625, Best Cost = -202.4815216064453, Time Taken: 38.82 s
Iteration 89: Ground Truth: -506.90875244140625, Best Cost = -202.4815216064453, Time Taken: 34.94 s
Iteration 90: Ground Truth: -506.90875244140625, Best Cost = -202.4815216064453, Time Taken: 38.08 s
Iteration 91: Ground Truth: -506.90875244140625, Best Cost = -202.4815216064453, Time Taken: 35.53 s
Iteration 92: Ground Truth: -506.90875244140625, Best Cost = -202.4815216064453, Time Taken: 37.47 s
Iteration 93: Ground Truth: -506.90875244140625, Best Cost = -202.4815216064453, Time Taken: 36.19 s
Iteration 94: Ground Truth: -506.90875244140625, Best Cost = -202.4815216064453, Time Taken: 35.43 s
Iteration 95: Ground Truth: -506.90875244140625, Best Cost = -202.4815216064453, Time Taken: 35.67 s
Iteration 96: Ground Truth: -506.90875244140625, Best Cost = -202.4815216064453, Time Taken: 35.47 s
Iteration 97: Ground Truth: -506.90875244140625, Best Cost = -202.4815216064453, Time Taken: 35.74 s
Iteration 98: Ground Truth: -506.90875244140625, Best Cost = -202.4815216064453, Time Taken: 37.78 s
Iteration 99: Ground Truth: -506.90875244140625, Best Cost = -202.4815216064453, Time Taken: 35.50 s
Iteration 100: Ground Truth: -506.90875244140625, Best Cost = -202.4815216064453, Time Taken: 36.70 s
No match for mp-1205354: RMSD = 22.652, ΔE = 147.957 eV
mp-1205354 match: [False]
Attempting to load checkpoint...
model loaded successfully
loaded from ../ensemble_model/torchmd-1/checkpoint_0/best_checkpoint.pt,../ensemble_model/torchmd-2/checkpoint_0/best_checkpoint.pt,../ensemble_model/torchmd-3/checkpoint_0/best_checkpoint.pt,../ensemble_model/torchmd-4/checkpoint_0/best_checkpoint.pt,../ensemble_model/torchmd-5/checkpoint_0/best_checkpoint.pt
Recent checkpoint loaded successfully.
Iteration 3: Ground Truth: -49.025245666503906, Best Cost = 16.02549934387207, Time Taken: 30.21 s
Iteration 3: Ground Truth: -49.025245666503906, Best Cost = -10.909605026245117, Time Taken: 30.99 s
Iteration 3: Ground Truth: -49.025245666503906, Best Cost = -10.909605026245117, Time Taken: 31.34 s
Iteration 4: Ground Truth: -49.025245666503906, Best Cost = -26.77781105041504, Time Taken: 31.58 s
Iteration 5: Ground Truth: -49.025245666503906, Best Cost = -26.77781105041504, Time Taken: 31.08 s
Iteration 3: Ground Truth: -49.025245666503906, Best Cost = -26.77781105041504, Time Taken: 31.13 s
Iteration 7: Ground Truth: -49.025245666503906, Best Cost = -26.77781105041504, Time Taken: 31.23 s
Iteration 8: Ground Truth: -49.025245666503906, Best Cost = -26.77781105041504, Time Taken: 31.14 s
Iteration 9: Ground Truth: -49.025245666503906, Best Cost = -26.77781105041504, Time Taken: 31.18 s
Iteration 10: Ground Truth: -49.025245666503906, Best Cost = -26.77781105041504, Time Taken: 31.24 s
Iteration 11: Ground Truth: -49.025245666503906, Best Cost = -26.77781105041504, Time Taken: 31.24 s
Iteration 12: Ground Truth: -49.025245666503906, Best Cost = -26.77781105041504, Time Taken: 31.45 s
Iteration 13: Ground Truth: -49.025245666503906, Best Cost = -26.77781105041504, Time Taken: 31.46 s
Iteration 14: Ground Truth: -49.025245666503906, Best Cost = -26.77781105041504, Time Taken: 31.38 s
Iteration 15: Ground Truth: -49.025245666503906, Best Cost = -29.682525634765625, Time Taken: 31.63 s
Iteration 16: Ground Truth: -49.025245666503906, Best Cost = -29.682525634765625, Time Taken: 31.81 s
Iteration 17: Ground Truth: -49.025245666503906, Best Cost = -29.682525634765625, Time Taken: 31.39 s
Iteration 18: Ground Truth: -49.025245666503906, Best Cost = -29.682525634765625, Time Taken: 31.79 s
Iteration 19: Ground Truth: -49.025245666503906, Best Cost = -29.682525634765625, Time Taken: 31.85 s
Iteration 20: Ground Truth: -49.025245666503906, Best Cost = -30.668296813964844, Time Taken: 31.49 s
Iteration 21: Ground Truth: -49.025245666503906, Best Cost = -32.37839126586914, Time Taken: 31.47 s
Iteration 22: Ground Truth: -49.025245666503906, Best Cost = -32.37839126586914, Time Taken: 31.85 s
Iteration 23: Ground Truth: -49.025245666503906, Best Cost = -32.37839126586914, Time Taken: 31.83 s
Iteration 24: Ground Truth: -49.025245666503906, Best Cost = -32.37839126586914, Time Taken: 31.83 s
Iteration 25: Ground Truth: -49.025245666503906, Best Cost = -32.37839126586914, Time Taken: 31.90 s
Iteration 26: Ground Truth: -49.025245666503906, Best Cost = -32.37839126586914, Time Taken: 31.92 s
Iteration 27: Ground Truth: -49.025245666503906, Best Cost = -32.37839126586914, Time Taken: 32.11 s
Iteration 28: Ground Truth: -49.025245666503906, Best Cost = -32.37839126586914, Time Taken: 32.35 s
Iteration 29: Ground Truth: -49.025245666503906, Best Cost = -32.37839126586914, Time Taken: 31.61 s
Iteration 30: Ground Truth: -49.025245666503906, Best Cost = -32.37839126586914, Time Taken: 31.63 s
Iteration 3: Ground Truth: -49.025245666503906, Best Cost = -32.37839126586914, Time Taken: 32.07 s2026-01-02 22:45:23,431 - root - INFO - Using PyTorch automatic mixed-precision
2026-01-02 22:45:23,432 - root - INFO - GPU is available: True, Quantity: None
2026-01-02 22:45:23,432 - root - INFO - Dataset(s) used:
2026-01-02 22:45:23,433 - root - INFO - Dataset length: ('full', 24677)
2026-01-02 22:45:23,433 - root - INFO - Dataset length: ('train', 22209)
2026-01-02 22:45:23,434 - root - INFO - Dataset length: ('val', 1233)
2026-01-02 22:45:23,434 - root - INFO - Dataset length: ('test', 1233)
/storage/home/hcoda1/7/hjiang378/conda_envs/torchsim/lib/python3.11/site-packages/pymatgen/io/cif.py:1221: UserWarning: Issues encountered while parsing CIF: 18 fractional coordinates rounded to ideal values to avoid issues with finite precision.
  warnings.warn("Issues encountered while parsing CIF: " + "\n".join(self.warnings))
2026-01-02 23:43:05,897 - root - INFO - Using PyTorch automatic mixed-precision
2026-01-02 23:43:05,898 - root - INFO - GPU is available: True, Quantity: None
2026-01-02 23:43:05,898 - root - INFO - Dataset(s) used:
2026-01-02 23:43:05,898 - root - INFO - Dataset length: ('full', 24677)
2026-01-02 23:43:05,899 - root - INFO - Dataset length: ('train', 22209)
2026-01-02 23:43:05,899 - root - INFO - Dataset length: ('val', 1233)
2026-01-02 23:43:05,900 - root - INFO - Dataset length: ('test', 1233)

Iteration 32: Ground Truth: -49.025245666503906, Best Cost = -32.37839126586914, Time Taken: 32.13 s
Iteration 33: Ground Truth: -49.025245666503906, Best Cost = -32.37839126586914, Time Taken: 32.11 s
Iteration 34: Ground Truth: -49.025245666503906, Best Cost = -32.37839126586914, Time Taken: 32.10 s
Iteration 35: Ground Truth: -49.025245666503906, Best Cost = -32.37839126586914, Time Taken: 32.26 s
Iteration 36: Ground Truth: -49.025245666503906, Best Cost = -32.37839126586914, Time Taken: 32.15 s
Iteration 3: Ground Truth: -49.025245666503906, Best Cost = -32.37839126586914, Time Taken: 32.40 s
Iteration 38: Ground Truth: -49.025245666503906, Best Cost = -32.37839126586914, Time Taken: 32.11 s
Iteration 39: Ground Truth: -49.025245666503906, Best Cost = -32.37839126586914, Time Taken: 32.18 s
Iteration 40: Ground Truth: -49.025245666503906, Best Cost = -32.37839126586914, Time Taken: 31.77 s
Iteration 41: Ground Truth: -49.025245666503906, Best Cost = -32.37839126586914, Time Taken: 32.26 s
Iteration 3: Ground Truth: -49.025245666503906, Best Cost = -32.37839126586914, Time Taken: 32.48 s
Iteration 43: Ground Truth: -49.025245666503906, Best Cost = -32.37839126586914, Time Taken: 32.43 s
Iteration 44: Ground Truth: -49.025245666503906, Best Cost = -32.37839126586914, Time Taken: 32.10 s
Iteration 45: Ground Truth: -49.025245666503906, Best Cost = -32.37839126586914, Time Taken: 31.79 s
Iteration 3: Ground Truth: -49.025245666503906, Best Cost = -32.37839126586914, Time Taken: 32.02 s
Iteration 47: Ground Truth: -49.025245666503906, Best Cost = -32.37839126586914, Time Taken: 31.74 s
Iteration 3: Ground Truth: -49.025245666503906, Best Cost = -32.37839126586914, Time Taken: 32.10 s
Iteration 49: Ground Truth: -49.025245666503906, Best Cost = -32.37839126586914, Time Taken: 32.04 s
Iteration 50: Ground Truth: -49.025245666503906, Best Cost = -32.37839126586914, Time Taken: 32.29 s
Iteration 51: Ground Truth: -49.025245666503906, Best Cost = -32.37839126586914, Time Taken: 32.21 s
Iteration 52: Ground Truth: -49.025245666503906, Best Cost = -32.37839126586914, Time Taken: 32.17 s
Iteration 53: Ground Truth: -49.025245666503906, Best Cost = -32.37839126586914, Time Taken: 31.83 s
Iteration 54: Ground Truth: -49.025245666503906, Best Cost = -32.37839126586914, Time Taken: 31.94 s
Iteration 55: Ground Truth: -49.025245666503906, Best Cost = -32.37839126586914, Time Taken: 32.31 s
Iteration 56: Ground Truth: -49.025245666503906, Best Cost = -32.37839126586914, Time Taken: 32.43 s
Iteration 57: Ground Truth: -49.025245666503906, Best Cost = -32.37839126586914, Time Taken: 32.35 s
Iteration 58: Ground Truth: -49.025245666503906, Best Cost = -32.37839126586914, Time Taken: 32.59 s
Iteration 3: Ground Truth: -49.025245666503906, Best Cost = -32.37839126586914, Time Taken: 32.30 s
Iteration 3: Ground Truth: -49.025245666503906, Best Cost = -32.37839126586914, Time Taken: 32.12 s
Iteration 3: Ground Truth: -49.025245666503906, Best Cost = -32.37839126586914, Time Taken: 32.10 s
Iteration 3: Ground Truth: -49.025245666503906, Best Cost = -32.37839126586914, Time Taken: 31.73 s
Iteration 3: Ground Truth: -49.025245666503906, Best Cost = -32.37839126586914, Time Taken: 32.57 s
Iteration 3: Ground Truth: -49.025245666503906, Best Cost = -32.37839126586914, Time Taken: 32.15 s
Iteration 3: Ground Truth: -49.025245666503906, Best Cost = -32.37839126586914, Time Taken: 32.04 s
Iteration 3: Ground Truth: -49.025245666503906, Best Cost = -32.37839126586914, Time Taken: 31.95 s
Iteration 3: Ground Truth: -49.025245666503906, Best Cost = -32.37839126586914, Time Taken: 32.41 s
Iteration 3: Ground Truth: -49.025245666503906, Best Cost = -32.37839126586914, Time Taken: 31.97 s
Iteration 3: Ground Truth: -49.025245666503906, Best Cost = -32.37839126586914, Time Taken: 31.97 s
Iteration 3: Ground Truth: -49.025245666503906, Best Cost = -32.37839126586914, Time Taken: 32.07 s
Iteration 3: Ground Truth: -49.025245666503906, Best Cost = -32.37839126586914, Time Taken: 32.50 s
Iteration 72: Ground Truth: -49.025245666503906, Best Cost = -32.37839126586914, Time Taken: 32.04 s
Iteration 73: Ground Truth: -49.025245666503906, Best Cost = -32.37839126586914, Time Taken: 32.50 s
Iteration 74: Ground Truth: -49.025245666503906, Best Cost = -32.37839126586914, Time Taken: 32.21 s
Iteration 75: Ground Truth: -49.025245666503906, Best Cost = -32.37839126586914, Time Taken: 32.09 s
Iteration 76: Ground Truth: -49.025245666503906, Best Cost = -32.37839126586914, Time Taken: 31.57 s
Iteration 77: Ground Truth: -49.025245666503906, Best Cost = -32.37839126586914, Time Taken: 32.12 s
Iteration 78: Ground Truth: -49.025245666503906, Best Cost = -32.37839126586914, Time Taken: 32.07 s
Iteration 79: Ground Truth: -49.025245666503906, Best Cost = -32.37839126586914, Time Taken: 32.46 s
Iteration 80: Ground Truth: -49.025245666503906, Best Cost = -32.37839126586914, Time Taken: 32.18 s
Iteration 81: Ground Truth: -49.025245666503906, Best Cost = -32.37839126586914, Time Taken: 32.08 s
Iteration 82: Ground Truth: -49.025245666503906, Best Cost = -32.37839126586914, Time Taken: 32.12 s
Iteration 83: Ground Truth: -49.025245666503906, Best Cost = -32.37839126586914, Time Taken: 32.46 s
Iteration 3: Ground Truth: -49.025245666503906, Best Cost = -32.37839126586914, Time Taken: 31.90 s
Iteration 85: Ground Truth: -49.025245666503906, Best Cost = -32.37839126586914, Time Taken: 32.21 s
Iteration 86: Ground Truth: -49.025245666503906, Best Cost = -32.37839126586914, Time Taken: 32.62 s
Iteration 87: Ground Truth: -49.025245666503906, Best Cost = -32.37839126586914, Time Taken: 32.09 s
Iteration 88: Ground Truth: -49.025245666503906, Best Cost = -32.37839126586914, Time Taken: 31.29 s
Iteration 89: Ground Truth: -49.025245666503906, Best Cost = -32.37839126586914, Time Taken: 31.85 s
Iteration 90: Ground Truth: -49.025245666503906, Best Cost = -32.37839126586914, Time Taken: 31.83 s
Iteration 91: Ground Truth: -49.025245666503906, Best Cost = -32.37839126586914, Time Taken: 32.00 s
Iteration 92: Ground Truth: -49.025245666503906, Best Cost = -32.37839126586914, Time Taken: 31.63 s
Iteration 93: Ground Truth: -49.025245666503906, Best Cost = -32.37839126586914, Time Taken: 31.75 s
Iteration 94: Ground Truth: -49.025245666503906, Best Cost = -32.37839126586914, Time Taken: 32.15 s
Iteration 95: Ground Truth: -49.025245666503906, Best Cost = -32.37839126586914, Time Taken: 31.61 s
Iteration 96: Ground Truth: -49.025245666503906, Best Cost = -32.37839126586914, Time Taken: 31.47 s
Iteration 3: Ground Truth: -49.025245666503906, Best Cost = -32.37839126586914, Time Taken: 31.75 s
Iteration 3: Ground Truth: -49.025245666503906, Best Cost = -32.37839126586914, Time Taken: 31.92 s
Iteration 99: Ground Truth: -49.025245666503906, Best Cost = -32.37839126586914, Time Taken: 32.01 s
Iteration 100: Ground Truth: -49.025245666503906, Best Cost = -32.37839126586914, Time Taken: 31.97 s
No match for mp-1206867: RMSD = 4.202, ΔE = 11.985 eV
mp-1206867 match: [False]
Attempting to load checkpoint...
model loaded successfully
loaded from ../ensemble_model/torchmd-1/checkpoint_0/best_checkpoint.pt,../ensemble_model/torchmd-2/checkpoint_0/best_checkpoint.pt,../ensemble_model/torchmd-3/checkpoint_0/best_checkpoint.pt,../ensemble_model/torchmd-4/checkpoint_0/best_checkpoint.pt,../ensemble_model/torchmd-5/checkpoint_0/best_checkpoint.pt
Recent checkpoint loaded successfully.
Iteration 1: Ground Truth: -71.64606475830078, Best Cost = -12.619301795959473, Time Taken: 30.02 s
Iteration 2: Ground Truth: -71.64606475830078, Best Cost = -12.619301795959473, Time Taken: 29.17 s
Iteration 3: Ground Truth: -71.64606475830078, Best Cost = -24.524539947509766, Time Taken: 29.69 s
Iteration 4: Ground Truth: -71.64606475830078, Best Cost = -31.273399353027344, Time Taken: 29.81 s
Iteration 5: Ground Truth: -71.64606475830078, Best Cost = -31.273399353027344, Time Taken: 29.95 s
Iteration 6: Ground Truth: -71.64606475830078, Best Cost = -31.273399353027344, Time Taken: 29.72 s
Iteration 7: Ground Truth: -71.64606475830078, Best Cost = -31.273399353027344, Time Taken: 29.70 s
Iteration 8: Ground Truth: -71.64606475830078, Best Cost = -35.958213806152344, Time Taken: 29.49 s
Iteration 9: Ground Truth: -71.64606475830078, Best Cost = -40.431884765625, Time Taken: 29.43 s
Iteration 10: Ground Truth: -71.64606475830078, Best Cost = -40.431884765625, Time Taken: 29.79 s
Iteration 11: Ground Truth: -71.64606475830078, Best Cost = -42.15630340576172, Time Taken: 29.65 s
Iteration 12: Ground Truth: -71.64606475830078, Best Cost = -42.15630340576172, Time Taken: 29.39 s
Iteration 13: Ground Truth: -71.64606475830078, Best Cost = -44.300636291503906, Time Taken: 29.04 s
Iteration 14: Ground Truth: -71.64606475830078, Best Cost = -44.300636291503906, Time Taken: 28.76 s
Iteration 15: Ground Truth: -71.64606475830078, Best Cost = -44.300636291503906, Time Taken: 29.16 s
Iteration 16: Ground Truth: -71.64606475830078, Best Cost = -45.98369598388672, Time Taken: 29.05 s
Iteration 17: Ground Truth: -71.64606475830078, Best Cost = -45.98369598388672, Time Taken: 29.00 s
Iteration 18: Ground Truth: -71.64606475830078, Best Cost = -45.98369598388672, Time Taken: 29.05 s
Iteration 19: Ground Truth: -71.64606475830078, Best Cost = -45.98369598388672, Time Taken: 29.08 s
Iteration 20: Ground Truth: -71.64606475830078, Best Cost = -45.98369598388672, Time Taken: 28.84 s
Iteration 21: Ground Truth: -71.64606475830078, Best Cost = -45.98369598388672, Time Taken: 29.02 s
Iteration 22: Ground Truth: -71.64606475830078, Best Cost = -45.98369598388672, Time Taken: 29.05 s
Iteration 23: Ground Truth: -71.64606475830078, Best Cost = -46.454437255859375, Time Taken: 29.15 s
Iteration 24: Ground Truth: -71.64606475830078, Best Cost = -46.454437255859375, Time Taken: 28.97 s
Iteration 25: Ground Truth: -71.64606475830078, Best Cost = -49.203338623046875, Time Taken: 28.58 s
Iteration 26: Ground Truth: -71.64606475830078, Best Cost = -49.203338623046875, Time Taken: 28.84 s
Iteration 27: Ground Truth: -71.64606475830078, Best Cost = -49.203338623046875, Time Taken: 28.68 s
Iteration 28: Ground Truth: -71.64606475830078, Best Cost = -49.203338623046875, Time Taken: 28.86 s
Iteration 29: Ground Truth: -71.64606475830078, Best Cost = -49.203338623046875, Time Taken: 28.95 s
Iteration 30: Ground Truth: -71.64606475830078, Best Cost = -49.203338623046875, Time Taken: 28.94 s
Iteration 31: Ground Truth: -71.64606475830078, Best Cost = -49.203338623046875, Time Taken: 28.44 s
Iteration 32: Ground Truth: -71.64606475830078, Best Cost = -49.203338623046875, Time Taken: 28.67 s
Iteration 33: Ground Truth: -71.64606475830078, Best Cost = -49.203338623046875, Time Taken: 28.77 s
Iteration 34: Ground Truth: -71.64606475830078, Best Cost = -49.203338623046875, Time Taken: 28.77 s
Iteration 35: Ground Truth: -71.64606475830078, Best Cost = -49.203338623046875, Time Taken: 29.20 s
Iteration 36: Ground Truth: -71.64606475830078, Best Cost = -49.203338623046875, Time Taken: 28.76 s
Iteration 37: Ground Truth: -71.64606475830078, Best Cost = -49.203338623046875, Time Taken: 29.01 s
Iteration 38: Ground Truth: -71.64606475830078, Best Cost = -49.203338623046875, Time Taken: 29.03 s
Iteration 39: Ground Truth: -71.64606475830078, Best Cost = -49.203338623046875, Time Taken: 29.24 s
Iteration 40: Ground Truth: -71.64606475830078, Best Cost = -49.203338623046875, Time Taken: 29.12 s
Iteration 41: Ground Truth: -71.64606475830078, Best Cost = -49.203338623046875, Time Taken: 29.12 s
Iteration 42: Ground Truth: -71.64606475830078, Best Cost = -49.203338623046875, Time Taken: 29.14 s
Iteration 43: Ground Truth: -71.64606475830078, Best Cost = -49.203338623046875, Time Taken: 29.14 s
Iteration 44: Ground Truth: -71.64606475830078, Best Cost = -49.203338623046875, Time Taken: 29.31 s
Iteration 45: Ground Truth: -71.64606475830078, Best Cost = -49.203338623046875, Time Taken: 29.25 s
Iteration 46: Ground Truth: -71.64606475830078, Best Cost = -49.203338623046875, Time Taken: 28.90 s
Iteration 47: Ground Truth: -71.64606475830078, Best Cost = -49.203338623046875, Time Taken: 29.19 s
Iteration 48: Ground Truth: -71.64606475830078, Best Cost = -49.203338623046875, Time Taken: 28.97 s
Iteration 49: Ground Truth: -71.64606475830078, Best Cost = -49.203338623046875, Time Taken: 29.20 s
Iteration 50: Ground Truth: -71.64606475830078, Best Cost = -49.203338623046875, Time Taken: 29.10 s
Iteration 51: Ground Truth: -71.64606475830078, Best Cost = -49.203338623046875, Time Taken: 29.08 s
Iteration 52: Ground Truth: -71.64606475830078, Best Cost = -49.203338623046875, Time Taken: 29.25 s
Iteration 53: Ground Truth: -71.64606475830078, Best Cost = -49.203338623046875, Time Taken: 28.54 s
Iteration 54: Ground Truth: -71.64606475830078, Best Cost = -49.203338623046875, Time Taken: 29.15 s
Iteration 55: Ground Truth: -71.64606475830078, Best Cost = -49.203338623046875, Time Taken: 28.86 s
Iteration 56: Ground Truth: -71.64606475830078, Best Cost = -49.203338623046875, Time Taken: 29.03 s
Iteration 57: Ground Truth: -71.64606475830078, Best Cost = -49.203338623046875, Time Taken: 29.32 s
Iteration 58: Ground Truth: -71.64606475830078, Best Cost = -49.203338623046875, Time Taken: 29.33 s
Iteration 59: Ground Truth: -71.64606475830078, Best Cost = -49.203338623046875, Time Taken: 29.30 s
Iteration 60: Ground Truth: -71.64606475830078, Best Cost = -49.203338623046875, Time Taken: 29.20 s
Iteration 61: Ground Truth: -71.64606475830078, Best Cost = -49.203338623046875, Time Taken: 29.07 s
Iteration 62: Ground Truth: -71.64606475830078, Best Cost = -49.203338623046875, Time Taken: 29.19 s
Iteration 63: Ground Truth: -71.64606475830078, Best Cost = -49.203338623046875, Time Taken: 29.18 s
Iteration 64: Ground Truth: -71.64606475830078, Best Cost = -49.203338623046875, Time Taken: 29.49 s
Iteration 65: Ground Truth: -71.64606475830078, Best Cost = -49.203338623046875, Time Taken: 29.34 s
Iteration 66: Ground Truth: -71.64606475830078, Best Cost = -49.203338623046875, Time Taken: 29.18 s
Iteration 67: Ground Truth: -71.64606475830078, Best Cost = -49.203338623046875, Time Taken: 29.27 s
Iteration 68: Ground Truth: -71.64606475830078, Best Cost = -49.203338623046875, Time Taken: 29.25 s
Iteration 69: Ground Truth: -71.64606475830078, Best Cost = -49.203338623046875, Time Taken: 28.98 s
Iteration 70: Ground Truth: -71.64606475830078, Best Cost = -49.203338623046875, Time Taken: 28.93 s
Iteration 71: Ground Truth: -71.64606475830078, Best Cost = -49.203338623046875, Time Taken: 28.96 s
Iteration 72: Ground Truth: -71.64606475830078, Best Cost = -49.203338623046875, Time Taken: 29.20 s
Iteration 73: Ground Truth: -71.64606475830078, Best Cost = -49.203338623046875, Time Taken: 29.11 s
Iteration 74: Ground Truth: -71.64606475830078, Best Cost = -49.203338623046875, Time Taken: 28.98 s
Iteration 75: Ground Truth: -71.64606475830078, Best Cost = -49.203338623046875, Time Taken: 28.98 s
Iteration 76: Ground Truth: -71.64606475830078, Best Cost = -49.203338623046875, Time Taken: 29.42 s
Iteration 77: Ground Truth: -71.64606475830078, Best Cost = -49.203338623046875, Time Taken: 29.17 s
Iteration 78: Ground Truth: -71.64606475830078, Best Cost = -49.203338623046875, Time Taken: 29.23 s
Iteration 79: Ground Truth: -71.64606475830078, Best Cost = -49.203338623046875, Time Taken: 28.96 s
Iteration 80: Ground Truth: -71.64606475830078, Best Cost = -49.203338623046875, Time Taken: 29.30 s
Iteration 81: Ground Truth: -71.64606475830078, Best Cost = -49.203338623046875, Time Taken: 29.03 s
Iteration 82: Ground Truth: -71.64606475830078, Best Cost = -49.203338623046875, Time Taken: 29.47 s
Iteration 83: Ground Truth: -71.64606475830078, Best Cost = -49.203338623046875, Time Taken: 29.27 s
Iteration 84: Ground Truth: -71.64606475830078, Best Cost = -49.203338623046875, Time Taken: 29.39 s
Iteration 85: Ground Truth: -71.64606475830078, Best Cost = -49.203338623046875, Time Taken: 29.15 s
Iteration 86: Ground Truth: -71.64606475830078, Best Cost = -49.203338623046875, Time Taken: 29.34 s
Iteration 87: Ground Truth: -71.64606475830078, Best Cost = -49.203338623046875, Time Taken: 29.55 s
Iteration 88: Ground Truth: -71.64606475830078, Best Cost = -49.203338623046875, Time Taken: 29.27 s
Iteration 89: Ground Truth: -71.64606475830078, Best Cost = -49.203338623046875, Time Taken: 29.26 s
Iteration 90: Ground Truth: -71.64606475830078, Best Cost = -49.203338623046875, Time Taken: 29.26 s
Iteration 91: Ground Truth: -71.64606475830078, Best Cost = -49.203338623046875, Time Taken: 29.37 s
Iteration 92: Ground Truth: -71.64606475830078, Best Cost = -49.203338623046875, Time Taken: 29.67 s
Iteration 93: Ground Truth: -71.64606475830078, Best Cost = -49.203338623046875, Time Taken: 29.24 s
Iteration 94: Ground Truth: -71.64606475830078, Best Cost = -49.203338623046875, Time Taken: 29.12 s
Iteration 95: Ground Truth: -71.64606475830078, Best Cost = -49.203338623046875, Time Taken: 29.18 s
Iteration 96: Ground Truth: -71.64606475830078, Best Cost = -49.55302429199219, Time Taken: 29.21 s
Iteration 97: Ground Truth: -71.64606475830078, Best Cost = -49.55302429199219, Time Taken: 28.89 s
Iteration 98: Ground Truth: -71.64606475830078, Best Cost = -49.55302429199219, Time Taken: 29.16 s
Iteration 99: Ground Truth: -71.64606475830078, Best Cost = -49.55302429199219, Time Taken: 28.93 s
Iteration 100: Ground Truth: -71.64606475830078, Best Cost = -49.55302429199219, Time Taken: 28.69 s
No match for mp-1217272: RMSD = 3.654, ΔE = 12.460 eV
mp-1217272 match: [False]
Attempting to load checkpoint...
model loaded successfully
loaded from ../ensemble_model/torchmd-1/checkpoint_0/best_checkpoint.pt,../ensemble_model/torchmd-2/checkpoint_0/best_checkpoint.pt,../ensemble_model/torchmd-3/checkpoint_0/best_checkpoint.pt,../ensemble_model/torchmd-4/checkpoint_0/best_checkpoint.pt,../ensemble_model/torchmd-5/checkpoint_0/best_checkpoint.pt
Recent checkpoint loaded successfully.
Iteration 1: Ground Truth: -321.1590270996094, Best Cost = -213.34889221191406, Time Taken: 44.01 s
Iteration 2: Ground Truth: -321.1590270996094, Best Cost = -213.34889221191406, Time Taken: 40.48 s
Iteration 3: Ground Truth: -321.1590270996094, Best Cost = -213.34889221191406, Time Taken: 42.66 s
Iteration 4: Ground Truth: -321.1590270996094, Best Cost = -213.34889221191406, Time Taken: 41.34 s
Iteration 5: Ground Truth: -321.1590270996094, Best Cost = -213.34889221191406, Time Taken: 41.54 s
Iteration 6: Ground Truth: -321.1590270996094, Best Cost = -213.34889221191406, Time Taken: 41.82 s
Iteration 7: Ground Truth: -321.1590270996094, Best Cost = -213.34889221191406, Time Taken: 40.87 s
Iteration 8: Ground Truth: -321.1590270996094, Best Cost = -213.34889221191406, Time Taken: 40.43 s
Iteration 9: Ground Truth: -321.1590270996094, Best Cost = -213.34889221191406, Time Taken: 39.90 s
Iteration 10: Ground Truth: -321.1590270996094, Best Cost = -213.34889221191406, Time Taken: 40.50 s
Iteration 11: Ground Truth: -321.1590270996094, Best Cost = -213.34889221191406, Time Taken: 39.28 s
Iteration 12: Ground Truth: -321.1590270996094, Best Cost = -213.34889221191406, Time Taken: 37.50 s
Iteration 13: Ground Truth: -321.1590270996094, Best Cost = -213.34889221191406, Time Taken: 39.26 s
Iteration 14: Ground Truth: -321.1590270996094, Best Cost = -213.34889221191406, Time Taken: 36.50 s
Iteration 15: Ground Truth: -321.1590270996094, Best Cost = -213.34889221191406, Time Taken: 36.96 s
Iteration 16: Ground Truth: -321.1590270996094, Best Cost = -213.34889221191406, Time Taken: 36.67 s
Iteration 17: Ground Truth: -321.1590270996094, Best Cost = -213.34889221191406, Time Taken: 35.17 s
Iteration 18: Ground Truth: -321.1590270996094, Best Cost = -213.34889221191406, Time Taken: 34.96 s
Iteration 19: Ground Truth: -321.1590270996094, Best Cost = -213.34889221191406, Time Taken: 36.39 s
Iteration 20: Ground Truth: -321.1590270996094, Best Cost = -213.34889221191406, Time Taken: 36.86 s
Iteration 21: Ground Truth: -321.1590270996094, Best Cost = -213.34889221191406, Time Taken: 33.98 s
Iteration 22: Ground Truth: -321.1590270996094, Best Cost = -213.34889221191406, Time Taken: 34.23 s
Iteration 23: Ground Truth: -321.1590270996094, Best Cost = -213.34889221191406, Time Taken: 34.05 s
Iteration 24: Ground Truth: -321.1590270996094, Best Cost = -213.34889221191406, Time Taken: 35.91 s
Iteration 25: Ground Truth: -321.1590270996094, Best Cost = -213.34889221191406, Time Taken: 33.46 s
Iteration 26: Ground Truth: -321.1590270996094, Best Cost = -213.34889221191406, Time Taken: 33.10 s
Iteration 27: Ground Truth: -321.1590270996094, Best Cost = -213.34889221191406, Time Taken: 33.27 s
Iteration 28: Ground Truth: -321.1590270996094, Best Cost = -213.34889221191406, Time Taken: 33.16 s
Iteration 29: Ground Truth: -321.1590270996094, Best Cost = -213.34889221191406, Time Taken: 32.93 s
Iteration 30: Ground Truth: -321.1590270996094, Best Cost = -213.34889221191406, Time Taken: 32.88 s
Iteration 31: Ground Truth: -321.1590270996094, Best Cost = -213.34889221191406, Time Taken: 32.85 s
Iteration 32: Ground Truth: -321.1590270996094, Best Cost = -213.34889221191406, Time Taken: 32.59 s
Iteration 33: Ground Truth: -321.1590270996094, Best Cost = -213.34889221191406, Time Taken: 33.17 s
Iteration 34: Ground Truth: -321.1590270996094, Best Cost = -213.34889221191406, Time Taken: 32.51 s
Iteration 35: Ground Truth: -321.1590270996094, Best Cost = -213.34889221191406, Time Taken: 32.28 s
Iteration 36: Ground Truth: -321.1590270996094, Best Cost = -213.34889221191406, Time Taken: 32.35 s
Iteration 37: Ground Truth: -321.1590270996094, Best Cost = -213.34889221191406, Time Taken: 32.46 s
Iteration 38: Ground Truth: -321.1590270996094, Best Cost = -213.34889221191406, Time Taken: 31.92 s
Iteration 39: Ground Truth: -321.1590270996094, Best Cost = -213.34889221191406, Time Taken: 32.01 s
Iteration 40: Ground Truth: -321.1590270996094, Best Cost = -213.34889221191406, Time Taken: 32.17 s
Iteration 41: Ground Truth: -321.1590270996094, Best Cost = -213.34889221191406, Time Taken: 31.67 s
Iteration 42: Ground Truth: -321.1590270996094, Best Cost = -213.34889221191406, Time Taken: 31.91 s
Iteration 43: Ground Truth: -321.1590270996094, Best Cost = -213.34889221191406, Time Taken: 31.75 s
Iteration 44: Ground Truth: -321.1590270996094, Best Cost = -213.34889221191406, Time Taken: 32.20 s
Iteration 45: Ground Truth: -321.1590270996094, Best Cost = -213.34889221191406, Time Taken: 31.83 s
Iteration 46: Ground Truth: -321.1590270996094, Best Cost = -213.34889221191406, Time Taken: 31.54 s
Iteration 47: Ground Truth: -321.1590270996094, Best Cost = -213.34889221191406, Time Taken: 31.34 s
Iteration 48: Ground Truth: -321.1590270996094, Best Cost = -213.34889221191406, Time Taken: 31.33 s
Iteration 49: Ground Truth: -321.1590270996094, Best Cost = -213.34889221191406, Time Taken: 31.52 s
Iteration 50: Ground Truth: -321.1590270996094, Best Cost = -213.34889221191406, Time Taken: 31.78 s
Iteration 51: Ground Truth: -321.1590270996094, Best Cost = -213.34889221191406, Time Taken: 31.42 s
Iteration 52: Ground Truth: -321.1590270996094, Best Cost = -213.34889221191406, Time Taken: 31.33 s
Iteration 53: Ground Truth: -321.1590270996094, Best Cost = -213.34889221191406, Time Taken: 31.52 s
Iteration 54: Ground Truth: -321.1590270996094, Best Cost = -213.34889221191406, Time Taken: 31.59 s
Iteration 55: Ground Truth: -321.1590270996094, Best Cost = -213.34889221191406, Time Taken: 31.65 s
Iteration 56: Ground Truth: -321.1590270996094, Best Cost = -213.34889221191406, Time Taken: 31.51 s
Iteration 57: Ground Truth: -321.1590270996094, Best Cost = -213.34889221191406, Time Taken: 31.38 s
Iteration 58: Ground Truth: -321.1590270996094, Best Cost = -213.34889221191406, Time Taken: 31.11 s
Iteration 59: Ground Truth: -321.1590270996094, Best Cost = -213.34889221191406, Time Taken: 31.42 s
Iteration 60: Ground Truth: -321.1590270996094, Best Cost = -213.34889221191406, Time Taken: 31.25 s
Iteration 61: Ground Truth: -321.1590270996094, Best Cost = -213.34889221191406, Time Taken: 31.06 s
Iteration 62: Ground Truth: -321.1590270996094, Best Cost = -213.34889221191406, Time Taken: 30.92 s
Iteration 63: Ground Truth: -321.1590270996094, Best Cost = -213.34889221191406, Time Taken: 31.08 s
Iteration 64: Ground Truth: -321.1590270996094, Best Cost = -213.34889221191406, Time Taken: 31.26 s
Iteration 65: Ground Truth: -321.1590270996094, Best Cost = -213.34889221191406, Time Taken: 30.99 s
Iteration 66: Ground Truth: -321.1590270996094, Best Cost = -213.34889221191406, Time Taken: 31.17 s
Iteration 67: Ground Truth: -321.1590270996094, Best Cost = -213.34889221191406, Time Taken: 30.63 s/storage/home/hcoda1/7/hjiang378/conda_envs/torchsim/lib/python3.11/site-packages/pymatgen/io/cif.py:1221: UserWarning: Issues encountered while parsing CIF: 8 fractional coordinates rounded to ideal values to avoid issues with finite precision.
  warnings.warn("Issues encountered while parsing CIF: " + "\n".join(self.warnings))
2026-01-03 00:38:06,250 - root - INFO - Using PyTorch automatic mixed-precision
2026-01-03 00:38:06,250 - root - INFO - GPU is available: True, Quantity: None
2026-01-03 00:38:06,251 - root - INFO - Dataset(s) used:
2026-01-03 00:38:06,265 - root - INFO - Dataset length: ('full', 24677)
2026-01-03 00:38:06,266 - root - INFO - Dataset length: ('train', 22209)
2026-01-03 00:38:06,266 - root - INFO - Dataset length: ('val', 1233)
2026-01-03 00:38:06,266 - root - INFO - Dataset length: ('test', 1233)
2026-01-03 01:34:44,056 - root - INFO - Using PyTorch automatic mixed-precision
2026-01-03 01:34:44,056 - root - INFO - GPU is available: True, Quantity: None
2026-01-03 01:34:44,057 - root - INFO - Dataset(s) used:
2026-01-03 01:34:44,057 - root - INFO - Dataset length: ('full', 24677)
2026-01-03 01:34:44,058 - root - INFO - Dataset length: ('train', 22209)
2026-01-03 01:34:44,058 - root - INFO - Dataset length: ('val', 1233)
2026-01-03 01:34:44,058 - root - INFO - Dataset length: ('test', 1233)

Iteration 68: Ground Truth: -321.1590270996094, Best Cost = -213.34889221191406, Time Taken: 30.72 s
Iteration 69: Ground Truth: -321.1590270996094, Best Cost = -213.34889221191406, Time Taken: 31.16 s
Iteration 70: Ground Truth: -321.1590270996094, Best Cost = -213.34889221191406, Time Taken: 30.80 s
Iteration 71: Ground Truth: -321.1590270996094, Best Cost = -213.34889221191406, Time Taken: 30.83 s
Iteration 72: Ground Truth: -321.1590270996094, Best Cost = -213.34889221191406, Time Taken: 31.15 s
Iteration 73: Ground Truth: -321.1590270996094, Best Cost = -213.34889221191406, Time Taken: 30.70 s
Iteration 74: Ground Truth: -321.1590270996094, Best Cost = -213.34889221191406, Time Taken: 30.73 s
Iteration 75: Ground Truth: -321.1590270996094, Best Cost = -213.34889221191406, Time Taken: 30.52 s
Iteration 76: Ground Truth: -321.1590270996094, Best Cost = -213.34889221191406, Time Taken: 30.67 s
Iteration 77: Ground Truth: -321.1590270996094, Best Cost = -213.34889221191406, Time Taken: 30.83 s
Iteration 78: Ground Truth: -321.1590270996094, Best Cost = -213.34889221191406, Time Taken: 30.71 s
Iteration 79: Ground Truth: -321.1590270996094, Best Cost = -213.34889221191406, Time Taken: 30.64 s
Iteration 80: Ground Truth: -321.1590270996094, Best Cost = -213.34889221191406, Time Taken: 30.84 s
Iteration 81: Ground Truth: -321.1590270996094, Best Cost = -213.34889221191406, Time Taken: 30.80 s
Iteration 82: Ground Truth: -321.1590270996094, Best Cost = -213.34889221191406, Time Taken: 30.61 s
Iteration 83: Ground Truth: -321.1590270996094, Best Cost = -213.34889221191406, Time Taken: 30.37 s
Iteration 84: Ground Truth: -321.1590270996094, Best Cost = -213.34889221191406, Time Taken: 30.62 s
Iteration 85: Ground Truth: -321.1590270996094, Best Cost = -213.34889221191406, Time Taken: 30.41 s
Iteration 86: Ground Truth: -321.1590270996094, Best Cost = -213.34889221191406, Time Taken: 30.70 s
Iteration 87: Ground Truth: -321.1590270996094, Best Cost = -213.34889221191406, Time Taken: 30.38 s
Iteration 88: Ground Truth: -321.1590270996094, Best Cost = -213.34889221191406, Time Taken: 30.19 s
Iteration 89: Ground Truth: -321.1590270996094, Best Cost = -213.34889221191406, Time Taken: 30.33 s
Iteration 90: Ground Truth: -321.1590270996094, Best Cost = -213.34889221191406, Time Taken: 30.64 s
Iteration 91: Ground Truth: -321.1590270996094, Best Cost = -213.34889221191406, Time Taken: 30.53 s
Iteration 92: Ground Truth: -321.1590270996094, Best Cost = -213.34889221191406, Time Taken: 30.00 s
Iteration 93: Ground Truth: -321.1590270996094, Best Cost = -213.34889221191406, Time Taken: 30.53 s
Iteration 94: Ground Truth: -321.1590270996094, Best Cost = -213.34889221191406, Time Taken: 30.52 s
Iteration 95: Ground Truth: -321.1590270996094, Best Cost = -213.34889221191406, Time Taken: 30.22 s
Iteration 96: Ground Truth: -321.1590270996094, Best Cost = -213.34889221191406, Time Taken: 30.40 s
Iteration 97: Ground Truth: -321.1590270996094, Best Cost = -213.34889221191406, Time Taken: 30.54 s
Iteration 98: Ground Truth: -321.1590270996094, Best Cost = -213.34889221191406, Time Taken: 30.65 s
Iteration 99: Ground Truth: -321.1590270996094, Best Cost = -213.34889221191406, Time Taken: 30.45 s
Iteration 100: Ground Truth: -321.1590270996094, Best Cost = -213.34889221191406, Time Taken: 30.35 s
No match for mp-1218577: RMSD = 4.214, ΔE = 157.028 eV
mp-1218577 match: [False]
Attempting to load checkpoint...
model loaded successfully
loaded from ../ensemble_model/torchmd-1/checkpoint_0/best_checkpoint.pt,../ensemble_model/torchmd-2/checkpoint_0/best_checkpoint.pt,../ensemble_model/torchmd-3/checkpoint_0/best_checkpoint.pt,../ensemble_model/torchmd-4/checkpoint_0/best_checkpoint.pt,../ensemble_model/torchmd-5/checkpoint_0/best_checkpoint.pt
Recent checkpoint loaded successfully.
Iteration 1: Ground Truth: -112.48075866699219, Best Cost = -24.23560333251953, Time Taken: 31.38 s
Iteration 3: Ground Truth: -112.48075866699219, Best Cost = -24.23560333251953, Time Taken: 31.49 s
Iteration 3: Ground Truth: -112.48075866699219, Best Cost = -24.23560333251953, Time Taken: 33.88 s
Iteration 4: Ground Truth: -112.48075866699219, Best Cost = -24.23560333251953, Time Taken: 31.59 s
Iteration 3: Ground Truth: -112.48075866699219, Best Cost = -53.534976959228516, Time Taken: 31.43 s
Iteration 3: Ground Truth: -112.48075866699219, Best Cost = -53.534976959228516, Time Taken: 31.06 s
Iteration 7: Ground Truth: -112.48075866699219, Best Cost = -53.534976959228516, Time Taken: 31.42 s
Iteration 8: Ground Truth: -112.48075866699219, Best Cost = -53.534976959228516, Time Taken: 31.66 s
Iteration 3: Ground Truth: -112.48075866699219, Best Cost = -53.534976959228516, Time Taken: 33.32 s
Iteration 10: Ground Truth: -112.48075866699219, Best Cost = -54.94709777832031, Time Taken: 31.42 s
Iteration 11: Ground Truth: -112.48075866699219, Best Cost = -54.94709777832031, Time Taken: 31.33 s
Iteration 12: Ground Truth: -112.48075866699219, Best Cost = -54.94709777832031, Time Taken: 31.54 s
Iteration 13: Ground Truth: -112.48075866699219, Best Cost = -54.94709777832031, Time Taken: 31.36 s
Iteration 14: Ground Truth: -112.48075866699219, Best Cost = -54.94709777832031, Time Taken: 31.07 s
Iteration 3: Ground Truth: -112.48075866699219, Best Cost = -54.94709777832031, Time Taken: 31.09 s
Iteration 3: Ground Truth: -112.48075866699219, Best Cost = -60.66927719116211, Time Taken: 31.26 s
Iteration 3: Ground Truth: -112.48075866699219, Best Cost = -60.66927719116211, Time Taken: 30.83 s
Iteration 3: Ground Truth: -112.48075866699219, Best Cost = -60.66927719116211, Time Taken: 31.16 s
Iteration 19: Ground Truth: -112.48075866699219, Best Cost = -60.66927719116211, Time Taken: 31.00 s
Iteration 20: Ground Truth: -112.48075866699219, Best Cost = -60.66927719116211, Time Taken: 30.76 s
Iteration 21: Ground Truth: -112.48075866699219, Best Cost = -60.66927719116211, Time Taken: 31.17 s
Iteration 22: Ground Truth: -112.48075866699219, Best Cost = -61.12105178833008, Time Taken: 31.57 s
Iteration 23: Ground Truth: -112.48075866699219, Best Cost = -61.12105178833008, Time Taken: 31.51 s
Iteration 24: Ground Truth: -112.48075866699219, Best Cost = -61.12105178833008, Time Taken: 30.69 s
Iteration 25: Ground Truth: -112.48075866699219, Best Cost = -61.12105178833008, Time Taken: 30.83 s
Iteration 26: Ground Truth: -112.48075866699219, Best Cost = -61.12105178833008, Time Taken: 30.93 s
Iteration 3: Ground Truth: -112.48075866699219, Best Cost = -61.12105178833008, Time Taken: 30.51 s
Iteration 3: Ground Truth: -112.48075866699219, Best Cost = -61.12105178833008, Time Taken: 31.01 s
Iteration 3: Ground Truth: -112.48075866699219, Best Cost = -61.12105178833008, Time Taken: 30.50 s
Iteration 3: Ground Truth: -112.48075866699219, Best Cost = -61.12105178833008, Time Taken: 30.69 s
Iteration 3: Ground Truth: -112.48075866699219, Best Cost = -61.12105178833008, Time Taken: 31.60 s
Iteration 3: Ground Truth: -112.48075866699219, Best Cost = -61.12105178833008, Time Taken: 31.11 s
Iteration 3: Ground Truth: -112.48075866699219, Best Cost = -61.12105178833008, Time Taken: 30.95 s
Iteration 3: Ground Truth: -112.48075866699219, Best Cost = -61.12105178833008, Time Taken: 30.90 s
Iteration 3: Ground Truth: -112.48075866699219, Best Cost = -61.12105178833008, Time Taken: 31.20 s
Iteration 3: Ground Truth: -112.48075866699219, Best Cost = -61.12105178833008, Time Taken: 31.49 s
Iteration 3: Ground Truth: -112.48075866699219, Best Cost = -61.12105178833008, Time Taken: 31.01 s
Iteration 38: Ground Truth: -112.48075866699219, Best Cost = -61.12105178833008, Time Taken: 31.24 s
Iteration 3: Ground Truth: -112.48075866699219, Best Cost = -61.12105178833008, Time Taken: 31.29 s
Iteration 3: Ground Truth: -112.48075866699219, Best Cost = -61.12105178833008, Time Taken: 31.44 s
Iteration 3: Ground Truth: -112.48075866699219, Best Cost = -67.5804214477539, Time Taken: 31.52 s
Iteration 3: Ground Truth: -112.48075866699219, Best Cost = -67.5804214477539, Time Taken: 31.47 s
Iteration 3: Ground Truth: -112.48075866699219, Best Cost = -67.5804214477539, Time Taken: 32.08 s
Iteration 3: Ground Truth: -112.48075866699219, Best Cost = -67.5804214477539, Time Taken: 31.68 s
Iteration 45: Ground Truth: -112.48075866699219, Best Cost = -67.5804214477539, Time Taken: 32.02 s
Iteration 46: Ground Truth: -112.48075866699219, Best Cost = -67.5804214477539, Time Taken: 31.96 s
Iteration 47: Ground Truth: -112.48075866699219, Best Cost = -67.5804214477539, Time Taken: 31.57 s
Iteration 3: Ground Truth: -112.48075866699219, Best Cost = -67.5804214477539, Time Taken: 32.26 s
Iteration 3: Ground Truth: -112.48075866699219, Best Cost = -67.5804214477539, Time Taken: 32.22 s
Iteration 50: Ground Truth: -112.48075866699219, Best Cost = -67.5804214477539, Time Taken: 32.14 s
Iteration 51: Ground Truth: -112.48075866699219, Best Cost = -67.5804214477539, Time Taken: 32.40 s
Iteration 52: Ground Truth: -112.48075866699219, Best Cost = -67.5804214477539, Time Taken: 32.42 s
Iteration 53: Ground Truth: -112.48075866699219, Best Cost = -67.5804214477539, Time Taken: 32.09 s
Iteration 54: Ground Truth: -112.48075866699219, Best Cost = -67.5804214477539, Time Taken: 31.77 s
Iteration 55: Ground Truth: -112.48075866699219, Best Cost = -67.5804214477539, Time Taken: 32.31 s
Iteration 56: Ground Truth: -112.48075866699219, Best Cost = -67.5804214477539, Time Taken: 32.61 s
Iteration 57: Ground Truth: -112.48075866699219, Best Cost = -67.5804214477539, Time Taken: 32.32 s
Iteration 58: Ground Truth: -112.48075866699219, Best Cost = -67.5804214477539, Time Taken: 32.89 s
Iteration 59: Ground Truth: -112.48075866699219, Best Cost = -67.5804214477539, Time Taken: 32.99 s
Iteration 60: Ground Truth: -112.48075866699219, Best Cost = -67.5804214477539, Time Taken: 32.34 s
Iteration 61: Ground Truth: -112.48075866699219, Best Cost = -67.5804214477539, Time Taken: 33.57 s
Iteration 62: Ground Truth: -112.48075866699219, Best Cost = -67.5804214477539, Time Taken: 33.31 s
Iteration 63: Ground Truth: -112.48075866699219, Best Cost = -67.5804214477539, Time Taken: 32.94 s
Iteration 64: Ground Truth: -112.48075866699219, Best Cost = -67.5804214477539, Time Taken: 32.78 s
Iteration 65: Ground Truth: -112.48075866699219, Best Cost = -67.5804214477539, Time Taken: 33.21 s
Iteration 66: Ground Truth: -112.48075866699219, Best Cost = -67.5804214477539, Time Taken: 32.71 s
Iteration 67: Ground Truth: -112.48075866699219, Best Cost = -67.5804214477539, Time Taken: 32.68 s
Iteration 68: Ground Truth: -112.48075866699219, Best Cost = -67.5804214477539, Time Taken: 32.30 s
Iteration 69: Ground Truth: -112.48075866699219, Best Cost = -67.5804214477539, Time Taken: 32.38 s
Iteration 70: Ground Truth: -112.48075866699219, Best Cost = -67.5804214477539, Time Taken: 32.52 s
Iteration 71: Ground Truth: -112.48075866699219, Best Cost = -67.5804214477539, Time Taken: 32.26 s
Iteration 72: Ground Truth: -112.48075866699219, Best Cost = -67.5804214477539, Time Taken: 32.03 s
Iteration 73: Ground Truth: -112.48075866699219, Best Cost = -67.5804214477539, Time Taken: 32.51 s
Iteration 74: Ground Truth: -112.48075866699219, Best Cost = -67.5804214477539, Time Taken: 32.73 s
Iteration 75: Ground Truth: -112.48075866699219, Best Cost = -67.5804214477539, Time Taken: 32.58 s
Iteration 76: Ground Truth: -112.48075866699219, Best Cost = -67.5804214477539, Time Taken: 32.84 s
Iteration 77: Ground Truth: -112.48075866699219, Best Cost = -67.5804214477539, Time Taken: 32.42 s
Iteration 78: Ground Truth: -112.48075866699219, Best Cost = -67.5804214477539, Time Taken: 33.15 s
Iteration 79: Ground Truth: -112.48075866699219, Best Cost = -67.5804214477539, Time Taken: 32.64 s
Iteration 80: Ground Truth: -112.48075866699219, Best Cost = -67.5804214477539, Time Taken: 32.41 s
Iteration 81: Ground Truth: -112.48075866699219, Best Cost = -67.5804214477539, Time Taken: 32.78 s
Iteration 82: Ground Truth: -112.48075866699219, Best Cost = -67.5804214477539, Time Taken: 32.86 s
Iteration 83: Ground Truth: -112.48075866699219, Best Cost = -67.5804214477539, Time Taken: 33.15 s
Iteration 84: Ground Truth: -112.48075866699219, Best Cost = -67.5804214477539, Time Taken: 32.95 s
Iteration 85: Ground Truth: -112.48075866699219, Best Cost = -67.5804214477539, Time Taken: 33.25 s
Iteration 86: Ground Truth: -112.48075866699219, Best Cost = -67.5804214477539, Time Taken: 32.47 s
Iteration 87: Ground Truth: -112.48075866699219, Best Cost = -67.5804214477539, Time Taken: 32.43 s
Iteration 88: Ground Truth: -112.48075866699219, Best Cost = -67.5804214477539, Time Taken: 32.56 s
Iteration 89: Ground Truth: -112.48075866699219, Best Cost = -67.5804214477539, Time Taken: 32.32 s
Iteration 90: Ground Truth: -112.48075866699219, Best Cost = -67.5804214477539, Time Taken: 32.05 s
Iteration 91: Ground Truth: -112.48075866699219, Best Cost = -67.5804214477539, Time Taken: 32.00 s
Iteration 92: Ground Truth: -112.48075866699219, Best Cost = -67.5804214477539, Time Taken: 31.94 s
Iteration 93: Ground Truth: -112.48075866699219, Best Cost = -67.5804214477539, Time Taken: 31.74 s
Iteration 94: Ground Truth: -112.48075866699219, Best Cost = -67.5804214477539, Time Taken: 32.07 s
Iteration 95: Ground Truth: -112.48075866699219, Best Cost = -67.5804214477539, Time Taken: 32.32 s
Iteration 96: Ground Truth: -112.48075866699219, Best Cost = -67.5804214477539, Time Taken: 32.66 s
Iteration 97: Ground Truth: -112.48075866699219, Best Cost = -67.5804214477539, Time Taken: 32.74 s
Iteration 98: Ground Truth: -112.48075866699219, Best Cost = -67.5804214477539, Time Taken: 32.00 s
Iteration 99: Ground Truth: -112.48075866699219, Best Cost = -67.5804214477539, Time Taken: 32.21 s
Iteration 100: Ground Truth: -112.48075866699219, Best Cost = -67.5804214477539, Time Taken: 32.66 s
No match for mp-1224327: RMSD = 5.035, ΔE = 16.389 eV
mp-1224327 match: [False]
Attempting to load checkpoint...
model loaded successfully
loaded from ../ensemble_model/torchmd-1/checkpoint_0/best_checkpoint.pt,../ensemble_model/torchmd-2/checkpoint_0/best_checkpoint.pt,../ensemble_model/torchmd-3/checkpoint_0/best_checkpoint.pt,../ensemble_model/torchmd-4/checkpoint_0/best_checkpoint.pt,../ensemble_model/torchmd-5/checkpoint_0/best_checkpoint.pt
Recent checkpoint loaded successfully.
Iteration 3: Ground Truth: -90.94084930419922, Best Cost = -33.71430587768555, Time Taken: 30.17 s
Iteration 3: Ground Truth: -90.94084930419922, Best Cost = -40.325923919677734, Time Taken: 30.86 s
Iteration 3: Ground Truth: -90.94084930419922, Best Cost = -49.36139678955078, Time Taken: 31.73 s
Iteration 3: Ground Truth: -90.94084930419922, Best Cost = -49.36139678955078, Time Taken: 32.09 s
Iteration 5: Ground Truth: -90.94084930419922, Best Cost = -49.36139678955078, Time Taken: 32.37 s
Iteration 6: Ground Truth: -90.94084930419922, Best Cost = -49.36139678955078, Time Taken: 32.30 s
Iteration 3: Ground Truth: -90.94084930419922, Best Cost = -54.03048324584961, Time Taken: 32.40 s
Iteration 3: Ground Truth: -90.94084930419922, Best Cost = -54.03048324584961, Time Taken: 32.59 s
Iteration 3: Ground Truth: -90.94084930419922, Best Cost = -54.03048324584961, Time Taken: 32.60 s
Iteration 10: Ground Truth: -90.94084930419922, Best Cost = -54.03048324584961, Time Taken: 32.60 s
Iteration 11: Ground Truth: -90.94084930419922, Best Cost = -54.03048324584961, Time Taken: 32.53 s
Iteration 12: Ground Truth: -90.94084930419922, Best Cost = -54.03048324584961, Time Taken: 32.57 s
Iteration 13: Ground Truth: -90.94084930419922, Best Cost = -55.71315002441406, Time Taken: 32.49 s
Iteration 14: Ground Truth: -90.94084930419922, Best Cost = -55.71315002441406, Time Taken: 32.74 s
Iteration 15: Ground Truth: -90.94084930419922, Best Cost = -55.71315002441406, Time Taken: 32.63 s
Iteration 16: Ground Truth: -90.94084930419922, Best Cost = -55.71315002441406, Time Taken: 32.52 s
Iteration 17: Ground Truth: -90.94084930419922, Best Cost = -55.71315002441406, Time Taken: 32.67 s
Iteration 18: Ground Truth: -90.94084930419922, Best Cost = -55.71315002441406, Time Taken: 32.80 s
Iteration 19: Ground Truth: -90.94084930419922, Best Cost = -55.71315002441406, Time Taken: 32.66 s
Iteration 20: Ground Truth: -90.94084930419922, Best Cost = -55.71315002441406, Time Taken: 32.76 s
Iteration 21: Ground Truth: -90.94084930419922, Best Cost = -55.71315002441406, Time Taken: 32.63 s
Iteration 22: Ground Truth: -90.94084930419922, Best Cost = -55.71315002441406, Time Taken: 32.92 s
Iteration 23: Ground Truth: -90.94084930419922, Best Cost = -55.71315002441406, Time Taken: 32.84 s
Iteration 24: Ground Truth: -90.94084930419922, Best Cost = -55.71315002441406, Time Taken: 32.98 s
Iteration 25: Ground Truth: -90.94084930419922, Best Cost = -55.71315002441406, Time Taken: 33.12 s
Iteration 26: Ground Truth: -90.94084930419922, Best Cost = -55.71315002441406, Time Taken: 33.21 s
Iteration 27: Ground Truth: -90.94084930419922, Best Cost = -55.71315002441406, Time Taken: 33.60 s
Iteration 3: Ground Truth: -90.94084930419922, Best Cost = -55.71315002441406, Time Taken: 33.30 s
Iteration 29: Ground Truth: -90.94084930419922, Best Cost = -55.71315002441406, Time Taken: 33.40 s
Iteration 3: Ground Truth: -90.94084930419922, Best Cost = -55.71315002441406, Time Taken: 33.10 s
Iteration 3: Ground Truth: -90.94084930419922, Best Cost = -55.71315002441406, Time Taken: 33.81 s
Iteration 32: Ground Truth: -90.94084930419922, Best Cost = -55.71315002441406, Time Taken: 33.44 s
Iteration 3: Ground Truth: -90.94084930419922, Best Cost = -55.71315002441406, Time Taken: 33.22 s
Iteration 3: Ground Truth: -90.94084930419922, Best Cost = -55.71315002441406, Time Taken: 33.28 s
Iteration 3: Ground Truth: -90.94084930419922, Best Cost = -55.71315002441406, Time Taken: 33.55 s
Iteration 3: Ground Truth: -90.94084930419922, Best Cost = -55.71315002441406, Time Taken: 33.15 s
Iteration 3: Ground Truth: -90.94084930419922, Best Cost = -55.71315002441406, Time Taken: 33.21 s
Iteration 3: Ground Truth: -90.94084930419922, Best Cost = -55.71315002441406, Time Taken: 33.45 s
Iteration 3: Ground Truth: -90.94084930419922, Best Cost = -55.71315002441406, Time Taken: 33.09 s
Iteration 3: Ground Truth: -90.94084930419922, Best Cost = -55.71315002441406, Time Taken: 33.15 s
Iteration 41: Ground Truth: -90.94084930419922, Best Cost = -55.71315002441406, Time Taken: 33.24 s
Iteration 42: Ground Truth: -90.94084930419922, Best Cost = -55.71315002441406, Time Taken: 33.24 s
Iteration 43: Ground Truth: -90.94084930419922, Best Cost = -55.71315002441406, Time Taken: 33.33 s
Iteration 44: Ground Truth: -90.94084930419922, Best Cost = -55.71315002441406, Time Taken: 33.14 s
Iteration 3: Ground Truth: -90.94084930419922, Best Cost = -55.71315002441406, Time Taken: 33.44 s
Iteration 3: Ground Truth: -90.94084930419922, Best Cost = -55.71315002441406, Time Taken: 33.77 s
Iteration 47: Ground Truth: -90.94084930419922, Best Cost = -55.71315002441406, Time Taken: 33.57 s
Iteration 48: Ground Truth: -90.94084930419922, Best Cost = -55.71315002441406, Time Taken: 33.53 s
Iteration 3: Ground Truth: -90.94084930419922, Best Cost = -55.71315002441406, Time Taken: 33.47 s
Iteration 3: Ground Truth: -90.94084930419922, Best Cost = -55.71315002441406, Time Taken: 33.40 s
Iteration 3: Ground Truth: -90.94084930419922, Best Cost = -55.71315002441406, Time Taken: 33.63 s
Iteration 52: Ground Truth: -90.94084930419922, Best Cost = -55.71315002441406, Time Taken: 33.25 s
Iteration 3: Ground Truth: -90.94084930419922, Best Cost = -55.71315002441406, Time Taken: 33.27 s
Iteration 3: Ground Truth: -90.94084930419922, Best Cost = -55.71315002441406, Time Taken: 33.62 s
Iteration 55: Ground Truth: -90.94084930419922, Best Cost = -55.71315002441406, Time Taken: 33.03 s
Iteration 56: Ground Truth: -90.94084930419922, Best Cost = -55.71315002441406, Time Taken: 33.58 s
Iteration 57: Ground Truth: -90.94084930419922, Best Cost = -55.71315002441406, Time Taken: 33.63 s
Iteration 58: Ground Truth: -90.94084930419922, Best Cost = -55.71315002441406, Time Taken: 33.90 s
Iteration 59: Ground Truth: -90.94084930419922, Best Cost = -55.71315002441406, Time Taken: 33.83 s
Iteration 60: Ground Truth: -90.94084930419922, Best Cost = -55.71315002441406, Time Taken: 33.95 s
Iteration 61: Ground Truth: -90.94084930419922, Best Cost = -55.71315002441406, Time Taken: 33.37 s
Iteration 62: Ground Truth: -90.94084930419922, Best Cost = -55.71315002441406, Time Taken: 33.47 s
Iteration 63: Ground Truth: -90.94084930419922, Best Cost = -55.71315002441406, Time Taken: 33.61 s
Iteration 64: Ground Truth: -90.94084930419922, Best Cost = -55.71315002441406, Time Taken: 33.21 s
Iteration 65: Ground Truth: -90.94084930419922, Best Cost = -55.71315002441406, Time Taken: 33.57 s
Iteration 66: Ground Truth: -90.94084930419922, Best Cost = -55.71315002441406, Time Taken: 33.27 s
Iteration 67: Ground Truth: -90.94084930419922, Best Cost = -55.71315002441406, Time Taken: 33.37 s
Iteration 68: Ground Truth: -90.94084930419922, Best Cost = -55.71315002441406, Time Taken: 33.58 s
Iteration 69: Ground Truth: -90.94084930419922, Best Cost = -55.71315002441406, Time Taken: 34.01 s
Iteration 70: Ground Truth: -90.94084930419922, Best Cost = -55.71315002441406, Time Taken: 33.44 s
Iteration 71: Ground Truth: -90.94084930419922, Best Cost = -55.71315002441406, Time Taken: 33.87 s
Iteration 72: Ground Truth: -90.94084930419922, Best Cost = -55.71315002441406, Time Taken: 33.86 s
Iteration 73: Ground Truth: -90.94084930419922, Best Cost = -55.71315002441406, Time Taken: 33.35 s
Iteration 74: Ground Truth: -90.94084930419922, Best Cost = -55.71315002441406, Time Taken: 33.46 s
Iteration 75: Ground Truth: -90.94084930419922, Best Cost = -55.71315002441406, Time Taken: 33.46 s
Iteration 76: Ground Truth: -90.94084930419922, Best Cost = -55.71315002441406, Time Taken: 33.66 s
Iteration 77: Ground Truth: -90.94084930419922, Best Cost = -55.71315002441406, Time Taken: 33.72 s
Iteration 78: Ground Truth: -90.94084930419922, Best Cost = -55.71315002441406, Time Taken: 33.86 s
Iteration 79: Ground Truth: -90.94084930419922, Best Cost = -55.71315002441406, Time Taken: 33.25 s
Iteration 80: Ground Truth: -90.94084930419922, Best Cost = -55.71315002441406, Time Taken: 33.69 s
Iteration 81: Ground Truth: -90.94084930419922, Best Cost = -55.71315002441406, Time Taken: 33.08 s
Iteration 82: Ground Truth: -90.94084930419922, Best Cost = -55.71315002441406, Time Taken: 33.85 s
Iteration 83: Ground Truth: -90.94084930419922, Best Cost = -55.71315002441406, Time Taken: 33.65 s
Iteration 84: Ground Truth: -90.94084930419922, Best Cost = -55.71315002441406, Time Taken: 33.62 s
Iteration 85: Ground Truth: -90.94084930419922, Best Cost = -55.71315002441406, Time Taken: 34.10 s
Iteration 86: Ground Truth: -90.94084930419922, Best Cost = -55.71315002441406, Time Taken: 33.65 s
Iteration 87: Ground Truth: -90.94084930419922, Best Cost = -55.71315002441406, Time Taken: 33.49 s
Iteration 88: Ground Truth: -90.94084930419922, Best Cost = -55.71315002441406, Time Taken: 33.85 s
Iteration 89: Ground Truth: -90.94084930419922, Best Cost = -55.71315002441406, Time Taken: 33.25 s
Iteration 90: Ground Truth: -90.94084930419922, Best Cost = -55.71315002441406, Time Taken: 33.51 s
Iteration 91: Ground Truth: -90.94084930419922, Best Cost = -55.71315002441406, Time Taken: 33.12 s
Iteration 92: Ground Truth: -90.94084930419922, Best Cost = -55.71315002441406, Time Taken: 33.28 s
Iteration 93: Ground Truth: -90.94084930419922, Best Cost = -55.71315002441406, Time Taken: 33.56 s
Iteration 94: Ground Truth: -90.94084930419922, Best Cost = -55.71315002441406, Time Taken: 33.54 s
Iteration 95: Ground Truth: -90.94084930419922, Best Cost = -55.71315002441406, Time Taken: 33.50 s
Iteration 96: Ground Truth: -90.94084930419922, Best Cost = -64.87506103515625, Time Taken: 33.09 s
Iteration 97: Ground Truth: -90.94084930419922, Best Cost = -64.87506103515625, Time Taken: 33.83 s
Iteration 98: Ground Truth: -90.94084930419922, Best Cost = -64.87506103515625, Time Taken: 33.49 s
Iteration 99: Ground Truth: -90.94084930419922, Best Cost = -64.87506103515625, Time Taken: 33.17 s
Iteration 100: Ground Truth: -90.94084930419922, Best Cost = -64.87506103515625, Time Taken: 33.49 s
No match for mp-19725: RMSD = 3.650, ΔE = 13.595 eV
mp-19725 match: [False]
Attempting to load checkpoint...
model loaded successfully
loaded from ../ensemble_model/torchmd-1/checkpoint_0/best_checkpoint.pt,../ensemble_model/torchmd-2/checkpoint_0/best_checkpoint.pt,../ensemble_model/torchmd-3/checkpoint_0/best_checkpoint.pt,../ensemble_model/torchmd-4/checkpoint_0/best_checkpoint.pt,../ensemble_model/torchmd-5/checkpoint_0/best_checkpoint.pt2026-01-03 02:28:44,462 - root - INFO - Using PyTorch automatic mixed-precision
2026-01-03 02:28:44,463 - root - INFO - GPU is available: True, Quantity: None
2026-01-03 02:28:44,463 - root - INFO - Dataset(s) used:
2026-01-03 02:28:44,464 - root - INFO - Dataset length: ('full', 24677)
2026-01-03 02:28:44,464 - root - INFO - Dataset length: ('train', 22209)
2026-01-03 02:28:44,465 - root - INFO - Dataset length: ('val', 1233)
2026-01-03 02:28:44,465 - root - INFO - Dataset length: ('test', 1233)
2026-01-03 03:18:59,226 - root - INFO - Using PyTorch automatic mixed-precision
2026-01-03 03:18:59,226 - root - INFO - GPU is available: True, Quantity: None
2026-01-03 03:18:59,227 - root - INFO - Dataset(s) used:
2026-01-03 03:18:59,227 - root - INFO - Dataset length: ('full', 24677)
2026-01-03 03:18:59,228 - root - INFO - Dataset length: ('train', 22209)
2026-01-03 03:18:59,228 - root - INFO - Dataset length: ('val', 1233)
2026-01-03 03:18:59,229 - root - INFO - Dataset length: ('test', 1233)

Recent checkpoint loaded successfully.
Iteration 3: Ground Truth: -59.48326873779297, Best Cost = -29.019386291503906, Time Taken: 30.72 s
Iteration 2: Ground Truth: -59.48326873779297, Best Cost = -29.019386291503906, Time Taken: 30.75 s
Iteration 3: Ground Truth: -59.48326873779297, Best Cost = -29.019386291503906, Time Taken: 30.82 s
Iteration 4: Ground Truth: -59.48326873779297, Best Cost = -29.019386291503906, Time Taken: 30.85 s
Iteration 5: Ground Truth: -59.48326873779297, Best Cost = -29.019386291503906, Time Taken: 30.87 s
Iteration 6: Ground Truth: -59.48326873779297, Best Cost = -29.019386291503906, Time Taken: 30.68 s
Iteration 7: Ground Truth: -59.48326873779297, Best Cost = -32.79428482055664, Time Taken: 30.59 s
Iteration 8: Ground Truth: -59.48326873779297, Best Cost = -37.696529388427734, Time Taken: 30.91 s
Iteration 9: Ground Truth: -59.48326873779297, Best Cost = -37.696529388427734, Time Taken: 30.52 s
Iteration 10: Ground Truth: -59.48326873779297, Best Cost = -37.696529388427734, Time Taken: 31.07 s
Iteration 11: Ground Truth: -59.48326873779297, Best Cost = -37.696529388427734, Time Taken: 31.01 s
Iteration 12: Ground Truth: -59.48326873779297, Best Cost = -37.696529388427734, Time Taken: 31.18 s
Iteration 13: Ground Truth: -59.48326873779297, Best Cost = -37.696529388427734, Time Taken: 30.96 s
Iteration 14: Ground Truth: -59.48326873779297, Best Cost = -37.696529388427734, Time Taken: 31.09 s
Iteration 15: Ground Truth: -59.48326873779297, Best Cost = -37.696529388427734, Time Taken: 31.19 s
Iteration 16: Ground Truth: -59.48326873779297, Best Cost = -37.696529388427734, Time Taken: 31.03 s
Iteration 17: Ground Truth: -59.48326873779297, Best Cost = -37.696529388427734, Time Taken: 31.23 s
Iteration 18: Ground Truth: -59.48326873779297, Best Cost = -37.696529388427734, Time Taken: 31.05 s
Iteration 19: Ground Truth: -59.48326873779297, Best Cost = -37.696529388427734, Time Taken: 31.26 s
Iteration 20: Ground Truth: -59.48326873779297, Best Cost = -37.696529388427734, Time Taken: 30.96 s
Iteration 21: Ground Truth: -59.48326873779297, Best Cost = -37.696529388427734, Time Taken: 31.18 s
Iteration 22: Ground Truth: -59.48326873779297, Best Cost = -37.696529388427734, Time Taken: 30.97 s
Iteration 23: Ground Truth: -59.48326873779297, Best Cost = -37.696529388427734, Time Taken: 31.21 s
Iteration 24: Ground Truth: -59.48326873779297, Best Cost = -37.696529388427734, Time Taken: 31.32 s
Iteration 25: Ground Truth: -59.48326873779297, Best Cost = -37.696529388427734, Time Taken: 31.15 s
Iteration 26: Ground Truth: -59.48326873779297, Best Cost = -37.696529388427734, Time Taken: 31.54 s
Iteration 27: Ground Truth: -59.48326873779297, Best Cost = -37.696529388427734, Time Taken: 31.26 s
Iteration 28: Ground Truth: -59.48326873779297, Best Cost = -37.696529388427734, Time Taken: 31.37 s
Iteration 29: Ground Truth: -59.48326873779297, Best Cost = -37.696529388427734, Time Taken: 31.20 s
Iteration 30: Ground Truth: -59.48326873779297, Best Cost = -37.696529388427734, Time Taken: 31.41 s
Iteration 31: Ground Truth: -59.48326873779297, Best Cost = -37.696529388427734, Time Taken: 31.43 s
Iteration 32: Ground Truth: -59.48326873779297, Best Cost = -37.696529388427734, Time Taken: 31.08 s
Iteration 33: Ground Truth: -59.48326873779297, Best Cost = -37.696529388427734, Time Taken: 30.49 s
Iteration 34: Ground Truth: -59.48326873779297, Best Cost = -37.696529388427734, Time Taken: 31.70 s
Iteration 35: Ground Truth: -59.48326873779297, Best Cost = -37.696529388427734, Time Taken: 30.83 s
Iteration 36: Ground Truth: -59.48326873779297, Best Cost = -37.696529388427734, Time Taken: 31.72 s
Iteration 37: Ground Truth: -59.48326873779297, Best Cost = -37.696529388427734, Time Taken: 31.33 s
Iteration 38: Ground Truth: -59.48326873779297, Best Cost = -37.696529388427734, Time Taken: 31.63 s
Iteration 39: Ground Truth: -59.48326873779297, Best Cost = -37.696529388427734, Time Taken: 31.65 s
Iteration 40: Ground Truth: -59.48326873779297, Best Cost = -37.696529388427734, Time Taken: 31.50 s
Iteration 41: Ground Truth: -59.48326873779297, Best Cost = -37.696529388427734, Time Taken: 31.24 s
Iteration 42: Ground Truth: -59.48326873779297, Best Cost = -37.696529388427734, Time Taken: 30.97 s
Iteration 43: Ground Truth: -59.48326873779297, Best Cost = -37.696529388427734, Time Taken: 31.36 s
Iteration 44: Ground Truth: -59.48326873779297, Best Cost = -37.696529388427734, Time Taken: 30.58 s
Iteration 45: Ground Truth: -59.48326873779297, Best Cost = -37.696529388427734, Time Taken: 31.35 s
Iteration 46: Ground Truth: -59.48326873779297, Best Cost = -37.696529388427734, Time Taken: 31.51 s
Iteration 47: Ground Truth: -59.48326873779297, Best Cost = -37.696529388427734, Time Taken: 31.45 s
Iteration 48: Ground Truth: -59.48326873779297, Best Cost = -37.696529388427734, Time Taken: 31.50 s
Iteration 49: Ground Truth: -59.48326873779297, Best Cost = -37.696529388427734, Time Taken: 31.58 s
Iteration 50: Ground Truth: -59.48326873779297, Best Cost = -37.696529388427734, Time Taken: 31.52 s
Iteration 51: Ground Truth: -59.48326873779297, Best Cost = -37.696529388427734, Time Taken: 31.66 s
Iteration 52: Ground Truth: -59.48326873779297, Best Cost = -37.696529388427734, Time Taken: 31.61 s
Iteration 53: Ground Truth: -59.48326873779297, Best Cost = -37.696529388427734, Time Taken: 31.75 s
Iteration 54: Ground Truth: -59.48326873779297, Best Cost = -37.696529388427734, Time Taken: 31.62 s
Iteration 55: Ground Truth: -59.48326873779297, Best Cost = -37.696529388427734, Time Taken: 31.85 s
Iteration 56: Ground Truth: -59.48326873779297, Best Cost = -37.696529388427734, Time Taken: 31.01 s
Iteration 57: Ground Truth: -59.48326873779297, Best Cost = -37.696529388427734, Time Taken: 31.65 s
Iteration 58: Ground Truth: -59.48326873779297, Best Cost = -37.696529388427734, Time Taken: 31.32 s
Iteration 59: Ground Truth: -59.48326873779297, Best Cost = -37.696529388427734, Time Taken: 31.50 s
Iteration 60: Ground Truth: -59.48326873779297, Best Cost = -37.696529388427734, Time Taken: 31.80 s
Iteration 61: Ground Truth: -59.48326873779297, Best Cost = -41.97828674316406, Time Taken: 32.30 s
Iteration 62: Ground Truth: -59.48326873779297, Best Cost = -41.97828674316406, Time Taken: 31.46 s
Iteration 63: Ground Truth: -59.48326873779297, Best Cost = -41.97828674316406, Time Taken: 31.63 s
Iteration 64: Ground Truth: -59.48326873779297, Best Cost = -41.97828674316406, Time Taken: 31.47 s
Iteration 65: Ground Truth: -59.48326873779297, Best Cost = -41.97828674316406, Time Taken: 31.36 s
Iteration 66: Ground Truth: -59.48326873779297, Best Cost = -41.97828674316406, Time Taken: 31.54 s
Iteration 67: Ground Truth: -59.48326873779297, Best Cost = -41.97828674316406, Time Taken: 31.59 s
Iteration 68: Ground Truth: -59.48326873779297, Best Cost = -41.97828674316406, Time Taken: 32.02 s
Iteration 69: Ground Truth: -59.48326873779297, Best Cost = -41.97828674316406, Time Taken: 31.61 s
Iteration 70: Ground Truth: -59.48326873779297, Best Cost = -41.97828674316406, Time Taken: 31.27 s
Iteration 71: Ground Truth: -59.48326873779297, Best Cost = -41.97828674316406, Time Taken: 31.80 s
Iteration 72: Ground Truth: -59.48326873779297, Best Cost = -41.97828674316406, Time Taken: 31.71 s
Iteration 73: Ground Truth: -59.48326873779297, Best Cost = -41.97828674316406, Time Taken: 31.71 s
Iteration 74: Ground Truth: -59.48326873779297, Best Cost = -41.97828674316406, Time Taken: 31.39 s
Iteration 75: Ground Truth: -59.48326873779297, Best Cost = -41.97828674316406, Time Taken: 31.47 s
Iteration 76: Ground Truth: -59.48326873779297, Best Cost = -41.97828674316406, Time Taken: 31.83 s
Iteration 77: Ground Truth: -59.48326873779297, Best Cost = -41.97828674316406, Time Taken: 32.23 s
Iteration 78: Ground Truth: -59.48326873779297, Best Cost = -41.97828674316406, Time Taken: 31.90 s
Iteration 79: Ground Truth: -59.48326873779297, Best Cost = -41.97828674316406, Time Taken: 31.55 s
Iteration 80: Ground Truth: -59.48326873779297, Best Cost = -41.97828674316406, Time Taken: 31.77 s
Iteration 81: Ground Truth: -59.48326873779297, Best Cost = -41.97828674316406, Time Taken: 31.46 s
Iteration 82: Ground Truth: -59.48326873779297, Best Cost = -41.97828674316406, Time Taken: 31.46 s
Iteration 83: Ground Truth: -59.48326873779297, Best Cost = -41.97828674316406, Time Taken: 31.57 s
Iteration 84: Ground Truth: -59.48326873779297, Best Cost = -41.97828674316406, Time Taken: 31.77 s
Iteration 85: Ground Truth: -59.48326873779297, Best Cost = -41.97828674316406, Time Taken: 32.34 s
Iteration 86: Ground Truth: -59.48326873779297, Best Cost = -41.97828674316406, Time Taken: 32.06 s
Iteration 87: Ground Truth: -59.48326873779297, Best Cost = -41.97828674316406, Time Taken: 32.52 s
Iteration 88: Ground Truth: -59.48326873779297, Best Cost = -41.97828674316406, Time Taken: 32.29 s
Iteration 89: Ground Truth: -59.48326873779297, Best Cost = -41.97828674316406, Time Taken: 33.72 s
Iteration 90: Ground Truth: -59.48326873779297, Best Cost = -41.97828674316406, Time Taken: 32.55 s
Iteration 91: Ground Truth: -59.48326873779297, Best Cost = -41.97828674316406, Time Taken: 32.37 s
Iteration 92: Ground Truth: -59.48326873779297, Best Cost = -41.97828674316406, Time Taken: 32.65 s
Iteration 93: Ground Truth: -59.48326873779297, Best Cost = -41.97828674316406, Time Taken: 32.00 s
Iteration 94: Ground Truth: -59.48326873779297, Best Cost = -41.97828674316406, Time Taken: 32.70 s
Iteration 95: Ground Truth: -59.48326873779297, Best Cost = -41.97828674316406, Time Taken: 32.63 s
Iteration 96: Ground Truth: -59.48326873779297, Best Cost = -41.97828674316406, Time Taken: 33.18 s
Iteration 97: Ground Truth: -59.48326873779297, Best Cost = -41.97828674316406, Time Taken: 34.24 s
Iteration 98: Ground Truth: -59.48326873779297, Best Cost = -41.97828674316406, Time Taken: 33.26 s
Iteration 99: Ground Truth: -59.48326873779297, Best Cost = -41.97828674316406, Time Taken: 32.43 s
Iteration 100: Ground Truth: -59.48326873779297, Best Cost = -41.97828674316406, Time Taken: 33.04 s
No match for mp-20836: RMSD = 3.834, ΔE = 13.591 eV
mp-20836 match: [False]
Attempting to load checkpoint...
model loaded successfully
loaded from ../ensemble_model/torchmd-1/checkpoint_0/best_checkpoint.pt,../ensemble_model/torchmd-2/checkpoint_0/best_checkpoint.pt,../ensemble_model/torchmd-3/checkpoint_0/best_checkpoint.pt,../ensemble_model/torchmd-4/checkpoint_0/best_checkpoint.pt,../ensemble_model/torchmd-5/checkpoint_0/best_checkpoint.pt
Recent checkpoint loaded successfully.
Iteration 3: Ground Truth: -65.81556701660156, Best Cost = 138.22604370117188, Time Taken: 38.23 s
Iteration 2: Ground Truth: -65.81556701660156, Best Cost = 50.367820739746094, Time Taken: 32.61 s
Iteration 3: Ground Truth: -65.81556701660156, Best Cost = 30.567005157470703, Time Taken: 31.07 s
Iteration 4: Ground Truth: -65.81556701660156, Best Cost = -7.66888952255249, Time Taken: 30.44 s
Iteration 5: Ground Truth: -65.81556701660156, Best Cost = -7.66888952255249, Time Taken: 29.93 s
Iteration 6: Ground Truth: -65.81556701660156, Best Cost = -14.74972152709961, Time Taken: 29.17 s
Iteration 7: Ground Truth: -65.81556701660156, Best Cost = -18.37677574157715, Time Taken: 29.12 s
Iteration 8: Ground Truth: -65.81556701660156, Best Cost = -41.50302505493164, Time Taken: 28.69 s
Iteration 9: Ground Truth: -65.81556701660156, Best Cost = -41.50302505493164, Time Taken: 28.86 s
Iteration 10: Ground Truth: -65.81556701660156, Best Cost = -41.50302505493164, Time Taken: 28.56 s
Iteration 11: Ground Truth: -65.81556701660156, Best Cost = -41.50302505493164, Time Taken: 28.39 s
Iteration 12: Ground Truth: -65.81556701660156, Best Cost = -42.760337829589844, Time Taken: 28.15 s
Iteration 13: Ground Truth: -65.81556701660156, Best Cost = -42.760337829589844, Time Taken: 28.16 s
Iteration 14: Ground Truth: -65.81556701660156, Best Cost = -42.760337829589844, Time Taken: 28.05 s
Iteration 15: Ground Truth: -65.81556701660156, Best Cost = -42.760337829589844, Time Taken: 28.09 s
Iteration 16: Ground Truth: -65.81556701660156, Best Cost = -42.760337829589844, Time Taken: 28.08 s
Iteration 17: Ground Truth: -65.81556701660156, Best Cost = -43.05344772338867, Time Taken: 27.94 s
Iteration 18: Ground Truth: -65.81556701660156, Best Cost = -45.981666564941406, Time Taken: 27.83 s
Iteration 19: Ground Truth: -65.81556701660156, Best Cost = -45.981666564941406, Time Taken: 27.90 s
Iteration 20: Ground Truth: -65.81556701660156, Best Cost = -45.981666564941406, Time Taken: 27.86 s
Iteration 21: Ground Truth: -65.81556701660156, Best Cost = -46.12854766845703, Time Taken: 27.82 s
Iteration 22: Ground Truth: -65.81556701660156, Best Cost = -46.12854766845703, Time Taken: 27.82 s
Iteration 23: Ground Truth: -65.81556701660156, Best Cost = -47.01394271850586, Time Taken: 27.87 s
Iteration 24: Ground Truth: -65.81556701660156, Best Cost = -47.54969024658203, Time Taken: 27.86 s
Iteration 25: Ground Truth: -65.81556701660156, Best Cost = -47.54969024658203, Time Taken: 27.78 s
Iteration 26: Ground Truth: -65.81556701660156, Best Cost = -48.435264587402344, Time Taken: 27.78 s
Iteration 27: Ground Truth: -65.81556701660156, Best Cost = -48.435264587402344, Time Taken: 27.70 s
Iteration 28: Ground Truth: -65.81556701660156, Best Cost = -48.435264587402344, Time Taken: 27.75 s
Iteration 29: Ground Truth: -65.81556701660156, Best Cost = -50.04130935668945, Time Taken: 27.82 s
Iteration 30: Ground Truth: -65.81556701660156, Best Cost = -50.04130935668945, Time Taken: 27.73 s
Iteration 31: Ground Truth: -65.81556701660156, Best Cost = -50.04130935668945, Time Taken: 27.80 s
Iteration 32: Ground Truth: -65.81556701660156, Best Cost = -50.25878143310547, Time Taken: 28.00 s
Iteration 33: Ground Truth: -65.81556701660156, Best Cost = -51.50186538696289, Time Taken: 27.73 s
Iteration 34: Ground Truth: -65.81556701660156, Best Cost = -51.50186538696289, Time Taken: 27.82 s
Iteration 35: Ground Truth: -65.81556701660156, Best Cost = -51.50186538696289, Time Taken: 27.76 s
Iteration 36: Ground Truth: -65.81556701660156, Best Cost = -51.50186538696289, Time Taken: 27.76 s
Iteration 37: Ground Truth: -65.81556701660156, Best Cost = -51.50186538696289, Time Taken: 27.70 s
Iteration 38: Ground Truth: -65.81556701660156, Best Cost = -51.50186538696289, Time Taken: 27.56 s
Iteration 39: Ground Truth: -65.81556701660156, Best Cost = -51.50186538696289, Time Taken: 27.46 s
Iteration 40: Ground Truth: -65.81556701660156, Best Cost = -51.50186538696289, Time Taken: 27.81 s
Iteration 41: Ground Truth: -65.81556701660156, Best Cost = -51.50186538696289, Time Taken: 27.49 s
Iteration 42: Ground Truth: -65.81556701660156, Best Cost = -51.50186538696289, Time Taken: 27.87 s
Iteration 43: Ground Truth: -65.81556701660156, Best Cost = -51.50186538696289, Time Taken: 27.19 s
Iteration 44: Ground Truth: -65.81556701660156, Best Cost = -52.5986328125, Time Taken: 27.50 s
Iteration 45: Ground Truth: -65.81556701660156, Best Cost = -52.5986328125, Time Taken: 27.78 s
Iteration 46: Ground Truth: -65.81556701660156, Best Cost = -52.5986328125, Time Taken: 28.07 s
Iteration 47: Ground Truth: -65.81556701660156, Best Cost = -52.5986328125, Time Taken: 27.87 s
Iteration 48: Ground Truth: -65.81556701660156, Best Cost = -53.589881896972656, Time Taken: 27.78 s
Iteration 49: Ground Truth: -65.81556701660156, Best Cost = -53.589881896972656, Time Taken: 27.48 s
Iteration 50: Ground Truth: -65.81556701660156, Best Cost = -53.589881896972656, Time Taken: 27.94 s
Iteration 51: Ground Truth: -65.81556701660156, Best Cost = -53.589881896972656, Time Taken: 27.49 s
Iteration 52: Ground Truth: -65.81556701660156, Best Cost = -53.589881896972656, Time Taken: 27.63 s
Iteration 53: Ground Truth: -65.81556701660156, Best Cost = -53.589881896972656, Time Taken: 27.81 s
Iteration 54: Ground Truth: -65.81556701660156, Best Cost = -53.589881896972656, Time Taken: 27.56 s
Iteration 55: Ground Truth: -65.81556701660156, Best Cost = -53.589881896972656, Time Taken: 27.75 s
Iteration 56: Ground Truth: -65.81556701660156, Best Cost = -53.589881896972656, Time Taken: 27.46 s
Iteration 57: Ground Truth: -65.81556701660156, Best Cost = -53.589881896972656, Time Taken: 27.76 s
Iteration 58: Ground Truth: -65.81556701660156, Best Cost = -53.589881896972656, Time Taken: 27.98 s
Iteration 59: Ground Truth: -65.81556701660156, Best Cost = -53.589881896972656, Time Taken: 27.69 s
Iteration 60: Ground Truth: -65.81556701660156, Best Cost = -53.589881896972656, Time Taken: 27.67 s
Iteration 61: Ground Truth: -65.81556701660156, Best Cost = -53.589881896972656, Time Taken: 27.81 s
Iteration 62: Ground Truth: -65.81556701660156, Best Cost = -53.589881896972656, Time Taken: 27.42 s
Iteration 63: Ground Truth: -65.81556701660156, Best Cost = -53.589881896972656, Time Taken: 27.97 s
Iteration 64: Ground Truth: -65.81556701660156, Best Cost = -53.589881896972656, Time Taken: 27.65 s
Iteration 65: Ground Truth: -65.81556701660156, Best Cost = -54.098331451416016, Time Taken: 27.51 s
Iteration 66: Ground Truth: -65.81556701660156, Best Cost = -54.098331451416016, Time Taken: 28.09 s
Iteration 67: Ground Truth: -65.81556701660156, Best Cost = -54.098331451416016, Time Taken: 27.86 s
Iteration 68: Ground Truth: -65.81556701660156, Best Cost = -54.098331451416016, Time Taken: 27.49 s
Iteration 69: Ground Truth: -65.81556701660156, Best Cost = -54.098331451416016, Time Taken: 28.05 s
Iteration 70: Ground Truth: -65.81556701660156, Best Cost = -54.098331451416016, Time Taken: 27.75 s
Iteration 71: Ground Truth: -65.81556701660156, Best Cost = -54.098331451416016, Time Taken: 28.10 s
Iteration 72: Ground Truth: -65.81556701660156, Best Cost = -54.098331451416016, Time Taken: 27.70 s
Iteration 73: Ground Truth: -65.81556701660156, Best Cost = -54.098331451416016, Time Taken: 28.24 s
Iteration 74: Ground Truth: -65.81556701660156, Best Cost = -54.098331451416016, Time Taken: 28.08 s
Iteration 75: Ground Truth: -65.81556701660156, Best Cost = -54.098331451416016, Time Taken: 27.70 s
Iteration 76: Ground Truth: -65.81556701660156, Best Cost = -54.098331451416016, Time Taken: 28.04 s
Iteration 77: Ground Truth: -65.81556701660156, Best Cost = -54.098331451416016, Time Taken: 27.99 s
Iteration 78: Ground Truth: -65.81556701660156, Best Cost = -54.098331451416016, Time Taken: 27.87 s
Iteration 79: Ground Truth: -65.81556701660156, Best Cost = -54.098331451416016, Time Taken: 28.26 s
Iteration 80: Ground Truth: -65.81556701660156, Best Cost = -54.098331451416016, Time Taken: 27.85 s
Iteration 81: Ground Truth: -65.81556701660156, Best Cost = -54.098331451416016, Time Taken: 28.18 s
Iteration 82: Ground Truth: -65.81556701660156, Best Cost = -54.098331451416016, Time Taken: 28.30 s
Iteration 83: Ground Truth: -65.81556701660156, Best Cost = -54.098331451416016, Time Taken: 27.44 s
Iteration 84: Ground Truth: -65.81556701660156, Best Cost = -54.098331451416016, Time Taken: 28.30 s
Iteration 85: Ground Truth: -65.81556701660156, Best Cost = -54.098331451416016, Time Taken: 28.54 s
Iteration 86: Ground Truth: -65.81556701660156, Best Cost = -54.098331451416016, Time Taken: 28.03 s
Iteration 87: Ground Truth: -65.81556701660156, Best Cost = -54.098331451416016, Time Taken: 28.62 s
Iteration 88: Ground Truth: -65.81556701660156, Best Cost = -54.098331451416016, Time Taken: 28.50 s
Iteration 89: Ground Truth: -65.81556701660156, Best Cost = -54.098331451416016, Time Taken: 28.51 s
Iteration 90: Ground Truth: -65.81556701660156, Best Cost = -54.098331451416016, Time Taken: 28.81 s
Iteration 91: Ground Truth: -65.81556701660156, Best Cost = -54.098331451416016, Time Taken: 29.03 s
Iteration 92: Ground Truth: -65.81556701660156, Best Cost = -54.098331451416016, Time Taken: 28.96 s
Iteration 93: Ground Truth: -65.81556701660156, Best Cost = -54.098331451416016, Time Taken: 28.83 s
Iteration 94: Ground Truth: -65.81556701660156, Best Cost = -54.098331451416016, Time Taken: 28.03 s
Iteration 95: Ground Truth: -65.81556701660156, Best Cost = -54.098331451416016, Time Taken: 27.84 s
Iteration 96: Ground Truth: -65.81556701660156, Best Cost = -54.098331451416016, Time Taken: 28.97 s
Iteration 97: Ground Truth: -65.81556701660156, Best Cost = -54.098331451416016, Time Taken: 29.06 s
Iteration 98: Ground Truth: -65.81556701660156, Best Cost = -54.098331451416016, Time Taken: 28.94 s
Iteration 99: Ground Truth: -65.81556701660156, Best Cost = -54.098331451416016, Time Taken: 29.25 s
Iteration 100: Ground Truth: -65.81556701660156, Best Cost = -54.098331451416016, Time Taken: 29.08 s
No match for mp-28368: RMSD = 4.886, ΔE = 15.852 eV
mp-28368 match: [False]
Attempting to load checkpoint...
model loaded successfully
loaded from ../ensemble_model/torchmd-1/checkpoint_0/best_checkpoint.pt,../ensemble_model/torchmd-2/checkpoint_0/best_checkpoint.pt,../ensemble_model/torchmd-3/checkpoint_0/best_checkpoint.pt,../ensemble_model/torchmd-4/checkpoint_0/best_checkpoint.pt,../ensemble_model/torchmd-5/checkpoint_0/best_checkpoint.pt
Recent checkpoint loaded successfully.
Iteration 3: Ground Truth: -70.01415252685547, Best Cost = 31.42019271850586, Time Taken: 34.48 s
Iteration 2: Ground Truth: -70.01415252685547, Best Cost = -25.233928680419922, Time Taken: 30.01 s
Iteration 3: Ground Truth: -70.01415252685547, Best Cost = -25.233928680419922, Time Taken: 29.46 s
Iteration 4: Ground Truth: -70.01415252685547, Best Cost = -25.233928680419922, Time Taken: 29.02 s
Iteration 5: Ground Truth: -70.01415252685547, Best Cost = -43.5288200378418, Time Taken: 28.78 s
Iteration 6: Ground Truth: -70.01415252685547, Best Cost = -43.5288200378418, Time Taken: 28.18 s
Iteration 7: Ground Truth: -70.01415252685547, Best Cost = -43.5288200378418, Time Taken: 28.39 s
Iteration 8: Ground Truth: -70.01415252685547, Best Cost = -43.5288200378418, Time Taken: 28.16 s
Iteration 9: Ground Truth: -70.01415252685547, Best Cost = -43.5288200378418, Time Taken: 28.14 s
Iteration 10: Ground Truth: -70.01415252685547, Best Cost = -43.5288200378418, Time Taken: 28.33 s
Iteration 11: Ground Truth: -70.01415252685547, Best Cost = -43.5288200378418, Time Taken: 28.09 s
Iteration 12: Ground Truth: -70.01415252685547, Best Cost = -43.5288200378418, Time Taken: 28.38 s
Iteration 13: Ground Truth: -70.01415252685547, Best Cost = -43.5288200378418, Time Taken: 28.03 s
Iteration 14: Ground Truth: -70.01415252685547, Best Cost = -43.5288200378418, Time Taken: 27.94 s
Iteration 15: Ground Truth: -70.01415252685547, Best Cost = -43.5288200378418, Time Taken: 28.09 s
Iteration 16: Ground Truth: -70.01415252685547, Best Cost = -43.5288200378418, Time Taken: 27.57 s
Iteration 17: Ground Truth: -70.01415252685547, Best Cost = -43.5288200378418, Time Taken: 27.55 s
Iteration 18: Ground Truth: -70.01415252685547, Best Cost = -43.5288200378418, Time Taken: 27.70 s
Iteration 19: Ground Truth: -70.01415252685547, Best Cost = -43.5288200378418, Time Taken: 27.47 s
Iteration 20: Ground Truth: -70.01415252685547, Best Cost = -43.5288200378418, Time Taken: 27.43 s
Iteration 21: Ground Truth: -70.01415252685547, Best Cost = -43.5288200378418, Time Taken: 27.40 s
Iteration 22: Ground Truth: -70.01415252685547, Best Cost = -44.23930358886719, Time Taken: 27.17 s
Iteration 23: Ground Truth: -70.01415252685547, Best Cost = -44.23930358886719, Time Taken: 27.42 s
Iteration 24: Ground Truth: -70.01415252685547, Best Cost = -44.23930358886719, Time Taken: 27.24 s
Iteration 25: Ground Truth: -70.01415252685547, Best Cost = -44.23930358886719, Time Taken: 27.37 s
Iteration 26: Ground Truth: -70.01415252685547, Best Cost = -44.23930358886719, Time Taken: 27.14 s
Iteration 27: Ground Truth: -70.01415252685547, Best Cost = -44.23930358886719, Time Taken: 27.70 s
Iteration 28: Ground Truth: -70.01415252685547, Best Cost = -44.23930358886719, Time Taken: 27.61 s
Iteration 29: Ground Truth: -70.01415252685547, Best Cost = -45.485530853271484, Time Taken: 27.60 s
Iteration 30: Ground Truth: -70.01415252685547, Best Cost = -45.485530853271484, Time Taken: 27.31 s
Iteration 31: Ground Truth: -70.01415252685547, Best Cost = -45.485530853271484, Time Taken: 27.03 s
Iteration 32: Ground Truth: -70.01415252685547, Best Cost = -45.485530853271484, Time Taken: 26.88 s
Iteration 33: Ground Truth: -70.01415252685547, Best Cost = -45.485530853271484, Time Taken: 26.95 s
Iteration 34: Ground Truth: -70.01415252685547, Best Cost = -45.485530853271484, Time Taken: 26.77 s
Iteration 35: Ground Truth: -70.01415252685547, Best Cost = -45.485530853271484, Time Taken: 26.43 s
Iteration 36: Ground Truth: -70.01415252685547, Best Cost = -45.49752426147461, Time Taken: 27.05 s
Iteration 37: Ground Truth: -70.01415252685547, Best Cost = -45.49752426147461, Time Taken: 26.69 s
Iteration 38: Ground Truth: -70.01415252685547, Best Cost = -46.440494537353516, Time Taken: 27.13 s
Iteration 39: Ground Truth: -70.01415252685547, Best Cost = -46.440494537353516, Time Taken: 26.88 s
Iteration 40: Ground Truth: -70.01415252685547, Best Cost = -46.440494537353516, Time Taken: 26.49 s
Iteration 41: Ground Truth: -70.01415252685547, Best Cost = -46.440494537353516, Time Taken: 26.37 s
Iteration 42: Ground Truth: -70.01415252685547, Best Cost = -46.440494537353516, Time Taken: 26.51 s
Iteration 43: Ground Truth: -70.01415252685547, Best Cost = -46.440494537353516, Time Taken: 26.53 s
Iteration 44: Ground Truth: -70.01415252685547, Best Cost = -46.440494537353516, Time Taken: 26.92 s
Iteration 45: Ground Truth: -70.01415252685547, Best Cost = -46.440494537353516, Time Taken: 26.44 s
Iteration 46: Ground Truth: -70.01415252685547, Best Cost = -46.440494537353516, Time Taken: 26.84 s
Iteration 47: Ground Truth: -70.01415252685547, Best Cost = -46.440494537353516, Time Taken: 26.72 s
Iteration 48: Ground Truth: -70.01415252685547, Best Cost = -46.440494537353516, Time Taken: 25.38 s
Iteration 49: Ground Truth: -70.01415252685547, Best Cost = -46.440494537353516, Time Taken: 25.83 s
Iteration 50: Ground Truth: -70.01415252685547, Best Cost = -46.440494537353516, Time Taken: 26.19 s
Iteration 51: Ground Truth: -70.01415252685547, Best Cost = -46.440494537353516, Time Taken: 26.67 s
Iteration 52: Ground Truth: -70.01415252685547, Best Cost = -46.440494537353516, Time Taken: 26.59 s
Iteration 53: Ground Truth: -70.01415252685547, Best Cost = -46.440494537353516, Time Taken: 26.25 s
Iteration 54: Ground Truth: -70.01415252685547, Best Cost = -46.440494537353516, Time Taken: 26.14 s
Iteration 55: Ground Truth: -70.01415252685547, Best Cost = -46.440494537353516, Time Taken: 26.78 s
Iteration 56: Ground Truth: -70.01415252685547, Best Cost = -46.440494537353516, Time Taken: 26.77 s
Iteration 57: Ground Truth: -70.01415252685547, Best Cost = -46.440494537353516, Time Taken: 27.14 s
Iteration 58: Ground Truth: -70.01415252685547, Best Cost = -46.440494537353516, Time Taken: 26.44 s
Iteration 59: Ground Truth: -70.01415252685547, Best Cost = -46.440494537353516, Time Taken: 26.18 s
Iteration 60: Ground Truth: -70.01415252685547, Best Cost = -46.440494537353516, Time Taken: 26.49 s
Iteration 61: Ground Truth: -70.01415252685547, Best Cost = -46.440494537353516, Time Taken: 25.68 s
Iteration 62: Ground Truth: -70.01415252685547, Best Cost = -46.440494537353516, Time Taken: 26.07 s
Iteration 63: Ground Truth: -70.01415252685547, Best Cost = -46.440494537353516, Time Taken: 26.43 s
Iteration 64: Ground Truth: -70.01415252685547, Best Cost = -46.440494537353516, Time Taken: 26.16 s
Iteration 65: Ground Truth: -70.01415252685547, Best Cost = -46.440494537353516, Time Taken: 25.67 s
Iteration 66: Ground Truth: -70.01415252685547, Best Cost = -46.440494537353516, Time Taken: 26.39 s
Iteration 67: Ground Truth: -70.01415252685547, Best Cost = -46.440494537353516, Time Taken: 25.82 s
Iteration 68: Ground Truth: -70.01415252685547, Best Cost = -46.440494537353516, Time Taken: 25.77 s
Iteration 69: Ground Truth: -70.01415252685547, Best Cost = -46.62551498413086, Time Taken: 26.34 s
Iteration 70: Ground Truth: -70.01415252685547, Best Cost = -46.62551498413086, Time Taken: 26.44 s
Iteration 71: Ground Truth: -70.01415252685547, Best Cost = -46.62551498413086, Time Taken: 25.64 s
Iteration 72: Ground Truth: -70.01415252685547, Best Cost = -46.62551498413086, Time Taken: 26.05 s
Iteration 73: Ground Truth: -70.01415252685547, Best Cost = -46.62551498413086, Time Taken: 25.80 s
Iteration 74: Ground Truth: -70.01415252685547, Best Cost = -46.62551498413086, Time Taken: 24.88 s
Iteration 75: Ground Truth: -70.01415252685547, Best Cost = -46.62551498413086, Time Taken: 26.41 s
Iteration 76: Ground Truth: -70.01415252685547, Best Cost = -46.62551498413086, Time Taken: 26.18 s
Iteration 77: Ground Truth: -70.01415252685547, Best Cost = -46.62551498413086, Time Taken: 25.85 s
Iteration 78: Ground Truth: -70.01415252685547, Best Cost = -46.62551498413086, Time Taken: 25.93 s
Iteration 79: Ground Truth: -70.01415252685547, Best Cost = -46.62551498413086, Time Taken: 25.86 s
Iteration 80: Ground Truth: -70.01415252685547, Best Cost = -46.62551498413086, Time Taken: 25.34 s
Iteration 81: Ground Truth: -70.01415252685547, Best Cost = -46.62551498413086, Time Taken: 24.31 s
Iteration 82: Ground Truth: -70.01415252685547, Best Cost = -46.62551498413086, Time Taken: 26.34 s
Iteration 83: Ground Truth: -70.01415252685547, Best Cost = -46.62551498413086, Time Taken: 24.32 s
Iteration 84: Ground Truth: -70.01415252685547, Best Cost = -46.62551498413086, Time Taken: 24.62 s
Iteration 85: Ground Truth: -70.01415252685547, Best Cost = -46.62551498413086, Time Taken: 24.90 s
Iteration 86: Ground Truth: -70.01415252685547, Best Cost = -46.62551498413086, Time Taken: 23.90 s
Iteration 87: Ground Truth: -70.01415252685547, Best Cost = -46.62551498413086, Time Taken: 25.20 s
Iteration 88: Ground Truth: -70.01415252685547, Best Cost = -46.62551498413086, Time Taken: 24.84 s
Iteration 89: Ground Truth: -70.01415252685547, Best Cost = -46.62551498413086, Time Taken: 24.38 s
Iteration 90: Ground Truth: -70.01415252685547, Best Cost = -46.62551498413086, Time Taken: 26.51 s
Iteration 91: Ground Truth: -70.01415252685547, Best Cost = -47.29049301147461, Time Taken: 24.70 s
Iteration 92: Ground Truth: -70.01415252685547, Best Cost = -47.29049301147461, Time Taken: 26.34 s
Iteration 93: Ground Truth: -70.01415252685547, Best Cost = -47.29049301147461, Time Taken: 24.73 s
Iteration 94: Ground Truth: -70.01415252685547, Best Cost = -47.29049301147461, Time Taken: 24.07 s
Iteration 95: Ground Truth: -70.01415252685547, Best Cost = -47.29049301147461, Time Taken: 24.88 s
Iteration 96: Ground Truth: -70.01415252685547, Best Cost = -47.29049301147461, Time Taken: 27.06 s
Iteration 97: Ground Truth: -70.01415252685547, Best Cost = -47.29049301147461, Time Taken: 25.21 s
Iteration 98: Ground Truth: -70.01415252685547, Best Cost = -47.29049301147461, Time Taken: 25.67 s
Iteration 99: Ground Truth: -70.01415252685547, Best Cost = -47.29049301147461, Time Taken: 25.05 s
Iteration 100: Ground Truth: -70.01415252685547, Best Cost = -47.29049301147461, Time Taken: 25.51 s
No match for mp-541013: RMSD = 4.246, ΔE = 24.225 eV
mp-541013 match: [False]
Distance and Energy Differences:
[(3.7606711358118385, 13.975304), (22.65161515944555, 147.95688), (4.202342227892571, 11.984814), (3.653552808553759, 12.459835), (4.213578229299022, 157.02834), (5.0354818716982805, 16.389145), (3.6499962239484343, 13.59462), (3.8342350967719923, 13.5913925), (4.886350148422251, 15.851822), (4.246292237337231, 24.224548)]

Matched 0/10 structures.
Match ratio: 0.00
---------------------------------------
Begin Slurm Epilog: Jan-03-2026 04:04:19
Job ID:        3134201
User ID:       hjiang378
Account:       gts-vfung3
Job name:      pso_local
Resources:     cpu=12,gres/gpu:v100=1,mem=48G,node=1
Rsrc Used:     cput=4-18:14:36,vmem=0,walltime=09:31:13,mem=2406384K,energy_used=0
Partition:     gpu-v100
QOS:           inferno
Nodes:         atl1-1-02-011-35-0
---------------------------------------
