---------------------------------------
Begin Slurm Prolog: Mar-17-2026 22:01:58
Job ID:    5026184
User ID:   hjiang378
Account:   gts-vfung3
Job name:  basin
Partition: gpu-v100
QOS:       inferno
---------------------------------------
/storage/home/hcoda1/7/hjiang378/conda_envs/torchsim/lib/python3.11/site-packages/e3nn/o3/_wigner.py:10: FutureWarning: You are using `torch.load` with `weights_only=False` (the current default value), which uses the default pickle module implicitly. It is possible to construct malicious pickle data which will execute arbitrary code during unpickling (See https://github.com/pytorch/pytorch/blob/main/SECURITY.md#untrusted-models for more details). In a future release, the default value for `weights_only` will be flipped to `True`. This limits the functions that could be executed during unpickling. Arbitrary objects will no longer be allowed to be loaded via this mode unless they are explicitly allowlisted by the user via `torch.serialization.add_safe_globals`. We recommend you start setting `weights_only=True` for any use case where you don't have full control of the loaded file. Please open an issue on GitHub for any issues related to this experimental feature.
  _Jd, _W3j_flat, _W3j_indices = torch.load(os.path.join(os.path.dirname(__file__), 'constants.pt'))
/storage/home/hcoda1/7/hjiang378/MSP_PSO/scripts/basin_hopping.py:301: FutureWarning: You are using `torch.load` with `weights_only=False` (the current default value), which uses the default pickle module implicitly. It is possible to construct malicious pickle data which will execute arbitrary code during unpickling (See https://github.com/pytorch/pytorch/blob/main/SECURITY.md#untrusted-models for more details). In a future release, the default value for `weights_only` will be flipped to `True`. This limits the functions that could be executed during unpickling. Arbitrary objects will no longer be allowed to be loaded via this mode unless they are explicitly allowlisted by the user via `torch.serialization.add_safe_globals`. We recommend you start setting `weights_only=True` for any use case where you don't have full control of the loaded file. Please open an issue on GitHub for any issues related to this experimental feature.
  ckpt = torch.load("mattersim-v1.0.0-5M.pth", map_location=device)
/storage/home/hcoda1/7/hjiang378/conda_envs/torchsim/lib/python3.11/site-packages/pymatgen/core/structure.py:2872: EncodingWarning: We strongly encourage explicit `encoding`, and we would use UTF-8 by default as per PEP 686
  with zopen(filename, "rt", errors="replace") as f:
/storage/home/hcoda1/7/hjiang378/conda_envs/torchsim/lib/python3.11/site-packages/pymatgen/io/cif.py:1221: UserWarning: Issues encountered while parsing CIF: 18 fractional coordinates rounded to ideal values to avoid issues with finite precision.
  warnings.warn("Issues encountered while parsing CIF: " + "\n".join(self.warnings))
/storage/home/hcoda1/7/hjiang378/MSP_PSO/scripts/basin_hopping.py:61: FutureWarning: You are using `torch.load` with `weights_only=False` (the current default value), which uses the default pickle module implicitly. It is possible to construct malicious pickle data which will execute arbitrary code during unpickling (See https://github.com/pytorch/pytorch/blob/main/SECURITY.md#untrusted-models for more details). In a future release, the default value for `weights_only` will be flipped to `True`. This limits the functions that could be executed during unpickling. Arbitrary objects will no longer be allowed to be loaded via this mode unless they are explicitly allowlisted by the user via `torch.serialization.add_safe_globals`. We recommend you start setting `weights_only=True` for any use case where you don't have full control of the loaded file. Please open an issue on GitHub for any issues related to this experimental feature.
  ckpt = torch.load("mattersim-v1.0.0-5M.pth", map_location=device)
/storage/home/hcoda1/7/hjiang378/conda_envs/torchsim/lib/python3.11/site-packages/pymatgen/core/structure.py:2872: EncodingWarning: We strongly encourage explicit `encoding`, and we would use UTF-8 by default as per PEP 686
  with zopen(filename, "rt", errors="replace") as f:
/storage/home/hcoda1/7/hjiang378/conda_envs/torchsim/lib/python3.11/site-packages/pymatgen/io/cif.py:1221: UserWarning: Issues encountered while parsing CIF: 18 fractional coordinates rounded to ideal values to avoid issues with finite precision.
  warnings.warn("Issues encountered while parsing CIF: " + "\n".join(self.warnings))
/storage/home/hcoda1/7/hjiang378/MSP_PSO/scripts/basin_hopping.py:144: UserWarning: Optimize has reached max steps: 51
  optimized_state = ts.optimize(
cuequivariance or cuequivariance_torch is not available. Cuequivariance acceleration will be disabled.
Initial energy: -87.02616882324219
Iteration 1/250: Ground Truth: -87.0155, Best: -87.0262, Current: -87.0262, Time: 3.20 s
Iteration 2/250: Ground Truth: -87.0155, Best: -87.0262, Current: -87.0052, Time: 2.78 s
Iteration 3/250: Ground Truth: -87.0155, Best: -87.0262, Current: -86.9751, Time: 2.78 s
Iteration 4/250: Ground Truth: -87.0155, Best: -87.0262, Current: -86.4319, Time: 2.79 s
Iteration 5/250: Ground Truth: -87.0155, Best: -87.0262, Current: -86.4574, Time: 2.66 s
Iteration 6/250: Ground Truth: -87.0155, Best: -87.0262, Current: -86.4513, Time: 2.69 s
Iteration 7/250: Ground Truth: -87.0155, Best: -87.0262, Current: -86.9256, Time: 2.67 s
Iteration 8/250: Ground Truth: -87.0155, Best: -87.0262, Current: -86.7158, Time: 2.72 s
Iteration 9/250: Ground Truth: -87.0155, Best: -87.0262, Current: -86.7098, Time: 2.68 s
Iteration 10/250: Ground Truth: -87.0155, Best: -87.0262, Current: -86.1703, Time: 2.67 s
Iteration 11/250: Ground Truth: -87.0155, Best: -87.0262, Current: -86.7492, Time: 2.42 s
Iteration 12/250: Ground Truth: -87.0155, Best: -87.0262, Current: -86.7286, Time: 2.68 s
Iteration 13/250: Ground Truth: -87.0155, Best: -87.0262, Current: -86.2209, Time: 2.69 s
Iteration 14/250: Ground Truth: -87.0155, Best: -87.0262, Current: -86.2422, Time: 2.42 s
Iteration 15/250: Ground Truth: -87.0155, Best: -87.0262, Current: -86.6699, Time: 2.68 s
Iteration 16/250: Ground Truth: -87.0155, Best: -87.0262, Current: -86.7176, Time: 2.16 s
Iteration 17/250: Ground Truth: -87.0155, Best: -87.0262, Current: -86.7322, Time: 2.67 s
Iteration 18/250: Ground Truth: -87.0155, Best: -87.0262, Current: -86.7295, Time: 2.67 s
Iteration 19/250: Ground Truth: -87.0155, Best: -87.0262, Current: -86.6772, Time: 2.67 s
Iteration 20/250: Ground Truth: -87.0155, Best: -87.0262, Current: -86.6329, Time: 2.90 s
Iteration 21/250: Ground Truth: -87.0155, Best: -87.0262, Current: -86.6329, Time: 2.69 s
Iteration 22/250: Ground Truth: -87.0155, Best: -87.0262, Current: -86.5394, Time: 2.68 s
Iteration 23/250: Ground Truth: -87.0155, Best: -87.0262, Current: -86.5836, Time: 2.67 s
Iteration 24/250: Ground Truth: -87.0155, Best: -87.0262, Current: -86.5744, Time: 2.67 s
Iteration 25/250: Ground Truth: -87.0155, Best: -87.0262, Current: -86.7054, Time: 2.68 s
Iteration 26/250: Ground Truth: -87.0155, Best: -87.0262, Current: -86.2449, Time: 2.16 s
Iteration 27/250: Ground Truth: -87.0155, Best: -87.0262, Current: -86.3129, Time: 2.67 s
Iteration 28/250: Ground Truth: -87.0155, Best: -87.0262, Current: -86.2533, Time: 2.67 s
Iteration 29/250: Ground Truth: -87.0155, Best: -87.0262, Current: -86.8241, Time: 2.68 s
Iteration 30/250: Ground Truth: -87.0155, Best: -87.0262, Current: -86.8100, Time: 2.67 s
Iteration 31/250: Ground Truth: -87.0155, Best: -87.0262, Current: -86.6616, Time: 2.67 s
Iteration 32/250: Ground Truth: -87.0155, Best: -87.0262, Current: -86.6945, Time: 2.67 s
Iteration 33/250: Ground Truth: -87.0155, Best: -87.0262, Current: -86.6289, Time: 2.67 s
Iteration 34/250: Ground Truth: -87.0155, Best: -87.0262, Current: -86.6128, Time: 2.16 s
Iteration 35/250: Ground Truth: -87.0155, Best: -87.0262, Current: -86.6679, Time: 2.42 s
Iteration 36/250: Ground Truth: -87.0155, Best: -87.0262, Current: -86.6732, Time: 1.92 s
Iteration 37/250: Ground Truth: -87.0155, Best: -87.0262, Current: -86.5532, Time: 2.42 s
Iteration 38/250: Ground Truth: -87.0155, Best: -87.0262, Current: -86.6818, Time: 2.67 s
Iteration 39/250: Ground Truth: -87.0155, Best: -87.0262, Current: -86.5840, Time: 2.67 s
Iteration 40/250: Ground Truth: -87.0155, Best: -87.0262, Current: -86.7744, Time: 2.67 s
Iteration 41/250: Ground Truth: -87.0155, Best: -87.0262, Current: -86.9344, Time: 2.67 s
Iteration 42/250: Ground Truth: -87.0155, Best: -87.0262, Current: -86.7772, Time: 2.72 s
Iteration 43/250: Ground Truth: -87.0155, Best: -87.0262, Current: -86.7772, Time: 2.69 s
Iteration 44/250: Ground Truth: -87.0155, Best: -87.0262, Current: -86.7772, Time: 2.81 s
Iteration 45/250: Ground Truth: -87.0155, Best: -87.0262, Current: -86.8001, Time: 2.72 s
Iteration 46/250: Ground Truth: -87.0155, Best: -87.0262, Current: -86.8922, Time: 2.17 s
Iteration 47/250: Ground Truth: -87.0155, Best: -87.0262, Current: -86.8962, Time: 2.69 s
Iteration 48/250: Ground Truth: -87.0155, Best: -87.0262, Current: -86.8984, Time: 2.69 s
Iteration 49/250: Ground Truth: -87.0155, Best: -87.0262, Current: -86.7822, Time: 2.69 s
Iteration 50/250: Ground Truth: -87.0155, Best: -87.0262, Current: -86.9271, Time: 2.68 s
Iteration 51/250: Ground Truth: -87.0155, Best: -87.0262, Current: -86.9273, Time: 2.69 s
Iteration 52/250: Ground Truth: -87.0155, Best: -87.0262, Current: -86.9352, Time: 2.69 s
Iteration 53/250: Ground Truth: -87.0155, Best: -87.0262, Current: -86.8196, Time: 2.69 s
Iteration 54/250: Ground Truth: -87.0155, Best: -87.0262, Current: -86.8268, Time: 2.69 s
Iteration 55/250: Ground Truth: -87.0155, Best: -87.0262, Current: -86.8592, Time: 2.69 s
Iteration 56/250: Ground Truth: -87.0155, Best: -87.0262, Current: -86.8255, Time: 2.69 s
Iteration 57/250: Ground Truth: -87.0155, Best: -87.0262, Current: -86.9063, Time: 2.69 s
Iteration 58/250: Ground Truth: -87.0155, Best: -87.0262, Current: -86.9383, Time: 2.69 s
Iteration 59/250: Ground Truth: -87.0155, Best: -87.0262, Current: -86.7248, Time: 2.69 s
Iteration 60/250: Ground Truth: -87.0155, Best: -87.0262, Current: -86.8551, Time: 2.69 s
Iteration 61/250: Ground Truth: -87.0155, Best: -87.0262, Current: -86.7157, Time: 2.68 s
Iteration 62/250: Ground Truth: -87.0155, Best: -87.0262, Current: -86.6370, Time: 2.16 s
Iteration 63/250: Ground Truth: -87.0155, Best: -87.0262, Current: -86.6148, Time: 2.67 s
Iteration 64/250: Ground Truth: -87.0155, Best: -87.0262, Current: -86.6479, Time: 2.68 s
Iteration 65/250: Ground Truth: -87.0155, Best: -87.0262, Current: -86.5889, Time: 2.17 s
Iteration 66/250: Ground Truth: -87.0155, Best: -87.0262, Current: -86.7207, Time: 2.68 s
Iteration 67/250: Ground Truth: -87.0155, Best: -87.0262, Current: -86.7276, Time: 2.76 s
Iteration 68/250: Ground Truth: -87.0155, Best: -87.0262, Current: -86.6554, Time: 2.18 s
Iteration 69/250: Ground Truth: -87.0155, Best: -87.0262, Current: -86.2813, Time: 2.69 s
Iteration 70/250: Ground Truth: -87.0155, Best: -87.0262, Current: -86.6948, Time: 2.69 s
Iteration 71/250: Ground Truth: -87.0155, Best: -87.0262, Current: -86.7560, Time: 2.68 s
Iteration 72/250: Ground Truth: -87.0155, Best: -87.0262, Current: -86.8526, Time: 2.69 s
Iteration 73/250: Ground Truth: -87.0155, Best: -87.0262, Current: -86.7495, Time: 2.68 s
Iteration 74/250: Ground Truth: -87.0155, Best: -87.0262, Current: -86.7236, Time: 2.67 s
Iteration 75/250: Ground Truth: -87.0155, Best: -87.0262, Current: -86.8493, Time: 2.68 s
Iteration 76/250: Ground Truth: -87.0155, Best: -87.0262, Current: -86.7117, Time: 2.68 s
Iteration 77/250: Ground Truth: -87.0155, Best: -87.0262, Current: -86.6741, Time: 2.68 s
Iteration 78/250: Ground Truth: -87.0155, Best: -87.0262, Current: -86.6372, Time: 2.65 s
Iteration 79/250: Ground Truth: -87.0155, Best: -87.0262, Current: -86.8027, Time: 2.65 s
Iteration 80/250: Ground Truth: -87.0155, Best: -87.0262, Current: -86.8027, Time: 2.70 s
Iteration 81/250: Ground Truth: -87.0155, Best: -87.0262, Current: -86.7954, Time: 2.65 s
Iteration 82/250: Ground Truth: -87.0155, Best: -87.0262, Current: -86.8415, Time: 2.65 s
Iteration 83/250: Ground Truth: -87.0155, Best: -87.0262, Current: -86.7377, Time: 2.65 s
Iteration 84/250: Ground Truth: -87.0155, Best: -87.0262, Current: -86.8101, Time: 2.14 s
Iteration 85/250: Ground Truth: -87.0155, Best: -87.0262, Current: -86.8542, Time: 2.40 s
Iteration 86/250: Ground Truth: -87.0155, Best: -87.0262, Current: -86.8542, Time: 2.14 s
Iteration 87/250: Ground Truth: -87.0155, Best: -87.0262, Current: -86.7412, Time: 2.65 s
Iteration 88/250: Ground Truth: -87.0155, Best: -87.0262, Current: -86.8511, Time: 2.65 s
Iteration 89/250: Ground Truth: -87.0155, Best: -87.0262, Current: -86.8140, Time: 2.65 s
Iteration 90/250: Ground Truth: -87.0155, Best: -87.0262, Current: -86.7223, Time: 2.65 s
Iteration 91/250: Ground Truth: -87.0155, Best: -87.0262, Current: -86.8278, Time: 2.75 s
Iteration 92/250: Ground Truth: -87.0155, Best: -87.0262, Current: -86.8278, Time: 2.65 s
Iteration 93/250: Ground Truth: -87.0155, Best: -87.0262, Current: -86.6579, Time: 2.71 s
Iteration 94/250: Ground Truth: -87.0155, Best: -87.0262, Current: -86.6579, Time: 2.67 s
Iteration 95/250: Ground Truth: -87.0155, Best: -87.0262, Current: -86.1192, Time: 2.66 s
Iteration 96/250: Ground Truth: -87.0155, Best: -87.0262, Current: -86.6196, Time: 2.65 s
Iteration 97/250: Ground Truth: -87.0155, Best: -87.0262, Current: -86.6748, Time: 2.65 s
Iteration 98/250: Ground Truth: -87.0155, Best: -87.0262, Current: -86.7499, Time: 2.40 s
Iteration 99/250: Ground Truth: -87.0155, Best: -87.0262, Current: -86.7814, Time: 2.65 s
Iteration 100/250: Ground Truth: -87.0155, Best: -87.0262, Current: -86.7741, Time: 2.65 s
Iteration 101/250: Ground Truth: -87.0155, Best: -87.0262, Current: -86.8362, Time: 2.65 s
Iteration 102/250: Ground Truth: -87.0155, Best: -87.0262, Current: -86.8362, Time: 2.65 s
Iteration 103/250: Ground Truth: -87.0155, Best: -87.0262, Current: -86.8362, Time: 2.65 s
Iteration 104/250: Ground Truth: -87.0155, Best: -87.0262, Current: -86.7940, Time: 2.15 s
Iteration 105/250: Ground Truth: -87.0155, Best: -87.0262, Current: -86.8286, Time: 2.65 s
Iteration 106/250: Ground Truth: -87.0155, Best: -87.0262, Current: -86.8511, Time: 2.65 s
Iteration 107/250: Ground Truth: -87.0155, Best: -87.0262, Current: -86.8735, Time: 2.65 s
Iteration 108/250: Ground Truth: -87.0155, Best: -87.0262, Current: -86.8470, Time: 2.65 s
Iteration 109/250: Ground Truth: -87.0155, Best: -87.0262, Current: -86.8508, Time: 2.65 s
Iteration 110/250: Ground Truth: -87.0155, Best: -87.0262, Current: -86.8508, Time: 2.65 s
Iteration 111/250: Ground Truth: -87.0155, Best: -87.0262, Current: -86.8287, Time: 2.65 s
Iteration 112/250: Ground Truth: -87.0155, Best: -87.0262, Current: -86.8332, Time: 2.65 s
Iteration 113/250: Ground Truth: -87.0155, Best: -87.0262, Current: -86.8648, Time: 2.40 s
Iteration 114/250: Ground Truth: -87.0155, Best: -87.0262, Current: -86.7987, Time: 2.74 s
Iteration 115/250: Ground Truth: -87.0155, Best: -87.0262, Current: -86.8263, Time: 2.40 s
Iteration 116/250: Ground Truth: -87.0155, Best: -87.0262, Current: -86.8606, Time: 2.65 s
Iteration 117/250: Ground Truth: -87.0155, Best: -87.0262, Current: -86.7796, Time: 2.66 s
Iteration 118/250: Ground Truth: -87.0155, Best: -87.0262, Current: -86.5192, Time: 2.66 s
Iteration 119/250: Ground Truth: -87.0155, Best: -87.0262, Current: -85.6932, Time: 2.68 s
Iteration 120/250: Ground Truth: -87.0155, Best: -87.0262, Current: -86.7076, Time: 2.67 s
Iteration 121/250: Ground Truth: -87.0155, Best: -87.0262, Current: -86.6947, Time: 2.67 s
Iteration 122/250: Ground Truth: -87.0155, Best: -87.0262, Current: -86.9001, Time: 2.67 s
Iteration 123/250: Ground Truth: -87.0155, Best: -87.0262, Current: -86.6533, Time: 2.67 s
Iteration 124/250: Ground Truth: -87.0155, Best: -87.0262, Current: -86.6123, Time: 2.67 s
Iteration 125/250: Ground Truth: -87.0155, Best: -87.0262, Current: -86.6144, Time: 2.67 s
Iteration 126/250: Ground Truth: -87.0155, Best: -87.0262, Current: -86.7658, Time: 2.67 s
Iteration 127/250: Ground Truth: -87.0155, Best: -87.0262, Current: -86.8343, Time: 2.67 s
Iteration 128/250: Ground Truth: -87.0155, Best: -87.0262, Current: -86.8343, Time: 2.67 s
Iteration 129/250: Ground Truth: -87.0155, Best: -87.0262, Current: -86.7837, Time: 2.67 s
Iteration 130/250: Ground Truth: -87.0155, Best: -87.0262, Current: -86.8245, Time: 2.67 s
Iteration 131/250: Ground Truth: -87.0155, Best: -87.0262, Current: -86.8617, Time: 2.68 s
Iteration 132/250: Ground Truth: -87.0155, Best: -87.0262, Current: -86.9116, Time: 2.67 s
Iteration 133/250: Ground Truth: -87.0155, Best: -87.0262, Current: -86.9324, Time: 2.67 s
Iteration 134/250: Ground Truth: -87.0155, Best: -87.0262, Current: -86.6615, Time: 2.73 s
Iteration 135/250: Ground Truth: -87.0155, Best: -87.0262, Current: -86.5828, Time: 2.67 s
Iteration 136/250: Ground Truth: -87.0155, Best: -87.0262, Current: -86.7014, Time: 2.67 s
Iteration 137/250: Ground Truth: -87.0155, Best: -87.0262, Current: -86.7294, Time: 2.70 s
Iteration 138/250: Ground Truth: -87.0155, Best: -87.0262, Current: -86.6162, Time: 2.67 s
Iteration 139/250: Ground Truth: -87.0155, Best: -87.0262, Current: -86.6933, Time: 2.67 s
Iteration 140/250: Ground Truth: -87.0155, Best: -87.0262, Current: -86.8357, Time: 2.67 s
Iteration 141/250: Ground Truth: -87.0155, Best: -87.0262, Current: -86.8357, Time: 2.67 s
Iteration 142/250: Ground Truth: -87.0155, Best: -87.0262, Current: -86.8251, Time: 2.67 s
Iteration 143/250: Ground Truth: -87.0155, Best: -87.0262, Current: -86.9269, Time: 2.41 s
Iteration 144/250: Ground Truth: -87.0155, Best: -87.0262, Current: -86.2494, Time: 0.88 s
Iteration 145/250: Ground Truth: -87.0155, Best: -87.0262, Current: -86.9017, Time: 2.67 s
Iteration 146/250: Ground Truth: -87.0155, Best: -87.0262, Current: -86.8600, Time: 2.68 s
Iteration 147/250: Ground Truth: -87.0155, Best: -87.0262, Current: -87.0254, Time: 2.70 s
Iteration 148/250: Ground Truth: -87.0155, Best: -87.0262, Current: -87.0254, Time: 2.67 s
Iteration 149/250: Ground Truth: -87.0155, Best: -87.0262, Current: -86.8832, Time: 2.67 s
Iteration 150/250: Ground Truth: -87.0155, Best: -87.0262, Current: -86.8832, Time: 2.67 s
Iteration 151/250: Ground Truth: -87.0155, Best: -87.0262, Current: -86.9480, Time: 2.67 s
Iteration 152/250: Ground Truth: -87.0155, Best: -87.0262, Current: -86.8400, Time: 2.67 s
Iteration 153/250: Ground Truth: -87.0155, Best: -87.0262, Current: -86.8362, Time: 2.67 s
Iteration 154/250: Ground Truth: -87.0155, Best: -87.0262, Current: -86.8261, Time: 2.67 s
Iteration 155/250: Ground Truth: -87.0155, Best: -87.0262, Current: -86.7868, Time: 2.41 s
Iteration 156/250: Ground Truth: -87.0155, Best: -87.0262, Current: -86.7868, Time: 2.67 s
Iteration 157/250: Ground Truth: -87.0155, Best: -87.0262, Current: -86.7996, Time: 2.66 s
Iteration 158/250: Ground Truth: -87.0155, Best: -87.0262, Current: -86.8674, Time: 2.65 s
Iteration 159/250: Ground Truth: -87.0155, Best: -87.0262, Current: -86.8056, Time: 2.65 s
Iteration 160/250: Ground Truth: -87.0155, Best: -87.0262, Current: -86.8056, Time: 2.65 s
Iteration 161/250: Ground Truth: -87.0155, Best: -87.0262, Current: -86.5968, Time: 2.66 s
Iteration 162/250: Ground Truth: -87.0155, Best: -87.0262, Current: -86.7109, Time: 2.65 s
Iteration 163/250: Ground Truth: -87.0155, Best: -87.0262, Current: -86.6986, Time: 2.67 s
Iteration 164/250: Ground Truth: -87.0155, Best: -87.0262, Current: -86.6605, Time: 2.68 s
Iteration 165/250: Ground Truth: -87.0155, Best: -87.0262, Current: -86.2186, Time: 2.68 s
Iteration 166/250: Ground Truth: -87.0155, Best: -87.0262, Current: -86.7465, Time: 2.69 s
Iteration 167/250: Ground Truth: -87.0155, Best: -87.0262, Current: -86.8304, Time: 2.68 s
Iteration 168/250: Ground Truth: -87.0155, Best: -87.0262, Current: -86.7318, Time: 2.67 s
Iteration 169/250: Ground Truth: -87.0155, Best: -87.0262, Current: -86.8126, Time: 2.68 s
Iteration 170/250: Ground Truth: -87.0155, Best: -87.0262, Current: -86.8126, Time: 2.69 s
Iteration 171/250: Ground Truth: -87.0155, Best: -87.0262, Current: -86.8033, Time: 2.68 s
Iteration 172/250: Ground Truth: -87.0155, Best: -87.0262, Current: -86.8535, Time: 2.67 s
Iteration 173/250: Ground Truth: -87.0155, Best: -87.0262, Current: -86.8668, Time: 2.67 s
Iteration 174/250: Ground Truth: -87.0155, Best: -87.0262, Current: -86.8668, Time: 2.68 s
Iteration 175/250: Ground Truth: -87.0155, Best: -87.0262, Current: -86.8581, Time: 2.67 s
Iteration 176/250: Ground Truth: -87.0155, Best: -87.0262, Current: -86.6803, Time: 2.68 s
Iteration 177/250: Ground Truth: -87.0155, Best: -87.0262, Current: -86.7344, Time: 2.68 s
Iteration 178/250: Ground Truth: -87.0155, Best: -87.0262, Current: -86.7750, Time: 2.68 s
Iteration 179/250: Ground Truth: -87.0155, Best: -87.0262, Current: -86.7712, Time: 2.68 s
Iteration 180/250: Ground Truth: -87.0155, Best: -87.0262, Current: -86.9408, Time: 2.68 s
Iteration 181/250: Ground Truth: -87.0155, Best: -87.0262, Current: -86.9156, Time: 2.67 s
Iteration 182/250: Ground Truth: -87.0155, Best: -87.0262, Current: -86.7998, Time: 2.67 s
Iteration 183/250: Ground Truth: -87.0155, Best: -87.0262, Current: -86.3669, Time: 2.68 s
Iteration 184/250: Ground Truth: -87.0155, Best: -87.0262, Current: -86.3271, Time: 2.68 s
Iteration 185/250: Ground Truth: -87.0155, Best: -87.0262, Current: -86.7392, Time: 2.68 s
Iteration 186/250: Ground Truth: -87.0155, Best: -87.0262, Current: -86.7648, Time: 2.68 s
Iteration 187/250: Ground Truth: -87.0155, Best: -87.0262, Current: -85.8054, Time: 2.71 s
Iteration 188/250: Ground Truth: -87.0155, Best: -87.0262, Current: -86.6117, Time: 2.68 s
Iteration 189/250: Ground Truth: -87.0155, Best: -87.0262, Current: -86.6117, Time: 2.68 s
Iteration 190/250: Ground Truth: -87.0155, Best: -87.0262, Current: -86.7390, Time: 2.68 s
Iteration 191/250: Ground Truth: -87.0155, Best: -87.0262, Current: -86.7567, Time: 2.68 s
Iteration 192/250: Ground Truth: -87.0155, Best: -87.0262, Current: -86.8295, Time: 2.68 s
Iteration 193/250: Ground Truth: -87.0155, Best: -87.0262, Current: -86.7574, Time: 2.42 s
Iteration 194/250: Ground Truth: -87.0155, Best: -87.0262, Current: -86.7574, Time: 2.68 s
Iteration 195/250: Ground Truth: -87.0155, Best: -87.0262, Current: -86.8829, Time: 2.68 s
Iteration 196/250: Ground Truth: -87.0155, Best: -87.0262, Current: -86.9457, Time: 2.67 s
Iteration 197/250: Ground Truth: -87.0155, Best: -87.0262, Current: -86.9457, Time: 2.68 s
Iteration 198/250: Ground Truth: -87.0155, Best: -87.0262, Current: -86.9303, Time: 2.42 s
Iteration 199/250: Ground Truth: -87.0155, Best: -87.0262, Current: -86.9337, Time: 2.67 s
Iteration 200/250: Ground Truth: -87.0155, Best: -87.0262, Current: -86.9473, Time: 2.68 s
Iteration 201/250: Ground Truth: -87.0155, Best: -87.0262, Current: -86.7791, Time: 2.67 s
Iteration 202/250: Ground Truth: -87.0155, Best: -87.0262, Current: -86.8121, Time: 2.68 s
Iteration 203/250: Ground Truth: -87.0155, Best: -87.0262, Current: -86.8159, Time: 2.16 s
Iteration 204/250: Ground Truth: -87.0155, Best: -87.0262, Current: -86.6912, Time: 2.66 s
Iteration 205/250: Ground Truth: -87.0155, Best: -87.0262, Current: -86.7595, Time: 2.65 s
Iteration 206/250: Ground Truth: -87.0155, Best: -87.0262, Current: -86.7868, Time: 2.65 s
Iteration 207/250: Ground Truth: -87.0155, Best: -87.0262, Current: -86.7566, Time: 2.65 s
Iteration 208/250: Ground Truth: -87.0155, Best: -87.0262, Current: -86.7433, Time: 2.39 s
Iteration 209/250: Ground Truth: -87.0155, Best: -87.0262, Current: -86.7408, Time: 2.66 s
Iteration 210/250: Ground Truth: -87.0155, Best: -87.0262, Current: -86.8656, Time: 2.65 s
Iteration 211/250: Ground Truth: -87.0155, Best: -87.0262, Current: -86.6642, Time: 2.65 s
Iteration 212/250: Ground Truth: -87.0155, Best: -87.0262, Current: -86.6269, Time: 2.65 s
Iteration 213/250: Ground Truth: -87.0155, Best: -87.0262, Current: -86.6269, Time: 2.65 s
Iteration 214/250: Ground Truth: -87.0155, Best: -87.0262, Current: -86.6893, Time: 2.40 s
Iteration 215/250: Ground Truth: -87.0155, Best: -87.0262, Current: -86.6802, Time: 2.65 s
Iteration 216/250: Ground Truth: -87.0155, Best: -87.0262, Current: -86.7792, Time: 2.65 s
Iteration 217/250: Ground Truth: -87.0155, Best: -87.0262, Current: -86.7428, Time: 2.39 s
Iteration 218/250: Ground Truth: -87.0155, Best: -87.0262, Current: -86.8343, Time: 2.65 s
Iteration 219/250: Ground Truth: -87.0155, Best: -87.0262, Current: -86.8516, Time: 2.65 s
Iteration 220/250: Ground Truth: -87.0155, Best: -87.0262, Current: -86.8023, Time: 2.65 s
Iteration 221/250: Ground Truth: -87.0155, Best: -87.0262, Current: -86.7425, Time: 2.65 s
Iteration 222/250: Ground Truth: -87.0155, Best: -87.0262, Current: -86.6997, Time: 2.66 s
Iteration 223/250: Ground Truth: -87.0155, Best: -87.0262, Current: -86.8505, Time: 2.66 s
Iteration 224/250: Ground Truth: -87.0155, Best: -87.0262, Current: -86.7095, Time: 2.67 s
Iteration 225/250: Ground Truth: -87.0155, Best: -87.0262, Current: -86.7595, Time: 2.66 s
Iteration 226/250: Ground Truth: -87.0155, Best: -87.0262, Current: -86.7618, Time: 2.66 s
Iteration 227/250: Ground Truth: -87.0155, Best: -87.0262, Current: -86.7683, Time: 2.40 s
Iteration 228/250: Ground Truth: -87.0155, Best: -87.0262, Current: -86.7372, Time: 2.40 s
Iteration 229/250: Ground Truth: -87.0155, Best: -87.0262, Current: -86.7631, Time: 2.66 s
Iteration 230/250: Ground Truth: -87.0155, Best: -87.0262, Current: -86.7434, Time: 2.66 s
Iteration 231/250: Ground Truth: -87.0155, Best: -87.0262, Current: -86.8693, Time: 2.66 s
Iteration 232/250: Ground Truth: -87.0155, Best: -87.0262, Current: -86.8522, Time: 2.70 s
Iteration 233/250: Ground Truth: -87.0155, Best: -87.0262, Current: -86.8133, Time: 2.15 s
Iteration 234/250: Ground Truth: -87.0155, Best: -87.0262, Current: -86.8557, Time: 2.66 s
Iteration 235/250: Ground Truth: -87.0155, Best: -87.0262, Current: -86.8385, Time: 2.43 s
Iteration 236/250: Ground Truth: -87.0155, Best: -87.0262, Current: -86.7861, Time: 2.68 s
Iteration 237/250: Ground Truth: -87.0155, Best: -87.0262, Current: -86.8493, Time: 2.68 s
Iteration 238/250: Ground Truth: -87.0155, Best: -87.0262, Current: -86.8421, Time: 2.68 s
Iteration 239/250: Ground Truth: -87.0155, Best: -87.0262, Current: -86.8421, Time: 2.66 s
Iteration 240/250: Ground Truth: -87.0155, Best: -87.0262, Current: -86.6368, Time: 2.65 s
Iteration 241/250: Ground Truth: -87.0155, Best: -87.0262, Current: -86.6215, Time: 2.14 s
Iteration 242/250: Ground Truth: -87.0155, Best: -87.0262, Current: -86.5056, Time: 2.66 s
Iteration 243/250: Ground Truth: -87.0155, Best: -87.0262, Current: -86.7889, Time: 2.65 s
Iteration 244/250: Ground Truth: -87.0155, Best: -87.0262, Current: -86.7889, Time: 2.65 s
Iteration 245/250: Ground Truth: -87.0155, Best: -87.0262, Current: -86.7652, Time: 2.68 s
Iteration 246/250: Ground Truth: -87.0155, Best: -87.0262, Current: -86.7877, Time: 2.68 s
Iteration 247/250: Ground Truth: -87.0155, Best: -87.0262, Current: -86.9181, Time: 2.67 s
Iteration 248/250: Ground Truth: -87.0155, Best: -87.0262, Current: -86.8159, Time: 2.16 s
Iteration 249/250: Ground Truth: -87.0155, Best: -87.0262, Current: -86.7244, Time: 2.68 s
Iteration 250/250: Ground Truth: -87.0155, Best: -87.0262, Current: -86.2145, Time: 2.74 s
Matched for mp-10781: RMSD = 0.003, ΔE = 0.011 eV
mp-10781 match: True
Initial energy: -93.42091369628906
Iteration 1/250: Ground Truth: -93.3097, Best: -93.4209, Current: -93.4146, Time: 2.78 s
Iteration 2/250: Ground Truth: -93.3097, Best: -93.4209, Current: -93.4103, Time: 2.78 s
Iteration 3/250: Ground Truth: -93.3097, Best: -93.4209, Current: -93.4176, Time: 2.78 s
Iteration 4/250: Ground Truth: -93.3097, Best: -93.4209, Current: -93.4089, Time: 2.78 s
Iteration 5/250: Ground Truth: -93.3097, Best: -93.4209, Current: -93.4126, Time: 2.24 s
Iteration 6/250: Ground Truth: -93.3097, Best: -93.4209, Current: -93.4104, Time: 2.24 s
Iteration 7/250: Ground Truth: -93.3097, Best: -93.4209, Current: -93.4161, Time: 2.78 s
Iteration 8/250: Ground Truth: -93.3097, Best: -93.4209, Current: -93.4145, Time: 2.25 s
Iteration 9/250: Ground Truth: -93.3097, Best: -93.4209, Current: -93.4078, Time: 2.25 s
Iteration 10/250: Ground Truth: -93.3097, Best: -93.4209, Current: -93.3995, Time: 2.25 s
Iteration 11/250: Ground Truth: -93.3097, Best: -93.4209, Current: -93.4154, Time: 2.77 s
Iteration 12/250: Ground Truth: -93.3097, Best: -93.4209, Current: -93.4124, Time: 2.24 s
Iteration 13/250: Ground Truth: -93.3097, Best: -93.4209, Current: -93.4009, Time: 2.25 s
Iteration 14/250: Ground Truth: -93.3097, Best: -93.4209, Current: -93.4168, Time: 2.78 s
Iteration 15/250: Ground Truth: -93.3097, Best: -93.4209, Current: -93.3766, Time: 2.79 s
Iteration 16/250: Ground Truth: -93.3097, Best: -93.4209, Current: -93.3928, Time: 2.77 s
Iteration 17/250: Ground Truth: -93.3097, Best: -93.4209, Current: -93.4125, Time: 2.78 s
Iteration 18/250: Ground Truth: -93.3097, Best: -93.4209, Current: -93.4105, Time: 2.25 s
Iteration 19/250: Ground Truth: -93.3097, Best: -93.4209, Current: -93.4200, Time: 2.77 s
Iteration 20/250: Ground Truth: -93.3097, Best: -93.4209, Current: -93.4197, Time: 2.78 s
Iteration 21/250: Ground Truth: -93.3097, Best: -93.4209, Current: -93.4138, Time: 2.25 s
Iteration 22/250: Ground Truth: -93.3097, Best: -93.4209, Current: -93.4069, Time: 2.25 s
Iteration 23/250: Ground Truth: -93.3097, Best: -93.4209, Current: -93.4120, Time: 2.78 s
Iteration 24/250: Ground Truth: -93.3097, Best: -93.4209, Current: -93.4126, Time: 2.51 s
Iteration 25/250: Ground Truth: -93.3097, Best: -93.4209, Current: -93.4166, Time: 2.25 s
Iteration 26/250: Ground Truth: -93.3097, Best: -93.4209, Current: -93.4142, Time: 2.25 s
Iteration 27/250: Ground Truth: -93.3097, Best: -93.4209, Current: -93.4090, Time: 2.24 s
Iteration 28/250: Ground Truth: -93.3097, Best: -93.4209, Current: -93.4097, Time: 2.25 s
Iteration 29/250: Ground Truth: -93.3097, Best: -93.4209, Current: -93.4126, Time: 2.78 s
Iteration 30/250: Ground Truth: -93.3097, Best: -93.4209, Current: -93.4100, Time: 2.78 s
Iteration 31/250: Ground Truth: -93.3097, Best: -93.4209, Current: -93.4115, Time: 2.24 s
Iteration 32/250: Ground Truth: -93.3097, Best: -93.4209, Current: -93.4107, Time: 2.25 s
Iteration 33/250: Ground Truth: -93.3097, Best: -93.4209, Current: -93.3774, Time: 2.79 s
Iteration 34/250: Ground Truth: -93.3097, Best: -93.4209, Current: -93.4050, Time: 2.25 s
Iteration 35/250: Ground Truth: -93.3097, Best: -93.4209, Current: -93.4140, Time: 2.51 s
Iteration 36/250: Ground Truth: -93.3097, Best: -93.4209, Current: -93.4177, Time: 2.78 s
Iteration 37/250: Ground Truth: -93.3097, Best: -93.4209, Current: -93.4105, Time: 2.78 s
Iteration 38/250: Ground Truth: -93.3097, Best: -93.4209, Current: -93.4046, Time: 2.25 s
Iteration 39/250: Ground Truth: -93.3097, Best: -93.4209, Current: -93.4092, Time: 2.25 s
Iteration 40/250: Ground Truth: -93.3097, Best: -93.4209, Current: -93.4136, Time: 2.24 s
Iteration 41/250: Ground Truth: -93.3097, Best: -93.4209, Current: -93.4124, Time: 2.25 s
Iteration 42/250: Ground Truth: -93.3097, Best: -93.4209, Current: -93.4040, Time: 2.24 s
Iteration 43/250: Ground Truth: -93.3097, Best: -93.4209, Current: -93.4128, Time: 2.78 s
Iteration 44/250: Ground Truth: -93.3097, Best: -93.4209, Current: -93.4135, Time: 2.51 s
Iteration 45/250: Ground Truth: -93.3097, Best: -93.4209, Current: -93.4201, Time: 2.78 s
Iteration 46/250: Ground Truth: -93.3097, Best: -93.4209, Current: -93.3786, Time: 1.98 s
Iteration 47/250: Ground Truth: -93.3097, Best: -93.4209, Current: -93.4110, Time: 2.78 s
Iteration 48/250: Ground Truth: -93.3097, Best: -93.4209, Current: -93.4134, Time: 2.52 s
Iteration 49/250: Ground Truth: -93.3097, Best: -93.4209, Current: -93.4064, Time: 2.25 s
Iteration 50/250: Ground Truth: -93.3097, Best: -93.4209, Current: -93.3708, Time: 2.79 s
Iteration 51/250: Ground Truth: -93.3097, Best: -93.4209, Current: -93.4068, Time: 2.25 s
Iteration 52/250: Ground Truth: -93.3097, Best: -93.4209, Current: -93.4150, Time: 2.75 s
Iteration 53/250: Ground Truth: -93.3097, Best: -93.4209, Current: -93.4087, Time: 2.24 s
Iteration 54/250: Ground Truth: -93.3097, Best: -93.4209, Current: -93.4020, Time: 2.78 s
Iteration 55/250: Ground Truth: -93.3097, Best: -93.4209, Current: -93.4124, Time: 2.24 s
Iteration 56/250: Ground Truth: -93.3097, Best: -93.4209, Current: -93.4172, Time: 2.77 s
Iteration 57/250: Ground Truth: -93.3097, Best: -93.4209, Current: -93.4145, Time: 2.77 s
Iteration 58/250: Ground Truth: -93.3097, Best: -93.4209, Current: -93.2529, Time: 2.78 s
Iteration 59/250: Ground Truth: -93.3097, Best: -93.4209, Current: -93.3960, Time: 2.77 s
Iteration 60/250: Ground Truth: -93.3097, Best: -93.4209, Current: -93.4169, Time: 2.78 s
Iteration 61/250: Ground Truth: -93.3097, Best: -93.4209, Current: -93.4156, Time: 2.78 s
Iteration 62/250: Ground Truth: -93.3097, Best: -93.4209, Current: -93.4108, Time: 2.77 s
Iteration 63/250: Ground Truth: -93.3097, Best: -93.4209, Current: -93.4151, Time: 2.24 s
Iteration 64/250: Ground Truth: -93.3097, Best: -93.4209, Current: -93.4151, Time: 2.78 s
Iteration 65/250: Ground Truth: -93.3097, Best: -93.4209, Current: -93.4133, Time: 2.77 s
Iteration 66/250: Ground Truth: -93.3097, Best: -93.4209, Current: -93.4112, Time: 2.78 s
Iteration 67/250: Ground Truth: -93.3097, Best: -93.4209, Current: -93.4119, Time: 2.78 s
Iteration 68/250: Ground Truth: -93.3097, Best: -93.4209, Current: -93.4114, Time: 2.51 s
Iteration 69/250: Ground Truth: -93.3097, Best: -93.4209, Current: -93.4151, Time: 2.78 s
Iteration 70/250: Ground Truth: -93.3097, Best: -93.4209, Current: -93.4024, Time: 2.78 s
Iteration 71/250: Ground Truth: -93.3097, Best: -93.4209, Current: -93.4156, Time: 2.24 s
Iteration 72/250: Ground Truth: -93.3097, Best: -93.4209, Current: -93.4141, Time: 2.24 s
Iteration 73/250: Ground Truth: -93.3097, Best: -93.4209, Current: -93.4138, Time: 2.78 s
Iteration 74/250: Ground Truth: -93.3097, Best: -93.4209, Current: -93.4183, Time: 2.78 s
Iteration 75/250: Ground Truth: -93.3097, Best: -93.4209, Current: -93.4152, Time: 2.24 s
Iteration 76/250: Ground Truth: -93.3097, Best: -93.4209, Current: -93.4176, Time: 2.77 s
Iteration 77/250: Ground Truth: -93.3097, Best: -93.4209, Current: -93.4145, Time: 2.51 s
Iteration 78/250: Ground Truth: -93.3097, Best: -93.4209, Current: -93.4077, Time: 2.24 s
Iteration 79/250: Ground Truth: -93.3097, Best: -93.4209, Current: -93.4148, Time: 2.24 s
Iteration 80/250: Ground Truth: -93.3097, Best: -93.4209, Current: -93.4198, Time: 2.76 s
Iteration 81/250: Ground Truth: -93.3097, Best: -93.4209, Current: -93.4069, Time: 2.51 s
Iteration 82/250: Ground Truth: -93.3097, Best: -93.4209, Current: -93.4063, Time: 2.77 s
Iteration 83/250: Ground Truth: -93.3097, Best: -93.4209, Current: -93.4152, Time: 2.78 s
Iteration 84/250: Ground Truth: -93.3097, Best: -93.4209, Current: -93.4071, Time: 2.25 s
Iteration 85/250: Ground Truth: -93.3097, Best: -93.4209, Current: -93.4061, Time: 2.24 s
Iteration 86/250: Ground Truth: -93.3097, Best: -93.4209, Current: -93.4043, Time: 2.25 s
Iteration 87/250: Ground Truth: -93.3097, Best: -93.4209, Current: -92.5068, Time: 2.78 s
Iteration 88/250: Ground Truth: -93.3097, Best: -93.4209, Current: -92.5062, Time: 2.78 s
Iteration 89/250: Ground Truth: -93.3097, Best: -93.4209, Current: -92.5076, Time: 2.24 s
Iteration 90/250: Ground Truth: -93.3097, Best: -93.4209, Current: -92.5113, Time: 2.77 s
Iteration 91/250: Ground Truth: -93.3097, Best: -93.4209, Current: -92.5068, Time: 2.77 s
Iteration 92/250: Ground Truth: -93.3097, Best: -93.4209, Current: -92.5149, Time: 2.77 s
Iteration 93/250: Ground Truth: -93.3097, Best: -93.4209, Current: -92.5076, Time: 2.77 s
Iteration 94/250: Ground Truth: -93.3097, Best: -93.4209, Current: -92.5124, Time: 2.78 s
Iteration 95/250: Ground Truth: -93.3097, Best: -93.4209, Current: -92.5109, Time: 2.51 s
Iteration 96/250: Ground Truth: -93.3097, Best: -93.4209, Current: -92.5109, Time: 2.51 s
Iteration 97/250: Ground Truth: -93.3097, Best: -93.4209, Current: -92.5141, Time: 2.77 s
Iteration 98/250: Ground Truth: -93.3097, Best: -93.4209, Current: -92.5024, Time: 2.24 s
Iteration 99/250: Ground Truth: -93.3097, Best: -93.4209, Current: -92.5135, Time: 2.78 s
Iteration 100/250: Ground Truth: -93.3097, Best: -93.4209, Current: -92.5081, Time: 2.78 s
Iteration 101/250: Ground Truth: -93.3097, Best: -93.4209, Current: -92.5100, Time: 2.77 s
Iteration 102/250: Ground Truth: -93.3097, Best: -93.4209, Current: -92.5173, Time: 2.77 s
Iteration 103/250: Ground Truth: -93.3097, Best: -93.4209, Current: -92.5138, Time: 2.77 s
Iteration 104/250: Ground Truth: -93.3097, Best: -93.4209, Current: -92.5063, Time: 2.24 s
Iteration 105/250: Ground Truth: -93.3097, Best: -93.4209, Current: -92.5137, Time: 2.78 s
Iteration 106/250: Ground Truth: -93.3097, Best: -93.4209, Current: -92.4970, Time: 2.24 s
Iteration 107/250: Ground Truth: -93.3097, Best: -93.4209, Current: -92.5013, Time: 2.78 s
Iteration 108/250: Ground Truth: -93.3097, Best: -93.4209, Current: -92.5079, Time: 2.24 s
Iteration 109/250: Ground Truth: -93.3097, Best: -93.4209, Current: -92.5146, Time: 2.78 s
Iteration 110/250: Ground Truth: -93.3097, Best: -93.4209, Current: -92.5129, Time: 2.51 s
Iteration 111/250: Ground Truth: -93.3097, Best: -93.4209, Current: -92.5076, Time: 2.77 s
Iteration 112/250: Ground Truth: -93.3097, Best: -93.4209, Current: -92.5103, Time: 2.78 s
Iteration 113/250: Ground Truth: -93.3097, Best: -93.4209, Current: -92.5050, Time: 2.77 s
Iteration 114/250: Ground Truth: -93.3097, Best: -93.4209, Current: -92.5055, Time: 2.51 s
Iteration 115/250: Ground Truth: -93.3097, Best: -93.4209, Current: -92.5046, Time: 2.78 s
Iteration 116/250: Ground Truth: -93.3097, Best: -93.4209, Current: -92.4967, Time: 2.24 s
Iteration 117/250: Ground Truth: -93.3097, Best: -93.4209, Current: -92.5014, Time: 2.77 s
Iteration 118/250: Ground Truth: -93.3097, Best: -93.4209, Current: -92.4533, Time: 2.52 s
Iteration 119/250: Ground Truth: -93.3097, Best: -93.4209, Current: -92.5005, Time: 2.78 s
Iteration 120/250: Ground Truth: -93.3097, Best: -93.4209, Current: -92.5062, Time: 2.78 s
Iteration 121/250: Ground Truth: -93.3097, Best: -93.4209, Current: -91.5982, Time: 2.78 s
Iteration 122/250: Ground Truth: -93.3097, Best: -93.4209, Current: -92.5069, Time: 2.77 s
Iteration 123/250: Ground Truth: -93.3097, Best: -93.4209, Current: -92.5097, Time: 2.77 s
Iteration 124/250: Ground Truth: -93.3097, Best: -93.4209, Current: -92.5143, Time: 2.78 s
Iteration 125/250: Ground Truth: -93.3097, Best: -93.4209, Current: -92.5120, Time: 2.51 s
Iteration 126/250: Ground Truth: -93.3097, Best: -93.4209, Current: -92.5120, Time: 2.78 s
Iteration 127/250: Ground Truth: -93.3097, Best: -93.4209, Current: -92.5083, Time: 2.51 s
Iteration 128/250: Ground Truth: -93.3097, Best: -93.4209, Current: -92.4995, Time: 2.51 s
Iteration 129/250: Ground Truth: -93.3097, Best: -93.4209, Current: -92.5105, Time: 2.78 s
Iteration 130/250: Ground Truth: -93.3097, Best: -93.4209, Current: -92.5066, Time: 2.24 s
Iteration 131/250: Ground Truth: -93.3097, Best: -93.4209, Current: -92.4937, Time: 2.51 s
Iteration 132/250: Ground Truth: -93.3097, Best: -93.4209, Current: -92.4992, Time: 2.78 s
Iteration 133/250: Ground Truth: -93.3097, Best: -93.4209, Current: -92.5066, Time: 2.77 s
Iteration 134/250: Ground Truth: -93.3097, Best: -93.4209, Current: -92.4986, Time: 2.51 s
Iteration 135/250: Ground Truth: -93.3097, Best: -93.4209, Current: -92.5069, Time: 2.24 s
Iteration 136/250: Ground Truth: -93.3097, Best: -93.4209, Current: -92.5071, Time: 2.24 s
Iteration 137/250: Ground Truth: -93.3097, Best: -93.4209, Current: -92.5141, Time: 2.77 s
Iteration 138/250: Ground Truth: -93.3097, Best: -93.4209, Current: -92.5141, Time: 2.78 s
Iteration 139/250: Ground Truth: -93.3097, Best: -93.4209, Current: -92.5130, Time: 2.51 s
Iteration 140/250: Ground Truth: -93.3097, Best: -93.4209, Current: -92.3877, Time: 2.79 s
Iteration 141/250: Ground Truth: -93.3097, Best: -93.4209, Current: -92.5066, Time: 2.78 s
Iteration 142/250: Ground Truth: -93.3097, Best: -93.4209, Current: -92.4985, Time: 2.24 s
Iteration 143/250: Ground Truth: -93.3097, Best: -93.4209, Current: -92.5110, Time: 2.78 s
Iteration 144/250: Ground Truth: -93.3097, Best: -93.4209, Current: -92.4974, Time: 2.51 s
Iteration 145/250: Ground Truth: -93.3097, Best: -93.4209, Current: -92.5159, Time: 2.51 s
Iteration 146/250: Ground Truth: -93.3097, Best: -93.4209, Current: -92.4888, Time: 1.98 s
Iteration 147/250: Ground Truth: -93.3097, Best: -93.4209, Current: -92.5056, Time: 2.77 s
Iteration 148/250: Ground Truth: -93.3097, Best: -93.4209, Current: -92.4984, Time: 2.78 s
Iteration 149/250: Ground Truth: -93.3097, Best: -93.4209, Current: -92.5086, Time: 2.24 s
Iteration 150/250: Ground Truth: -93.3097, Best: -93.4209, Current: -92.5119, Time: 2.77 s
Iteration 151/250: Ground Truth: -93.3097, Best: -93.4209, Current: -92.5087, Time: 2.77 s
Iteration 152/250: Ground Truth: -93.3097, Best: -93.4209, Current: -92.5006, Time: 2.77 s
Iteration 153/250: Ground Truth: -93.3097, Best: -93.4209, Current: -92.5004, Time: 2.77 s
Iteration 154/250: Ground Truth: -93.3097, Best: -93.4209, Current: -92.4831, Time: 1.98 s
Iteration 155/250: Ground Truth: -93.3097, Best: -93.4209, Current: -92.4940, Time: 2.24 s
Iteration 156/250: Ground Truth: -93.3097, Best: -93.4209, Current: -92.5130, Time: 2.77 s
Iteration 157/250: Ground Truth: -93.3097, Best: -93.4209, Current: -92.4916, Time: 2.77 s
Iteration 158/250: Ground Truth: -93.3097, Best: -93.4209, Current: -92.5105, Time: 2.77 s
Iteration 159/250: Ground Truth: -93.3097, Best: -93.4209, Current: -92.5053, Time: 2.78 s
Iteration 160/250: Ground Truth: -93.3097, Best: -93.4209, Current: -92.5079, Time: 2.78 s
Iteration 161/250: Ground Truth: -93.3097, Best: -93.4209, Current: -92.5146, Time: 2.77 s
Iteration 162/250: Ground Truth: -93.3097, Best: -93.4209, Current: -92.5149, Time: 2.51 s
Iteration 163/250: Ground Truth: -93.3097, Best: -93.4209, Current: -92.5009, Time: 2.24 s
Iteration 164/250: Ground Truth: -93.3097, Best: -93.4209, Current: -92.5084, Time: 2.51 s
Iteration 165/250: Ground Truth: -93.3097, Best: -93.4209, Current: -92.5103, Time: 2.77 s
Iteration 166/250: Ground Truth: -93.3097, Best: -93.4209, Current: -92.5103, Time: 2.51 s
Iteration 167/250: Ground Truth: -93.3097, Best: -93.4209, Current: -92.4947, Time: 2.77 s
Iteration 168/250: Ground Truth: -93.3097, Best: -93.4209, Current: -92.4991, Time: 2.78 s
Iteration 169/250: Ground Truth: -93.3097, Best: -93.4209, Current: -92.5082, Time: 2.78 s
Iteration 170/250: Ground Truth: -93.3097, Best: -93.4209, Current: -92.4918, Time: 2.78 s
Iteration 171/250: Ground Truth: -93.3097, Best: -93.4209, Current: -92.5118, Time: 2.78 s
Iteration 172/250: Ground Truth: -93.3097, Best: -93.4209, Current: -92.4759, Time: 1.98 s
Iteration 173/250: Ground Truth: -93.3097, Best: -93.4209, Current: -92.5058, Time: 2.25 s
Iteration 174/250: Ground Truth: -93.3097, Best: -93.4209, Current: -92.5153, Time: 2.50 s
Iteration 175/250: Ground Truth: -93.3097, Best: -93.4209, Current: -92.5114, Time: 2.51 s
Iteration 176/250: Ground Truth: -93.3097, Best: -93.4209, Current: -92.5106, Time: 2.50 s
Iteration 177/250: Ground Truth: -93.3097, Best: -93.4209, Current: -92.5031, Time: 2.77 s
Iteration 178/250: Ground Truth: -93.3097, Best: -93.4209, Current: -92.5058, Time: 2.49 s
Iteration 179/250: Ground Truth: -93.3097, Best: -93.4209, Current: -92.5141, Time: 2.76 s
Iteration 180/250: Ground Truth: -93.3097, Best: -93.4209, Current: -92.5036, Time: 2.76 s
Iteration 181/250: Ground Truth: -93.3097, Best: -93.4209, Current: -92.5101, Time: 2.50 s
Iteration 182/250: Ground Truth: -93.3097, Best: -93.4209, Current: -92.5102, Time: 2.76 s
Iteration 183/250: Ground Truth: -93.3097, Best: -93.4209, Current: -92.5110, Time: 2.23 s
Iteration 184/250: Ground Truth: -93.3097, Best: -93.4209, Current: -92.5060, Time: 2.76 s
Iteration 185/250: Ground Truth: -93.3097, Best: -93.4209, Current: -92.4979, Time: 2.76 s
Iteration 186/250: Ground Truth: -93.3097, Best: -93.4209, Current: -92.5103, Time: 2.76 s
Iteration 187/250: Ground Truth: -93.3097, Best: -93.4209, Current: -92.5139, Time: 2.49 s
Iteration 188/250: Ground Truth: -93.3097, Best: -93.4209, Current: -92.5071, Time: 2.24 s
Iteration 189/250: Ground Truth: -93.3097, Best: -93.4209, Current: -92.5013, Time: 2.23 s
Iteration 190/250: Ground Truth: -93.3097, Best: -93.4209, Current: -92.4995, Time: 2.23 s
Iteration 191/250: Ground Truth: -93.3097, Best: -93.4209, Current: -92.5078, Time: 2.76 s
Iteration 192/250: Ground Truth: -93.3097, Best: -93.4209, Current: -92.4936, Time: 2.23 s
Iteration 193/250: Ground Truth: -93.3097, Best: -93.4209, Current: -92.5146, Time: 2.76 s
Iteration 194/250: Ground Truth: -93.3097, Best: -93.4209, Current: -92.5118, Time: 2.49 s
Iteration 195/250: Ground Truth: -93.3097, Best: -93.4209, Current: -92.5069, Time: 2.49 s
Iteration 196/250: Ground Truth: -93.3097, Best: -93.4209, Current: -92.5049, Time: 2.75 s
Iteration 197/250: Ground Truth: -93.3097, Best: -93.4209, Current: -92.4950, Time: 2.49 s
Iteration 198/250: Ground Truth: -93.3097, Best: -93.4209, Current: -92.5124, Time: 2.75 s
Iteration 199/250: Ground Truth: -93.3097, Best: -93.4209, Current: -92.5049, Time: 2.75 s
Iteration 200/250: Ground Truth: -93.3097, Best: -93.4209, Current: -92.5156, Time: 2.76 s
Iteration 201/250: Ground Truth: -93.3097, Best: -93.4209, Current: -92.5138, Time: 2.74 s
Iteration 202/250: Ground Truth: -93.3097, Best: -93.4209, Current: -92.5124, Time: 2.48 s
Iteration 203/250: Ground Truth: -93.3097, Best: -93.4209, Current: -92.5132, Time: 2.49 s
Iteration 204/250: Ground Truth: -93.3097, Best: -93.4209, Current: -92.5132, Time: 2.75 s
Iteration 205/250: Ground Truth: -93.3097, Best: -93.4209, Current: -92.4920, Time: 2.48 s
Iteration 206/250: Ground Truth: -93.3097, Best: -93.4209, Current: -92.5085, Time: 2.75 s
Iteration 207/250: Ground Truth: -93.3097, Best: -93.4209, Current: -92.5050, Time: 2.22 s
Iteration 208/250: Ground Truth: -93.3097, Best: -93.4209, Current: -92.5109, Time: 2.49 s
Iteration 209/250: Ground Truth: -93.3097, Best: -93.4209, Current: -92.5113, Time: 2.75 s
Iteration 210/250: Ground Truth: -93.3097, Best: -93.4209, Current: -92.5006, Time: 2.75 s
Iteration 211/250: Ground Truth: -93.3097, Best: -93.4209, Current: -92.4831, Time: 2.23 s
Iteration 212/250: Ground Truth: -93.3097, Best: -93.4209, Current: -92.5154, Time: 2.75 s
Iteration 213/250: Ground Truth: -93.3097, Best: -93.4209, Current: -92.4954, Time: 2.75 s
Iteration 214/250: Ground Truth: -93.3097, Best: -93.4209, Current: -92.4990, Time: 2.74 s
Iteration 215/250: Ground Truth: -93.3097, Best: -93.4209, Current: -92.5042, Time: 2.75 s
Iteration 216/250: Ground Truth: -93.3097, Best: -93.4209, Current: -92.4962, Time: 2.75 s
Iteration 217/250: Ground Truth: -93.3097, Best: -93.4209, Current: -92.4972, Time: 2.48 s
Iteration 218/250: Ground Truth: -93.3097, Best: -93.4209, Current: -92.5137, Time: 2.74 s
Iteration 219/250: Ground Truth: -93.3097, Best: -93.4209, Current: -92.5126, Time: 2.21 s
Iteration 220/250: Ground Truth: -93.3097, Best: -93.4209, Current: -92.5084, Time: 2.74 s
Iteration 221/250: Ground Truth: -93.3097, Best: -93.4209, Current: -92.5067, Time: 2.47 s
Iteration 222/250: Ground Truth: -93.3097, Best: -93.4209, Current: -92.5080, Time: 2.70 s
Iteration 223/250: Ground Truth: -93.3097, Best: -93.4209, Current: -92.5008, Time: 2.73 s
Iteration 224/250: Ground Truth: -93.3097, Best: -93.4209, Current: -92.4995, Time: 2.47 s
Iteration 225/250: Ground Truth: -93.3097, Best: -93.4209, Current: -92.5022, Time: 2.73 s
Iteration 226/250: Ground Truth: -93.3097, Best: -93.4209, Current: -92.4758, Time: 2.20 s
Iteration 227/250: Ground Truth: -93.3097, Best: -93.4209, Current: -92.4833, Time: 2.20 s
Iteration 228/250: Ground Truth: -93.3097, Best: -93.4209, Current: -92.4750, Time: 2.73 s
Iteration 229/250: Ground Truth: -93.3097, Best: -93.4209, Current: -92.4964, Time: 2.72 s
Iteration 230/250: Ground Truth: -93.3097, Best: -93.4209, Current: -92.4886, Time: 2.20 s
Iteration 231/250: Ground Truth: -93.3097, Best: -93.4209, Current: -92.5053, Time: 2.72 s
Iteration 232/250: Ground Truth: -93.3097, Best: -93.4209, Current: -92.5064, Time: 2.72 s
Iteration 233/250: Ground Truth: -93.3097, Best: -93.4209, Current: -92.5101, Time: 2.73 s
Iteration 234/250: Ground Truth: -93.3097, Best: -93.4209, Current: -92.5100, Time: 2.73 s
Iteration 235/250: Ground Truth: -93.3097, Best: -93.4209, Current: -92.4937, Time: 2.73 s
Iteration 236/250: Ground Truth: -93.3097, Best: -93.4209, Current: -92.5098, Time: 2.73 s
Iteration 237/250: Ground Truth: -93.3097, Best: -93.4209, Current: -92.5096, Time: 2.46 s
Iteration 238/250: Ground Truth: -93.3097, Best: -93.4209, Current: -92.5123, Time: 2.72 s
Iteration 239/250: Ground Truth: -93.3097, Best: -93.4209, Current: -92.4893, Time: 2.47 s
Iteration 240/250: Ground Truth: -93.3097, Best: -93.4209, Current: -92.5163, Time: 2.72 s
Iteration 241/250: Ground Truth: -93.3097, Best: -93.4209, Current: -92.5162, Time: 2.72 s
Iteration 242/250: Ground Truth: -93.3097, Best: -93.4209, Current: -92.5121, Time: 2.73 s
Iteration 243/250: Ground Truth: -93.3097, Best: -93.4209, Current: -92.5138, Time: 2.72 s
Iteration 244/250: Ground Truth: -93.3097, Best: -93.4209, Current: -92.5098, Time: 2.73 s
Iteration 245/250: Ground Truth: -93.3097, Best: -93.4209, Current: -92.5076, Time: 2.20 s
Iteration 246/250: Ground Truth: -93.3097, Best: -93.4209, Current: -92.5099, Time: 2.72 s
Iteration 247/250: Ground Truth: -93.3097, Best: -93.4209, Current: -92.5051, Time: 2.72 s
Iteration 248/250: Ground Truth: -93.3097, Best: -93.4209, Current: -92.5054, Time: 2.72 s
Iteration 249/250: Ground Truth: -93.3097, Best: -93.4209, Current: -92.5006, Time: 2.72 s
Iteration 250/250: Ground Truth: -93.3097, Best: -93.4209, Current: -92.5084, Time: 2.46 s
Lower energy for mp-12007: RMSD = 0.000, ΔE = 0.111 eV
mp-12007 match: True
Initial energy: -120.3306884765625
Iteration 1/250: Ground Truth: -120.6254, Best: -120.3307, Current: -120.1297, Time: 2.67 s
Iteration 2/250: Ground Truth: -120.6254, Best: -120.3307, Current: -120.2324, Time: 2.66 s
Iteration 3/250: Ground Truth: -120.6254, Best: -120.3307, Current: -119.6322, Time: 2.65 s
  *** New best: -120.4759 eV
Iteration 4/250: Ground Truth: -120.6254, Best: -120.4759, Current: -120.4759, Time: 2.65 s
Iteration 5/250: Ground Truth: -120.6254, Best: -120.4759, Current: -120.3043, Time: 2.66 s
Iteration 6/250: Ground Truth: -120.6254, Best: -120.4759, Current: -120.3043, Time: 2.67 s
Iteration 7/250: Ground Truth: -120.6254, Best: -120.4759, Current: -120.3043, Time: 2.66 s
  *** New best: -120.5842 eV
Iteration 8/250: Ground Truth: -120.6254, Best: -120.5842, Current: -120.5842, Time: 2.66 s
Iteration 9/250: Ground Truth: -120.6254, Best: -120.5842, Current: -120.3110, Time: 2.67 s
Iteration 10/250: Ground Truth: -120.6254, Best: -120.5842, Current: -120.3110, Time: 2.67 s
Iteration 11/250: Ground Truth: -120.6254, Best: -120.5842, Current: -120.1619, Time: 2.67 s
Iteration 12/250: Ground Truth: -120.6254, Best: -120.5842, Current: -120.1619, Time: 2.66 s
Iteration 13/250: Ground Truth: -120.6254, Best: -120.5842, Current: -120.1619, Time: 2.66 s
Iteration 14/250: Ground Truth: -120.6254, Best: -120.5842, Current: -120.0744, Time: 2.66 s
Iteration 15/250: Ground Truth: -120.6254, Best: -120.5842, Current: -120.1794, Time: 2.67 s
Iteration 16/250: Ground Truth: -120.6254, Best: -120.5842, Current: -120.2912, Time: 2.64 s
Iteration 17/250: Ground Truth: -120.6254, Best: -120.5842, Current: -120.2997, Time: 2.63 s
Iteration 18/250: Ground Truth: -120.6254, Best: -120.5842, Current: -120.2997, Time: 2.66 s
Iteration 19/250: Ground Truth: -120.6254, Best: -120.5842, Current: -120.2436, Time: 2.64 s
Iteration 20/250: Ground Truth: -120.6254, Best: -120.5842, Current: -120.2436, Time: 2.63 s
Iteration 21/250: Ground Truth: -120.6254, Best: -120.5842, Current: -120.3088, Time: 2.63 s
Iteration 22/250: Ground Truth: -120.6254, Best: -120.5842, Current: -120.3088, Time: 2.63 s
Iteration 23/250: Ground Truth: -120.6254, Best: -120.5842, Current: -120.2996, Time: 2.66 s
Iteration 24/250: Ground Truth: -120.6254, Best: -120.5842, Current: -120.2851, Time: 2.61 s
Iteration 25/250: Ground Truth: -120.6254, Best: -120.5842, Current: -119.9899, Time: 2.65 s
Iteration 26/250: Ground Truth: -120.6254, Best: -120.5842, Current: -120.3664, Time: 2.61 s
Iteration 27/250: Ground Truth: -120.6254, Best: -120.5842, Current: -120.2267, Time: 2.65 s
Iteration 28/250: Ground Truth: -120.6254, Best: -120.5842, Current: -120.3125, Time: 2.66 s
Iteration 29/250: Ground Truth: -120.6254, Best: -120.5842, Current: -120.3978, Time: 2.65 s
Iteration 30/250: Ground Truth: -120.6254, Best: -120.5842, Current: -120.2990, Time: 2.65 s
Iteration 31/250: Ground Truth: -120.6254, Best: -120.5842, Current: -120.1033, Time: 2.64 s
Iteration 32/250: Ground Truth: -120.6254, Best: -120.5842, Current: -120.1033, Time: 2.64 s
Iteration 33/250: Ground Truth: -120.6254, Best: -120.5842, Current: -120.3761, Time: 2.64 s
Iteration 34/250: Ground Truth: -120.6254, Best: -120.5842, Current: -120.4014, Time: 2.64 s
Iteration 35/250: Ground Truth: -120.6254, Best: -120.5842, Current: -120.2056, Time: 2.64 s
  *** New best: -120.6676 eV
Iteration 36/250: Ground Truth: -120.6254, Best: -120.6676, Current: -120.6676, Time: 2.67 s
Iteration 37/250: Ground Truth: -120.6254, Best: -120.6676, Current: -120.2439, Time: 2.67 s
Iteration 38/250: Ground Truth: -120.6254, Best: -120.6676, Current: -120.3784, Time: 2.67 s
Iteration 39/250: Ground Truth: -120.6254, Best: -120.6676, Current: -120.4515, Time: 2.67 s
Iteration 40/250: Ground Truth: -120.6254, Best: -120.6676, Current: -120.2984, Time: 2.64 s
Iteration 41/250: Ground Truth: -120.6254, Best: -120.6676, Current: -120.2984, Time: 2.66 s
Iteration 42/250: Ground Truth: -120.6254, Best: -120.6676, Current: -120.3035, Time: 2.67 s
Iteration 43/250: Ground Truth: -120.6254, Best: -120.6676, Current: -120.4539, Time: 2.66 s
Iteration 44/250: Ground Truth: -120.6254, Best: -120.6676, Current: -120.3752, Time: 2.68 s
Iteration 45/250: Ground Truth: -120.6254, Best: -120.6676, Current: -120.3752, Time: 2.67 s
Iteration 46/250: Ground Truth: -120.6254, Best: -120.6676, Current: -120.2920, Time: 2.67 s
Iteration 47/250: Ground Truth: -120.6254, Best: -120.6676, Current: -120.4849, Time: 2.65 s
Iteration 48/250: Ground Truth: -120.6254, Best: -120.6676, Current: -120.4849, Time: 2.65 s
Iteration 49/250: Ground Truth: -120.6254, Best: -120.6676, Current: -120.4874, Time: 2.65 s
Iteration 50/250: Ground Truth: -120.6254, Best: -120.6676, Current: -120.4467, Time: 2.64 s
Iteration 51/250: Ground Truth: -120.6254, Best: -120.6676, Current: -120.4467, Time: 2.65 s
Iteration 52/250: Ground Truth: -120.6254, Best: -120.6676, Current: -120.4467, Time: 2.65 s
Iteration 53/250: Ground Truth: -120.6254, Best: -120.6676, Current: -120.4467, Time: 2.65 s
  *** New best: -120.6843 eV
Iteration 54/250: Ground Truth: -120.6254, Best: -120.6843, Current: -120.6843, Time: 2.65 s
Iteration 55/250: Ground Truth: -120.6254, Best: -120.6843, Current: -120.6177, Time: 2.65 s
Iteration 56/250: Ground Truth: -120.6254, Best: -120.6843, Current: -120.4706, Time: 2.67 s
Iteration 57/250: Ground Truth: -120.6254, Best: -120.6843, Current: -120.4706, Time: 2.67 s
Iteration 58/250: Ground Truth: -120.6254, Best: -120.6843, Current: -120.3930, Time: 2.68 s
Iteration 59/250: Ground Truth: -120.6254, Best: -120.6843, Current: -117.2583, Time: 2.66 s
Iteration 60/250: Ground Truth: -120.6254, Best: -120.6843, Current: -117.2583, Time: 2.66 s
Iteration 61/250: Ground Truth: -120.6254, Best: -120.6843, Current: -117.7550, Time: 2.66 s
Iteration 62/250: Ground Truth: -120.6254, Best: -120.6843, Current: -117.7550, Time: 2.65 s
Iteration 63/250: Ground Truth: -120.6254, Best: -120.6843, Current: -119.5885, Time: 2.67 s
Iteration 64/250: Ground Truth: -120.6254, Best: -120.6843, Current: -119.5885, Time: 2.66 s
Iteration 65/250: Ground Truth: -120.6254, Best: -120.6843, Current: -119.5885, Time: 2.66 s
Iteration 66/250: Ground Truth: -120.6254, Best: -120.6843, Current: -119.5885, Time: 2.66 s
Iteration 67/250: Ground Truth: -120.6254, Best: -120.6843, Current: -119.5885, Time: 2.66 s
Iteration 68/250: Ground Truth: -120.6254, Best: -120.6843, Current: -117.6519, Time: 2.66 s
Iteration 69/250: Ground Truth: -120.6254, Best: -120.6843, Current: -117.8045, Time: 2.66 s
Iteration 70/250: Ground Truth: -120.6254, Best: -120.6843, Current: -117.2431, Time: 2.66 s
Iteration 71/250: Ground Truth: -120.6254, Best: -120.6843, Current: -117.2431, Time: 2.66 s
Iteration 72/250: Ground Truth: -120.6254, Best: -120.6843, Current: -116.8066, Time: 2.65 s
Iteration 73/250: Ground Truth: -120.6254, Best: -120.6843, Current: -116.8384, Time: 2.64 s
Iteration 74/250: Ground Truth: -120.6254, Best: -120.6843, Current: -117.2619, Time: 2.63 s
Iteration 75/250: Ground Truth: -120.6254, Best: -120.6843, Current: -117.6641, Time: 2.66 s
Iteration 76/250: Ground Truth: -120.6254, Best: -120.6843, Current: -117.9575, Time: 2.66 s
Iteration 77/250: Ground Truth: -120.6254, Best: -120.6843, Current: -118.2963, Time: 2.63 s
Iteration 78/250: Ground Truth: -120.6254, Best: -120.6843, Current: -118.2745, Time: 2.66 s
Iteration 79/250: Ground Truth: -120.6254, Best: -120.6843, Current: -118.4296, Time: 2.62 s
Iteration 80/250: Ground Truth: -120.6254, Best: -120.6843, Current: -117.4397, Time: 2.64 s
Iteration 81/250: Ground Truth: -120.6254, Best: -120.6843, Current: -117.7565, Time: 2.65 s
Iteration 82/250: Ground Truth: -120.6254, Best: -120.6843, Current: -117.9088, Time: 2.66 s
Iteration 83/250: Ground Truth: -120.6254, Best: -120.6843, Current: -117.8288, Time: 2.66 s
Iteration 84/250: Ground Truth: -120.6254, Best: -120.6843, Current: -117.8625, Time: 2.63 s
Iteration 85/250: Ground Truth: -120.6254, Best: -120.6843, Current: -117.8625, Time: 2.65 s
Iteration 86/250: Ground Truth: -120.6254, Best: -120.6843, Current: -117.8768, Time: 2.65 s
Iteration 87/250: Ground Truth: -120.6254, Best: -120.6843, Current: -117.7144, Time: 2.64 s
Iteration 88/250: Ground Truth: -120.6254, Best: -120.6843, Current: -117.6038, Time: 2.65 s
Iteration 89/250: Ground Truth: -120.6254, Best: -120.6843, Current: -117.6038, Time: 2.65 s
Iteration 90/250: Ground Truth: -120.6254, Best: -120.6843, Current: -117.7479, Time: 2.64 s
Iteration 91/250: Ground Truth: -120.6254, Best: -120.6843, Current: -117.8375, Time: 2.64 s
Iteration 92/250: Ground Truth: -120.6254, Best: -120.6843, Current: -117.4356, Time: 2.64 s
Iteration 93/250: Ground Truth: -120.6254, Best: -120.6843, Current: -117.4356, Time: 2.63 s
Iteration 94/250: Ground Truth: -120.6254, Best: -120.6843, Current: -117.4576, Time: 2.59 s
Iteration 95/250: Ground Truth: -120.6254, Best: -120.6843, Current: -117.8961, Time: 2.60 s
Iteration 96/250: Ground Truth: -120.6254, Best: -120.6843, Current: -117.9181, Time: 2.60 s
Iteration 97/250: Ground Truth: -120.6254, Best: -120.6843, Current: -117.3027, Time: 2.60 s
Iteration 98/250: Ground Truth: -120.6254, Best: -120.6843, Current: -118.0278, Time: 2.61 s
Iteration 99/250: Ground Truth: -120.6254, Best: -120.6843, Current: -118.0278, Time: 2.58 s
Iteration 100/250: Ground Truth: -120.6254, Best: -120.6843, Current: -117.4266, Time: 2.61 s
Iteration 101/250: Ground Truth: -120.6254, Best: -120.6843, Current: -117.7485, Time: 2.62 s
Iteration 102/250: Ground Truth: -120.6254, Best: -120.6843, Current: -118.3199, Time: 2.62 s
Iteration 103/250: Ground Truth: -120.6254, Best: -120.6843, Current: -118.1063, Time: 2.62 s
Iteration 104/250: Ground Truth: -120.6254, Best: -120.6843, Current: -118.1063, Time: 2.61 s
Iteration 105/250: Ground Truth: -120.6254, Best: -120.6843, Current: -117.9857, Time: 2.62 s
Iteration 106/250: Ground Truth: -120.6254, Best: -120.6843, Current: -117.8773, Time: 2.59 s
Iteration 107/250: Ground Truth: -120.6254, Best: -120.6843, Current: -117.1727, Time: 2.61 s
Iteration 108/250: Ground Truth: -120.6254, Best: -120.6843, Current: -117.4052, Time: 2.61 s
Iteration 109/250: Ground Truth: -120.6254, Best: -120.6843, Current: -117.5715, Time: 2.61 s
Iteration 110/250: Ground Truth: -120.6254, Best: -120.6843, Current: -117.6783, Time: 2.60 s
Iteration 111/250: Ground Truth: -120.6254, Best: -120.6843, Current: -116.7061, Time: 2.61 s
Iteration 112/250: Ground Truth: -120.6254, Best: -120.6843, Current: -117.5794, Time: 2.61 s
Iteration 113/250: Ground Truth: -120.6254, Best: -120.6843, Current: -117.5794, Time: 2.59 s
Iteration 114/250: Ground Truth: -120.6254, Best: -120.6843, Current: -117.6773, Time: 2.61 s
Iteration 115/250: Ground Truth: -120.6254, Best: -120.6843, Current: -117.7811, Time: 2.60 s
Iteration 116/250: Ground Truth: -120.6254, Best: -120.6843, Current: -117.7811, Time: 2.61 s
Iteration 117/250: Ground Truth: -120.6254, Best: -120.6843, Current: -117.7811, Time: 2.61 s
Iteration 118/250: Ground Truth: -120.6254, Best: -120.6843, Current: -117.6197, Time: 2.61 s
Iteration 119/250: Ground Truth: -120.6254, Best: -120.6843, Current: -117.9140, Time: 2.60 s
Iteration 120/250: Ground Truth: -120.6254, Best: -120.6843, Current: -118.0221, Time: 2.60 s
Iteration 121/250: Ground Truth: -120.6254, Best: -120.6843, Current: -118.0221, Time: 2.60 s
Iteration 122/250: Ground Truth: -120.6254, Best: -120.6843, Current: -117.6054, Time: 2.60 s
Iteration 123/250: Ground Truth: -120.6254, Best: -120.6843, Current: -117.6054, Time: 2.60 s
Iteration 124/250: Ground Truth: -120.6254, Best: -120.6843, Current: -117.6407, Time: 2.61 s
Iteration 125/250: Ground Truth: -120.6254, Best: -120.6843, Current: -117.9983, Time: 2.61 s
Iteration 126/250: Ground Truth: -120.6254, Best: -120.6843, Current: -117.9788, Time: 2.58 s
Iteration 127/250: Ground Truth: -120.6254, Best: -120.6843, Current: -117.9788, Time: 2.60 s
Iteration 128/250: Ground Truth: -120.6254, Best: -120.6843, Current: -117.9788, Time: 2.60 s
Iteration 129/250: Ground Truth: -120.6254, Best: -120.6843, Current: -117.9788, Time: 2.60 s
Iteration 130/250: Ground Truth: -120.6254, Best: -120.6843, Current: -117.9152, Time: 2.60 s
Iteration 131/250: Ground Truth: -120.6254, Best: -120.6843, Current: -117.9152, Time: 2.61 s
Iteration 132/250: Ground Truth: -120.6254, Best: -120.6843, Current: -120.0545, Time: 2.60 s
Iteration 133/250: Ground Truth: -120.6254, Best: -120.6843, Current: -120.0545, Time: 2.60 s
Iteration 134/250: Ground Truth: -120.6254, Best: -120.6843, Current: -120.0545, Time: 2.54 s
Iteration 135/250: Ground Truth: -120.6254, Best: -120.6843, Current: -120.0545, Time: 2.62 s
Iteration 136/250: Ground Truth: -120.6254, Best: -120.6843, Current: -120.1599, Time: 2.62 s
Iteration 137/250: Ground Truth: -120.6254, Best: -120.6843, Current: -120.1599, Time: 2.61 s
Iteration 138/250: Ground Truth: -120.6254, Best: -120.6843, Current: -120.1599, Time: 2.62 s
Iteration 139/250: Ground Truth: -120.6254, Best: -120.6843, Current: -120.1984, Time: 2.62 s
Iteration 140/250: Ground Truth: -120.6254, Best: -120.6843, Current: -120.1831, Time: 2.62 s
Iteration 141/250: Ground Truth: -120.6254, Best: -120.6843, Current: -119.9328, Time: 2.62 s
Iteration 142/250: Ground Truth: -120.6254, Best: -120.6843, Current: -119.9328, Time: 2.60 s
Iteration 143/250: Ground Truth: -120.6254, Best: -120.6843, Current: -119.9328, Time: 2.54 s
Iteration 144/250: Ground Truth: -120.6254, Best: -120.6843, Current: -119.9328, Time: 2.59 s
Iteration 145/250: Ground Truth: -120.6254, Best: -120.6843, Current: -120.0711, Time: 2.60 s
Iteration 146/250: Ground Truth: -120.6254, Best: -120.6843, Current: -120.0711, Time: 2.60 s
Iteration 147/250: Ground Truth: -120.6254, Best: -120.6843, Current: -118.6238, Time: 2.57 s
Iteration 148/250: Ground Truth: -120.6254, Best: -120.6843, Current: -120.3003, Time: 2.60 s
Iteration 149/250: Ground Truth: -120.6254, Best: -120.6843, Current: -119.9541, Time: 2.60 s
Iteration 150/250: Ground Truth: -120.6254, Best: -120.6843, Current: -118.0834, Time: 2.60 s
Iteration 151/250: Ground Truth: -120.6254, Best: -120.6843, Current: -120.3081, Time: 2.59 s
Iteration 152/250: Ground Truth: -120.6254, Best: -120.6843, Current: -120.3081, Time: 2.60 s
Iteration 153/250: Ground Truth: -120.6254, Best: -120.6843, Current: -120.6070, Time: 2.61 s
Iteration 154/250: Ground Truth: -120.6254, Best: -120.6843, Current: -120.5624, Time: 2.62 s
Iteration 155/250: Ground Truth: -120.6254, Best: -120.6843, Current: -120.3715, Time: 2.62 s
Iteration 156/250: Ground Truth: -120.6254, Best: -120.6843, Current: -120.3575, Time: 2.62 s
Iteration 157/250: Ground Truth: -120.6254, Best: -120.6843, Current: -120.3575, Time: 2.60 s
Iteration 158/250: Ground Truth: -120.6254, Best: -120.6843, Current: -120.1495, Time: 2.61 s
Iteration 159/250: Ground Truth: -120.6254, Best: -120.6843, Current: -120.1665, Time: 2.61 s
Iteration 160/250: Ground Truth: -120.6254, Best: -120.6843, Current: -118.9711, Time: 2.61 s
Iteration 161/250: Ground Truth: -120.6254, Best: -120.6843, Current: -120.1294, Time: 2.61 s
Iteration 162/250: Ground Truth: -120.6254, Best: -120.6843, Current: -120.0771, Time: 2.61 s
Iteration 163/250: Ground Truth: -120.6254, Best: -120.6843, Current: -120.1973, Time: 2.60 s
Iteration 164/250: Ground Truth: -120.6254, Best: -120.6843, Current: -120.2700, Time: 2.57 s
Iteration 165/250: Ground Truth: -120.6254, Best: -120.6843, Current: -120.2700, Time: 2.59 s
Iteration 166/250: Ground Truth: -120.6254, Best: -120.6843, Current: -120.2700, Time: 2.60 s
Iteration 167/250: Ground Truth: -120.6254, Best: -120.6843, Current: -120.2700, Time: 2.60 s
Iteration 168/250: Ground Truth: -120.6254, Best: -120.6843, Current: -120.3334, Time: 2.60 s
Iteration 169/250: Ground Truth: -120.6254, Best: -120.6843, Current: -120.3334, Time: 2.60 s
Iteration 170/250: Ground Truth: -120.6254, Best: -120.6843, Current: -118.0537, Time: 2.59 s
Iteration 171/250: Ground Truth: -120.6254, Best: -120.6843, Current: -118.0537, Time: 2.60 s
Iteration 172/250: Ground Truth: -120.6254, Best: -120.6843, Current: -119.0376, Time: 2.60 s
Iteration 173/250: Ground Truth: -120.6254, Best: -120.6843, Current: -119.6976, Time: 2.56 s
Iteration 174/250: Ground Truth: -120.6254, Best: -120.6843, Current: -118.5483, Time: 2.61 s
Iteration 175/250: Ground Truth: -120.6254, Best: -120.6843, Current: -118.5483, Time: 2.60 s
Iteration 176/250: Ground Truth: -120.6254, Best: -120.6843, Current: -119.3750, Time: 2.60 s
Iteration 177/250: Ground Truth: -120.6254, Best: -120.6843, Current: -119.3750, Time: 2.61 s
Iteration 178/250: Ground Truth: -120.6254, Best: -120.6843, Current: -120.4045, Time: 2.62 s
Iteration 179/250: Ground Truth: -120.6254, Best: -120.6843, Current: -120.5362, Time: 2.61 s
Iteration 180/250: Ground Truth: -120.6254, Best: -120.6843, Current: -120.5362, Time: 2.62 s
Iteration 181/250: Ground Truth: -120.6254, Best: -120.6843, Current: -120.2690, Time: 2.62 s
Iteration 182/250: Ground Truth: -120.6254, Best: -120.6843, Current: -120.5132, Time: 2.63 s
Iteration 183/250: Ground Truth: -120.6254, Best: -120.6843, Current: -120.4314, Time: 2.62 s
Iteration 184/250: Ground Truth: -120.6254, Best: -120.6843, Current: -120.4314, Time: 2.60 s
Iteration 185/250: Ground Truth: -120.6254, Best: -120.6843, Current: -120.5666, Time: 2.62 s
Iteration 186/250: Ground Truth: -120.6254, Best: -120.6843, Current: -120.5666, Time: 2.60 s
Iteration 187/250: Ground Truth: -120.6254, Best: -120.6843, Current: -120.2444, Time: 2.61 s
Iteration 188/250: Ground Truth: -120.6254, Best: -120.6843, Current: -119.7539, Time: 2.58 s
Iteration 189/250: Ground Truth: -120.6254, Best: -120.6843, Current: -120.2765, Time: 2.60 s
Iteration 190/250: Ground Truth: -120.6254, Best: -120.6843, Current: -120.4362, Time: 2.61 s
Iteration 191/250: Ground Truth: -120.6254, Best: -120.6843, Current: -120.0940, Time: 2.60 s
Iteration 192/250: Ground Truth: -120.6254, Best: -120.6843, Current: -119.8729, Time: 2.60 s
Iteration 193/250: Ground Truth: -120.6254, Best: -120.6843, Current: -119.1938, Time: 2.60 s
Iteration 194/250: Ground Truth: -120.6254, Best: -120.6843, Current: -120.3765, Time: 2.57 s
Iteration 195/250: Ground Truth: -120.6254, Best: -120.6843, Current: -120.4042, Time: 2.57 s
Iteration 196/250: Ground Truth: -120.6254, Best: -120.6843, Current: -120.3278, Time: 2.61 s
Iteration 197/250: Ground Truth: -120.6254, Best: -120.6843, Current: -120.2295, Time: 2.60 s
Iteration 198/250: Ground Truth: -120.6254, Best: -120.6843, Current: -120.2295, Time: 2.61 s
Iteration 199/250: Ground Truth: -120.6254, Best: -120.6843, Current: -119.8324, Time: 2.61 s
Iteration 200/250: Ground Truth: -120.6254, Best: -120.6843, Current: -118.1262, Time: 2.61 s
Iteration 201/250: Ground Truth: -120.6254, Best: -120.6843, Current: -118.1881, Time: 2.56 s
Iteration 202/250: Ground Truth: -120.6254, Best: -120.6843, Current: -118.1881, Time: 2.61 s
Iteration 203/250: Ground Truth: -120.6254, Best: -120.6843, Current: -119.5157, Time: 2.61 s
Iteration 204/250: Ground Truth: -120.6254, Best: -120.6843, Current: -119.6981, Time: 2.61 s
Iteration 205/250: Ground Truth: -120.6254, Best: -120.6843, Current: -119.8968, Time: 2.61 s
Iteration 206/250: Ground Truth: -120.6254, Best: -120.6843, Current: -119.8968, Time: 2.60 s
Iteration 207/250: Ground Truth: -120.6254, Best: -120.6843, Current: -119.8968, Time: 2.61 s
Iteration 208/250: Ground Truth: -120.6254, Best: -120.6843, Current: -119.8968, Time: 2.61 s
Iteration 209/250: Ground Truth: -120.6254, Best: -120.6843, Current: -119.8968, Time: 2.60 s
Iteration 210/250: Ground Truth: -120.6254, Best: -120.6843, Current: -119.6107, Time: 2.60 s
Iteration 211/250: Ground Truth: -120.6254, Best: -120.6843, Current: -120.0707, Time: 2.57 s
Iteration 212/250: Ground Truth: -120.6254, Best: -120.6843, Current: -120.0747, Time: 2.59 s
Iteration 213/250: Ground Truth: -120.6254, Best: -120.6843, Current: -120.3386, Time: 2.60 s
Iteration 214/250: Ground Truth: -120.6254, Best: -120.6843, Current: -120.3636, Time: 2.62 s
Iteration 215/250: Ground Truth: -120.6254, Best: -120.6843, Current: -120.3531, Time: 2.62 s
Iteration 216/250: Ground Truth: -120.6254, Best: -120.6843, Current: -120.3531, Time: 2.12 s
Iteration 217/250: Ground Truth: -120.6254, Best: -120.6843, Current: -120.3531, Time: 2.62 s
Iteration 218/250: Ground Truth: -120.6254, Best: -120.6843, Current: -120.0670, Time: 2.61 s
Iteration 219/250: Ground Truth: -120.6254, Best: -120.6843, Current: -120.3308, Time: 2.62 s
Iteration 220/250: Ground Truth: -120.6254, Best: -120.6843, Current: -120.1070, Time: 2.61 s
Iteration 221/250: Ground Truth: -120.6254, Best: -120.6843, Current: -120.0797, Time: 2.60 s
Iteration 222/250: Ground Truth: -120.6254, Best: -120.6843, Current: -120.2212, Time: 2.59 s
Iteration 223/250: Ground Truth: -120.6254, Best: -120.6843, Current: -120.0974, Time: 2.58 s
Iteration 224/250: Ground Truth: -120.6254, Best: -120.6843, Current: -119.9500, Time: 2.60 s
Iteration 225/250: Ground Truth: -120.6254, Best: -120.6843, Current: -120.0315, Time: 2.59 s
Iteration 226/250: Ground Truth: -120.6254, Best: -120.6843, Current: -120.0315, Time: 2.59 s
Iteration 227/250: Ground Truth: -120.6254, Best: -120.6843, Current: -119.9662, Time: 2.58 s
Iteration 228/250: Ground Truth: -120.6254, Best: -120.6843, Current: -120.0314, Time: 2.59 s
Iteration 229/250: Ground Truth: -120.6254, Best: -120.6843, Current: -120.3771, Time: 2.59 s
Iteration 230/250: Ground Truth: -120.6254, Best: -120.6843, Current: -120.3771, Time: 2.60 s
Iteration 231/250: Ground Truth: -120.6254, Best: -120.6843, Current: -120.2574, Time: 2.60 s
Iteration 232/250: Ground Truth: -120.6254, Best: -120.6843, Current: -119.7752, Time: 2.60 s
Iteration 233/250: Ground Truth: -120.6254, Best: -120.6843, Current: -120.2103, Time: 2.61 s
Iteration 234/250: Ground Truth: -120.6254, Best: -120.6843, Current: -120.4713, Time: 2.60 s
Iteration 235/250: Ground Truth: -120.6254, Best: -120.6843, Current: -120.2956, Time: 2.61 s
Iteration 236/250: Ground Truth: -120.6254, Best: -120.6843, Current: -120.5535, Time: 2.59 s
Iteration 237/250: Ground Truth: -120.6254, Best: -120.6843, Current: -120.2988, Time: 2.63 s
Iteration 238/250: Ground Truth: -120.6254, Best: -120.6843, Current: -120.1697, Time: 2.62 s
Iteration 239/250: Ground Truth: -120.6254, Best: -120.6843, Current: -120.5982, Time: 2.61 s
Iteration 240/250: Ground Truth: -120.6254, Best: -120.6843, Current: -120.4400, Time: 2.62 s
Iteration 241/250: Ground Truth: -120.6254, Best: -120.6843, Current: -120.4400, Time: 2.62 s
Iteration 242/250: Ground Truth: -120.6254, Best: -120.6843, Current: -120.4400, Time: 2.62 s
Iteration 243/250: Ground Truth: -120.6254, Best: -120.6843, Current: -120.2730, Time: 2.63 s
Iteration 244/250: Ground Truth: -120.6254, Best: -120.6843, Current: -120.2730, Time: 2.62 s
Iteration 245/250: Ground Truth: -120.6254, Best: -120.6843, Current: -120.3412, Time: 2.58 s
Iteration 246/250: Ground Truth: -120.6254, Best: -120.6843, Current: -120.0474, Time: 2.62 s
Iteration 247/250: Ground Truth: -120.6254, Best: -120.6843, Current: -119.8920, Time: 2.61 s
Iteration 248/250: Ground Truth: -120.6254, Best: -120.6843, Current: -120.0452, Time: 2.62 s
Iteration 249/250: Ground Truth: -120.6254, Best: -120.6843, Current: -120.1761, Time: 2.60 s
Iteration 250/250: Ground Truth: -120.6254, Best: -120.6843, Current: -120.1761, Time: 2.58 s
Matched for mp-23406: RMSD = 0.022, ΔE = 0.059 eV
mp-23406 match: True
Initial energy: -57.038394927978516
  *** New best: -58.3011 eV
Iteration 1/250: Ground Truth: -59.2113, Best: -58.3011, Current: -58.3011, Time: 2.58 s
Iteration 2/250: Ground Truth: -59.2113, Best: -58.3011, Current: -58.2476, Time: 2.57 s
Iteration 3/250: Ground Truth: -59.2113, Best: -58.3011, Current: -58.0315, Time: 2.58 s
Iteration 4/250: Ground Truth: -59.2113, Best: -58.3011, Current: -58.2213, Time: 2.59 s
  *** New best: -58.4504 eV
Iteration 5/250: Ground Truth: -59.2113, Best: -58.4504, Current: -58.4504, Time: 2.58 s
Iteration 6/250: Ground Truth: -59.2113, Best: -58.4504, Current: -58.4375, Time: 2.59 s
Iteration 7/250: Ground Truth: -59.2113, Best: -58.4504, Current: -58.3937, Time: 2.60 s
Iteration 8/250: Ground Truth: -59.2113, Best: -58.4504, Current: -58.4228, Time: 2.60 s
Iteration 9/250: Ground Truth: -59.2113, Best: -58.4504, Current: -58.4331, Time: 2.60 s
Iteration 10/250: Ground Truth: -59.2113, Best: -58.4504, Current: -58.1090, Time: 2.59 s
  *** New best: -58.4677 eV
Iteration 11/250: Ground Truth: -59.2113, Best: -58.4677, Current: -58.4677, Time: 2.60 s
Iteration 12/250: Ground Truth: -59.2113, Best: -58.4677, Current: -58.2876, Time: 2.60 s
Iteration 13/250: Ground Truth: -59.2113, Best: -58.4677, Current: -58.3393, Time: 2.58 s
Iteration 14/250: Ground Truth: -59.2113, Best: -58.4677, Current: -58.3624, Time: 2.57 s
  *** New best: -58.5509 eV
Iteration 15/250: Ground Truth: -59.2113, Best: -58.5509, Current: -58.5509, Time: 2.57 s
  *** New best: -58.6581 eV
Iteration 16/250: Ground Truth: -59.2113, Best: -58.6581, Current: -58.6581, Time: 2.59 s
Iteration 17/250: Ground Truth: -59.2113, Best: -58.6581, Current: -58.4525, Time: 2.58 s
Iteration 18/250: Ground Truth: -59.2113, Best: -58.6581, Current: -58.4301, Time: 2.58 s
Iteration 19/250: Ground Truth: -59.2113, Best: -58.6581, Current: -58.4207, Time: 2.58 s
Iteration 20/250: Ground Truth: -59.2113, Best: -58.6581, Current: -58.2531, Time: 2.58 s
Iteration 21/250: Ground Truth: -59.2113, Best: -58.6581, Current: -58.1938, Time: 2.58 s
Iteration 22/250: Ground Truth: -59.2113, Best: -58.6581, Current: -58.1452, Time: 2.57 s
Iteration 23/250: Ground Truth: -59.2113, Best: -58.6581, Current: -58.1364, Time: 2.57 s
Iteration 24/250: Ground Truth: -59.2113, Best: -58.6581, Current: -58.1908, Time: 2.57 s
Iteration 25/250: Ground Truth: -59.2113, Best: -58.6581, Current: -58.3173, Time: 2.58 s
Iteration 26/250: Ground Truth: -59.2113, Best: -58.6581, Current: -58.5250, Time: 2.59 s
  *** New best: -58.7115 eV
Iteration 27/250: Ground Truth: -59.2113, Best: -58.7115, Current: -58.7115, Time: 2.59 s
Iteration 28/250: Ground Truth: -59.2113, Best: -58.7115, Current: -58.5621, Time: 2.59 s
Iteration 29/250: Ground Truth: -59.2113, Best: -58.7115, Current: -58.6696, Time: 2.60 s
Iteration 30/250: Ground Truth: -59.2113, Best: -58.7115, Current: -58.5921, Time: 2.59 s
Iteration 31/250: Ground Truth: -59.2113, Best: -58.7115, Current: -58.5586, Time: 2.59 s
Iteration 32/250: Ground Truth: -59.2113, Best: -58.7115, Current: -58.5586, Time: 2.59 s
Iteration 33/250: Ground Truth: -59.2113, Best: -58.7115, Current: -58.5433, Time: 2.59 s
Iteration 34/250: Ground Truth: -59.2113, Best: -58.7115, Current: -58.4709, Time: 2.59 s
Iteration 35/250: Ground Truth: -59.2113, Best: -58.7115, Current: -58.5727, Time: 2.59 s
Iteration 36/250: Ground Truth: -59.2113, Best: -58.7115, Current: -58.5590, Time: 2.59 s
Iteration 37/250: Ground Truth: -59.2113, Best: -58.7115, Current: -58.3639, Time: 2.58 s
Iteration 38/250: Ground Truth: -59.2113, Best: -58.7115, Current: -58.3329, Time: 2.59 s
Iteration 39/250: Ground Truth: -59.2113, Best: -58.7115, Current: -58.4533, Time: 2.60 s
Iteration 40/250: Ground Truth: -59.2113, Best: -58.7115, Current: -58.5781, Time: 2.59 s
Iteration 41/250: Ground Truth: -59.2113, Best: -58.7115, Current: -58.2290, Time: 2.58 s
Iteration 42/250: Ground Truth: -59.2113, Best: -58.7115, Current: -58.2171, Time: 2.58 s
Iteration 43/250: Ground Truth: -59.2113, Best: -58.7115, Current: -58.0309, Time: 2.59 s
Iteration 44/250: Ground Truth: -59.2113, Best: -58.7115, Current: -58.2830, Time: 2.58 s
Iteration 45/250: Ground Truth: -59.2113, Best: -58.7115, Current: -58.3433, Time: 2.59 s
Iteration 46/250: Ground Truth: -59.2113, Best: -58.7115, Current: -58.2941, Time: 2.59 s
Iteration 47/250: Ground Truth: -59.2113, Best: -58.7115, Current: -58.2941, Time: 2.59 s
Iteration 48/250: Ground Truth: -59.2113, Best: -58.7115, Current: -57.7127, Time: 2.59 s
Iteration 49/250: Ground Truth: -59.2113, Best: -58.7115, Current: -57.8941, Time: 2.59 s
Iteration 50/250: Ground Truth: -59.2113, Best: -58.7115, Current: -58.0993, Time: 2.59 s
Iteration 51/250: Ground Truth: -59.2113, Best: -58.7115, Current: -57.8201, Time: 2.59 s
Iteration 52/250: Ground Truth: -59.2113, Best: -58.7115, Current: -58.1507, Time: 2.60 s
Iteration 53/250: Ground Truth: -59.2113, Best: -58.7115, Current: -57.9202, Time: 2.59 s
Iteration 54/250: Ground Truth: -59.2113, Best: -58.7115, Current: -58.1383, Time: 2.60 s
Iteration 55/250: Ground Truth: -59.2113, Best: -58.7115, Current: -58.1910, Time: 2.60 s
Iteration 56/250: Ground Truth: -59.2113, Best: -58.7115, Current: -58.1355, Time: 2.79 s
Iteration 57/250: Ground Truth: -59.2113, Best: -58.7115, Current: -58.1322, Time: 2.60 s
Iteration 58/250: Ground Truth: -59.2113, Best: -58.7115, Current: -58.2885, Time: 2.60 s
Iteration 59/250: Ground Truth: -59.2113, Best: -58.7115, Current: -58.1132, Time: 2.60 s
Iteration 60/250: Ground Truth: -59.2113, Best: -58.7115, Current: -58.2041, Time: 2.60 s
Iteration 61/250: Ground Truth: -59.2113, Best: -58.7115, Current: -58.2671, Time: 2.59 s
Iteration 62/250: Ground Truth: -59.2113, Best: -58.7115, Current: -58.2026, Time: 2.59 s
Iteration 63/250: Ground Truth: -59.2113, Best: -58.7115, Current: -58.2430, Time: 2.60 s
Iteration 64/250: Ground Truth: -59.2113, Best: -58.7115, Current: -57.9140, Time: 2.59 s
Iteration 65/250: Ground Truth: -59.2113, Best: -58.7115, Current: -58.1042, Time: 2.59 s
Iteration 66/250: Ground Truth: -59.2113, Best: -58.7115, Current: -58.0743, Time: 2.58 s
Iteration 67/250: Ground Truth: -59.2113, Best: -58.7115, Current: -57.9855, Time: 2.59 s
Iteration 68/250: Ground Truth: -59.2113, Best: -58.7115, Current: -58.1472, Time: 2.59 s
Iteration 69/250: Ground Truth: -59.2113, Best: -58.7115, Current: -58.1432, Time: 2.59 s
Iteration 70/250: Ground Truth: -59.2113, Best: -58.7115, Current: -58.2574, Time: 2.59 s
Iteration 71/250: Ground Truth: -59.2113, Best: -58.7115, Current: -58.2059, Time: 2.59 s
Iteration 72/250: Ground Truth: -59.2113, Best: -58.7115, Current: -58.1914, Time: 2.59 s
Iteration 73/250: Ground Truth: -59.2113, Best: -58.7115, Current: -58.2136, Time: 2.58 s
Iteration 74/250: Ground Truth: -59.2113, Best: -58.7115, Current: -58.0602, Time: 2.59 s
Iteration 75/250: Ground Truth: -59.2113, Best: -58.7115, Current: -58.1194, Time: 2.59 s
Iteration 76/250: Ground Truth: -59.2113, Best: -58.7115, Current: -58.0468, Time: 2.59 s
Iteration 77/250: Ground Truth: -59.2113, Best: -58.7115, Current: -58.3483, Time: 2.59 s
Iteration 78/250: Ground Truth: -59.2113, Best: -58.7115, Current: -58.4283, Time: 2.59 s
Iteration 79/250: Ground Truth: -59.2113, Best: -58.7115, Current: -58.2890, Time: 2.59 s
Iteration 80/250: Ground Truth: -59.2113, Best: -58.7115, Current: -58.3262, Time: 2.59 s
Iteration 81/250: Ground Truth: -59.2113, Best: -58.7115, Current: -58.3736, Time: 2.60 s
Iteration 82/250: Ground Truth: -59.2113, Best: -58.7115, Current: -58.3876, Time: 2.59 s
Iteration 83/250: Ground Truth: -59.2113, Best: -58.7115, Current: -58.3406, Time: 2.60 s
Iteration 84/250: Ground Truth: -59.2113, Best: -58.7115, Current: -58.2477, Time: 2.60 s
Iteration 85/250: Ground Truth: -59.2113, Best: -58.7115, Current: -58.5260, Time: 2.59 s
Iteration 86/250: Ground Truth: -59.2113, Best: -58.7115, Current: -58.5138, Time: 2.60 s
Iteration 87/250: Ground Truth: -59.2113, Best: -58.7115, Current: -58.5946, Time: 2.60 s
Iteration 88/250: Ground Truth: -59.2113, Best: -58.7115, Current: -58.6097, Time: 2.60 s
Iteration 89/250: Ground Truth: -59.2113, Best: -58.7115, Current: -58.6750, Time: 2.61 s
Iteration 90/250: Ground Truth: -59.2113, Best: -58.7115, Current: -58.2935, Time: 2.61 s
Iteration 91/250: Ground Truth: -59.2113, Best: -58.7115, Current: -58.4805, Time: 2.60 s
Iteration 92/250: Ground Truth: -59.2113, Best: -58.7115, Current: -58.6598, Time: 2.60 s
Iteration 93/250: Ground Truth: -59.2113, Best: -58.7115, Current: -58.6994, Time: 2.59 s
Iteration 94/250: Ground Truth: -59.2113, Best: -58.7115, Current: -58.6845, Time: 2.60 s
Iteration 95/250: Ground Truth: -59.2113, Best: -58.7115, Current: -58.5499, Time: 2.59 s
Iteration 96/250: Ground Truth: -59.2113, Best: -58.7115, Current: -58.4259, Time: 2.59 s
Iteration 97/250: Ground Truth: -59.2113, Best: -58.7115, Current: -58.5534, Time: 2.59 s
Iteration 98/250: Ground Truth: -59.2113, Best: -58.7115, Current: -58.6018, Time: 2.60 s
  *** New best: -58.7465 eV
Iteration 99/250: Ground Truth: -59.2113, Best: -58.7465, Current: -58.7465, Time: 2.60 s
Iteration 100/250: Ground Truth: -59.2113, Best: -58.7465, Current: -58.7161, Time: 2.61 s
Iteration 101/250: Ground Truth: -59.2113, Best: -58.7465, Current: -58.7253, Time: 2.61 s
  *** New best: -58.7799 eV
Iteration 102/250: Ground Truth: -59.2113, Best: -58.7799, Current: -58.7799, Time: 2.61 s
Iteration 103/250: Ground Truth: -59.2113, Best: -58.7799, Current: -58.7109, Time: 2.61 s
Iteration 104/250: Ground Truth: -59.2113, Best: -58.7799, Current: -58.7543, Time: 2.60 s
Iteration 105/250: Ground Truth: -59.2113, Best: -58.7799, Current: -58.7453, Time: 2.60 s
  *** New best: -58.8044 eV
Iteration 106/250: Ground Truth: -59.2113, Best: -58.8044, Current: -58.8044, Time: 2.60 s
Iteration 107/250: Ground Truth: -59.2113, Best: -58.8044, Current: -58.7923, Time: 2.60 s
Iteration 108/250: Ground Truth: -59.2113, Best: -58.8044, Current: -58.7931, Time: 2.60 s
Iteration 109/250: Ground Truth: -59.2113, Best: -58.8044, Current: -58.7931, Time: 2.60 s
Iteration 110/250: Ground Truth: -59.2113, Best: -58.8044, Current: -58.7969, Time: 2.60 s
  *** New best: -58.8088 eV
Iteration 111/250: Ground Truth: -59.2113, Best: -58.8088, Current: -58.8088, Time: 2.60 s
  *** New best: -58.8171 eV
Iteration 112/250: Ground Truth: -59.2113, Best: -58.8171, Current: -58.8171, Time: 2.60 s
Iteration 113/250: Ground Truth: -59.2113, Best: -58.8171, Current: -58.8126, Time: 2.60 s
Iteration 114/250: Ground Truth: -59.2113, Best: -58.8171, Current: -58.7413, Time: 2.60 s
Iteration 115/250: Ground Truth: -59.2113, Best: -58.8171, Current: -58.7293, Time: 2.60 s
Iteration 116/250: Ground Truth: -59.2113, Best: -58.8171, Current: -58.8104, Time: 2.60 s
Iteration 117/250: Ground Truth: -59.2113, Best: -58.8171, Current: -58.7906, Time: 2.61 s
Iteration 118/250: Ground Truth: -59.2113, Best: -58.8171, Current: -58.7603, Time: 2.60 s
Iteration 119/250: Ground Truth: -59.2113, Best: -58.8171, Current: -58.7539, Time: 2.60 s
Iteration 120/250: Ground Truth: -59.2113, Best: -58.8171, Current: -58.7702, Time: 2.60 s
Iteration 121/250: Ground Truth: -59.2113, Best: -58.8171, Current: -58.7658, Time: 2.60 s
Iteration 122/250: Ground Truth: -59.2113, Best: -58.8171, Current: -58.8022, Time: 2.60 s
Iteration 123/250: Ground Truth: -59.2113, Best: -58.8171, Current: -58.3020, Time: 2.59 s
Iteration 124/250: Ground Truth: -59.2113, Best: -58.8171, Current: -58.6403, Time: 2.61 s
Iteration 125/250: Ground Truth: -59.2113, Best: -58.8171, Current: -58.6887, Time: 2.60 s
Iteration 126/250: Ground Truth: -59.2113, Best: -58.8171, Current: -58.6748, Time: 2.58 s
Iteration 127/250: Ground Truth: -59.2113, Best: -58.8171, Current: -58.0342, Time: 2.58 s
Iteration 128/250: Ground Truth: -59.2113, Best: -58.8171, Current: -58.0461, Time: 2.58 s
Iteration 129/250: Ground Truth: -59.2113, Best: -58.8171, Current: -58.0758, Time: 2.58 s
Iteration 130/250: Ground Truth: -59.2113, Best: -58.8171, Current: -58.1662, Time: 2.57 s
Iteration 131/250: Ground Truth: -59.2113, Best: -58.8171, Current: -58.0131, Time: 2.57 s
Iteration 132/250: Ground Truth: -59.2113, Best: -58.8171, Current: -58.0527, Time: 2.57 s
Iteration 133/250: Ground Truth: -59.2113, Best: -58.8171, Current: -58.2359, Time: 2.57 s
Iteration 134/250: Ground Truth: -59.2113, Best: -58.8171, Current: -58.1779, Time: 2.58 s
Iteration 135/250: Ground Truth: -59.2113, Best: -58.8171, Current: -57.9768, Time: 2.58 s
Iteration 136/250: Ground Truth: -59.2113, Best: -58.8171, Current: -58.1345, Time: 2.58 s
Iteration 137/250: Ground Truth: -59.2113, Best: -58.8171, Current: -58.0182, Time: 2.58 s
Iteration 138/250: Ground Truth: -59.2113, Best: -58.8171, Current: -58.1203, Time: 2.58 s
Iteration 139/250: Ground Truth: -59.2113, Best: -58.8171, Current: -58.1203, Time: 2.59 s
Iteration 140/250: Ground Truth: -59.2113, Best: -58.8171, Current: -58.1150, Time: 2.58 s
Iteration 141/250: Ground Truth: -59.2113, Best: -58.8171, Current: -58.2514, Time: 2.59 s
Iteration 142/250: Ground Truth: -59.2113, Best: -58.8171, Current: -58.2543, Time: 2.59 s
Iteration 143/250: Ground Truth: -59.2113, Best: -58.8171, Current: -58.2223, Time: 2.58 s
Iteration 144/250: Ground Truth: -59.2113, Best: -58.8171, Current: -58.3078, Time: 2.59 s
Iteration 145/250: Ground Truth: -59.2113, Best: -58.8171, Current: -58.3364, Time: 2.60 s
Iteration 146/250: Ground Truth: -59.2113, Best: -58.8171, Current: -58.2808, Time: 2.60 s
Iteration 147/250: Ground Truth: -59.2113, Best: -58.8171, Current: -58.4140, Time: 2.59 s
Iteration 148/250: Ground Truth: -59.2113, Best: -58.8171, Current: -58.3652, Time: 2.60 s
Iteration 149/250: Ground Truth: -59.2113, Best: -58.8171, Current: -58.3064, Time: 2.60 s
Iteration 150/250: Ground Truth: -59.2113, Best: -58.8171, Current: -58.3036, Time: 2.60 s
Iteration 151/250: Ground Truth: -59.2113, Best: -58.8171, Current: -58.3036, Time: 2.58 s
Iteration 152/250: Ground Truth: -59.2113, Best: -58.8171, Current: -58.3036, Time: 2.58 s
Iteration 153/250: Ground Truth: -59.2113, Best: -58.8171, Current: -58.2093, Time: 2.58 s
Iteration 154/250: Ground Truth: -59.2113, Best: -58.8171, Current: -58.0943, Time: 2.58 s
Iteration 155/250: Ground Truth: -59.2113, Best: -58.8171, Current: -58.2719, Time: 2.58 s
Iteration 156/250: Ground Truth: -59.2113, Best: -58.8171, Current: -58.0866, Time: 2.60 s
Iteration 157/250: Ground Truth: -59.2113, Best: -58.8171, Current: -58.2177, Time: 2.59 s
Iteration 158/250: Ground Truth: -59.2113, Best: -58.8171, Current: -58.2629, Time: 2.60 s
Iteration 159/250: Ground Truth: -59.2113, Best: -58.8171, Current: -58.1633, Time: 2.60 s
Iteration 160/250: Ground Truth: -59.2113, Best: -58.8171, Current: -58.3335, Time: 2.60 s
Iteration 161/250: Ground Truth: -59.2113, Best: -58.8171, Current: -58.2184, Time: 2.59 s
Iteration 162/250: Ground Truth: -59.2113, Best: -58.8171, Current: -58.2184, Time: 2.60 s
Iteration 163/250: Ground Truth: -59.2113, Best: -58.8171, Current: -58.3548, Time: 2.60 s
Iteration 164/250: Ground Truth: -59.2113, Best: -58.8171, Current: -58.3901, Time: 2.60 s
Iteration 165/250: Ground Truth: -59.2113, Best: -58.8171, Current: -58.3590, Time: 2.60 s
Iteration 166/250: Ground Truth: -59.2113, Best: -58.8171, Current: -58.3217, Time: 2.58 s
Iteration 167/250: Ground Truth: -59.2113, Best: -58.8171, Current: -58.3688, Time: 2.58 s
Iteration 168/250: Ground Truth: -59.2113, Best: -58.8171, Current: -58.2882, Time: 2.58 s
Iteration 169/250: Ground Truth: -59.2113, Best: -58.8171, Current: -58.4166, Time: 2.57 s
Iteration 170/250: Ground Truth: -59.2113, Best: -58.8171, Current: -58.2810, Time: 2.58 s
Iteration 171/250: Ground Truth: -59.2113, Best: -58.8171, Current: -58.3958, Time: 2.58 s
Iteration 172/250: Ground Truth: -59.2113, Best: -58.8171, Current: -58.4072, Time: 2.60 s
Iteration 173/250: Ground Truth: -59.2113, Best: -58.8171, Current: -58.3809, Time: 2.60 s
Iteration 174/250: Ground Truth: -59.2113, Best: -58.8171, Current: -58.3883, Time: 2.59 s
Iteration 175/250: Ground Truth: -59.2113, Best: -58.8171, Current: -58.5450, Time: 2.60 s
Iteration 176/250: Ground Truth: -59.2113, Best: -58.8171, Current: -58.6221, Time: 2.60 s
Iteration 177/250: Ground Truth: -59.2113, Best: -58.8171, Current: -58.4649, Time: 2.57 s
Iteration 178/250: Ground Truth: -59.2113, Best: -58.8171, Current: -58.3936, Time: 2.57 s
Iteration 179/250: Ground Truth: -59.2113, Best: -58.8171, Current: -58.6413, Time: 2.58 s
Iteration 180/250: Ground Truth: -59.2113, Best: -58.8171, Current: -58.6413, Time: 2.58 s
Iteration 181/250: Ground Truth: -59.2113, Best: -58.8171, Current: -58.6439, Time: 2.59 s
Iteration 182/250: Ground Truth: -59.2113, Best: -58.8171, Current: -58.6520, Time: 2.59 s
Iteration 183/250: Ground Truth: -59.2113, Best: -58.8171, Current: -58.6526, Time: 2.59 s
Iteration 184/250: Ground Truth: -59.2113, Best: -58.8171, Current: -58.6526, Time: 2.58 s
Iteration 185/250: Ground Truth: -59.2113, Best: -58.8171, Current: -58.5911, Time: 2.60 s
Iteration 186/250: Ground Truth: -59.2113, Best: -58.8171, Current: -58.5146, Time: 2.60 s
Iteration 187/250: Ground Truth: -59.2113, Best: -58.8171, Current: -58.5243, Time: 2.59 s
Iteration 188/250: Ground Truth: -59.2113, Best: -58.8171, Current: -58.5630, Time: 2.58 s
Iteration 189/250: Ground Truth: -59.2113, Best: -58.8171, Current: -58.5630, Time: 2.58 s
Iteration 190/250: Ground Truth: -59.2113, Best: -58.8171, Current: -58.5630, Time: 2.57 s
Iteration 191/250: Ground Truth: -59.2113, Best: -58.8171, Current: -58.1782, Time: 2.58 s
Iteration 192/250: Ground Truth: -59.2113, Best: -58.8171, Current: -58.1651, Time: 2.59 s
Iteration 193/250: Ground Truth: -59.2113, Best: -58.8171, Current: -58.2413, Time: 2.60 s
Iteration 194/250: Ground Truth: -59.2113, Best: -58.8171, Current: -58.4410, Time: 2.60 s
Iteration 195/250: Ground Truth: -59.2113, Best: -58.8171, Current: -58.4182, Time: 2.60 s
Iteration 196/250: Ground Truth: -59.2113, Best: -58.8171, Current: -58.2790, Time: 2.59 s
Iteration 197/250: Ground Truth: -59.2113, Best: -58.8171, Current: -58.2259, Time: 2.59 s
Iteration 198/250: Ground Truth: -59.2113, Best: -58.8171, Current: -58.4734, Time: 2.59 s
Iteration 199/250: Ground Truth: -59.2113, Best: -58.8171, Current: -58.4734, Time: 1.61 s
Iteration 200/250: Ground Truth: -59.2113, Best: -58.8171, Current: -58.5556, Time: 2.58 s
Iteration 201/250: Ground Truth: -59.2113, Best: -58.8171, Current: -58.4740, Time: 2.59 s
Iteration 202/250: Ground Truth: -59.2113, Best: -58.8171, Current: -58.4800, Time: 2.60 s
Iteration 203/250: Ground Truth: -59.2113, Best: -58.8171, Current: -58.4183, Time: 2.59 s
Iteration 204/250: Ground Truth: -59.2113, Best: -58.8171, Current: -58.4183, Time: 2.59 s
Iteration 205/250: Ground Truth: -59.2113, Best: -58.8171, Current: -58.5232, Time: 2.59 s
Iteration 206/250: Ground Truth: -59.2113, Best: -58.8171, Current: -58.5063, Time: 2.59 s
Iteration 207/250: Ground Truth: -59.2113, Best: -58.8171, Current: -58.5137, Time: 2.59 s
Iteration 208/250: Ground Truth: -59.2113, Best: -58.8171, Current: -58.5275, Time: 2.59 s
Iteration 209/250: Ground Truth: -59.2113, Best: -58.8171, Current: -58.4980, Time: 2.59 s
Iteration 210/250: Ground Truth: -59.2113, Best: -58.8171, Current: -58.4929, Time: 2.59 s
Iteration 211/250: Ground Truth: -59.2113, Best: -58.8171, Current: -58.5887, Time: 2.59 s
Iteration 212/250: Ground Truth: -59.2113, Best: -58.8171, Current: -58.5929, Time: 2.59 s
Iteration 213/250: Ground Truth: -59.2113, Best: -58.8171, Current: -58.5135, Time: 2.58 s
Iteration 214/250: Ground Truth: -59.2113, Best: -58.8171, Current: -58.4892, Time: 2.58 s
Iteration 215/250: Ground Truth: -59.2113, Best: -58.8171, Current: -58.5315, Time: 2.58 s
Iteration 216/250: Ground Truth: -59.2113, Best: -58.8171, Current: -58.5357, Time: 2.58 s
Iteration 217/250: Ground Truth: -59.2113, Best: -58.8171, Current: -58.6215, Time: 2.58 s
Iteration 218/250: Ground Truth: -59.2113, Best: -58.8171, Current: -58.5747, Time: 2.58 s
Iteration 219/250: Ground Truth: -59.2113, Best: -58.8171, Current: -58.6533, Time: 2.59 s
Iteration 220/250: Ground Truth: -59.2113, Best: -58.8171, Current: -58.4697, Time: 2.58 s
Iteration 221/250: Ground Truth: -59.2113, Best: -58.8171, Current: -58.5884, Time: 2.58 s
Iteration 222/250: Ground Truth: -59.2113, Best: -58.8171, Current: -58.6657, Time: 2.58 s
Iteration 223/250: Ground Truth: -59.2113, Best: -58.8171, Current: -58.6600, Time: 2.58 s
Iteration 224/250: Ground Truth: -59.2113, Best: -58.8171, Current: -58.5401, Time: 2.58 s
Iteration 225/250: Ground Truth: -59.2113, Best: -58.8171, Current: -58.6245, Time: 2.58 s
Iteration 226/250: Ground Truth: -59.2113, Best: -58.8171, Current: -58.5737, Time: 2.58 s
Iteration 227/250: Ground Truth: -59.2113, Best: -58.8171, Current: -58.5510, Time: 2.59 s
Iteration 228/250: Ground Truth: -59.2113, Best: -58.8171, Current: -58.6003, Time: 2.58 s
Iteration 229/250: Ground Truth: -59.2113, Best: -58.8171, Current: -58.5848, Time: 2.58 s
Iteration 230/250: Ground Truth: -59.2113, Best: -58.8171, Current: -58.4499, Time: 2.58 s
Iteration 231/250: Ground Truth: -59.2113, Best: -58.8171, Current: -58.3961, Time: 2.58 s
Iteration 232/250: Ground Truth: -59.2113, Best: -58.8171, Current: -58.5117, Time: 2.58 s
Iteration 233/250: Ground Truth: -59.2113, Best: -58.8171, Current: -58.6084, Time: 2.58 s
Iteration 234/250: Ground Truth: -59.2113, Best: -58.8171, Current: -58.6084, Time: 2.58 s
Iteration 235/250: Ground Truth: -59.2113, Best: -58.8171, Current: -58.6847, Time: 2.59 s
Iteration 236/250: Ground Truth: -59.2113, Best: -58.8171, Current: -58.6847, Time: 2.58 s
Iteration 237/250: Ground Truth: -59.2113, Best: -58.8171, Current: -58.6848, Time: 2.58 s
Iteration 238/250: Ground Truth: -59.2113, Best: -58.8171, Current: -58.7051, Time: 2.58 s
Iteration 239/250: Ground Truth: -59.2113, Best: -58.8171, Current: -58.7056, Time: 2.58 s
Iteration 240/250: Ground Truth: -59.2113, Best: -58.8171, Current: -58.7762, Time: 2.58 s
Iteration 241/250: Ground Truth: -59.2113, Best: -58.8171, Current: -58.8156, Time: 2.58 s
  *** New best: -58.8239 eV
Iteration 242/250: Ground Truth: -59.2113, Best: -58.8239, Current: -58.8239, Time: 2.58 s
Iteration 243/250: Ground Truth: -59.2113, Best: -58.8239, Current: -58.7082, Time: 2.58 s
Iteration 244/250: Ground Truth: -59.2113, Best: -58.8239, Current: -58.7787, Time: 2.58 s
Iteration 245/250: Ground Truth: -59.2113, Best: -58.8239, Current: -58.6044, Time: 2.58 s
Iteration 246/250: Ground Truth: -59.2113, Best: -58.8239, Current: -58.7580, Time: 2.57 s
Iteration 247/250: Ground Truth: -59.2113, Best: -58.8239, Current: -58.7997, Time: 2.58 s
Iteration 248/250: Ground Truth: -59.2113, Best: -58.8239, Current: -58.5243, Time: 2.57 s
Iteration 249/250: Ground Truth: -59.2113, Best: -58.8239, Current: -58.6816, Time: 2.57 s
Iteration 250/250: Ground Truth: -59.2113, Best: -58.8239, Current: -58.7674, Time: 2.60 s
No match for mp-23442: RMSD = 4.053, ΔE = 0.387 eV
mp-23442 match: False
Initial energy: -12.628357887268066
Iteration 1/250: Ground Truth: -12.6084, Best: -12.6284, Current: -12.6223, Time: 2.37 s
Iteration 2/250: Ground Truth: -12.6084, Best: -12.6284, Current: -12.6068, Time: 1.10 s
Iteration 3/250: Ground Truth: -12.6084, Best: -12.6284, Current: -12.6273, Time: 2.10 s
Iteration 4/250: Ground Truth: -12.6084, Best: -12.6284, Current: -12.6193, Time: 2.36 s
Iteration 5/250: Ground Truth: -12.6084, Best: -12.6284, Current: -12.6270, Time: 2.35 s
Iteration 6/250: Ground Truth: -12.6084, Best: -12.6284, Current: -12.6242, Time: 2.62 s
Iteration 7/250: Ground Truth: -12.6084, Best: -12.6284, Current: -12.6283, Time: 2.11 s
Iteration 8/250: Ground Truth: -12.6084, Best: -12.6284, Current: -12.6251, Time: 2.35 s
Iteration 9/250: Ground Truth: -12.6084, Best: -12.6284, Current: -12.6247, Time: 2.09 s
Iteration 10/250: Ground Truth: -12.6084, Best: -12.6284, Current: -12.6270, Time: 2.11 s
Iteration 11/250: Ground Truth: -12.6084, Best: -12.6284, Current: -12.6252, Time: 2.33 s
Iteration 12/250: Ground Truth: -12.6084, Best: -12.6284, Current: -12.6252, Time: 2.66 s
Iteration 13/250: Ground Truth: -12.6084, Best: -12.6284, Current: -12.2629, Time: 2.67 s
Iteration 14/250: Ground Truth: -12.6084, Best: -12.6284, Current: -12.2152, Time: 2.14 s
Iteration 15/250: Ground Truth: -12.6084, Best: -12.6284, Current: -12.2085, Time: 2.09 s
Iteration 16/250: Ground Truth: -12.6084, Best: -12.6284, Current: -12.6173, Time: 2.61 s
Iteration 17/250: Ground Truth: -12.6084, Best: -12.6284, Current: -12.6173, Time: 1.38 s
Iteration 18/250: Ground Truth: -12.6084, Best: -12.6284, Current: -12.6218, Time: 1.85 s
Iteration 19/250: Ground Truth: -12.6084, Best: -12.6284, Current: -12.6282, Time: 2.35 s
Iteration 20/250: Ground Truth: -12.6084, Best: -12.6284, Current: -12.6274, Time: 1.83 s
Iteration 21/250: Ground Truth: -12.6084, Best: -12.6284, Current: -12.6265, Time: 2.36 s
Iteration 22/250: Ground Truth: -12.6084, Best: -12.6284, Current: -12.6252, Time: 2.36 s
Iteration 23/250: Ground Truth: -12.6084, Best: -12.6284, Current: -12.6082, Time: 1.36 s
Iteration 24/250: Ground Truth: -12.6084, Best: -12.6284, Current: -12.6230, Time: 2.36 s
Iteration 25/250: Ground Truth: -12.6084, Best: -12.6284, Current: -12.6267, Time: 2.36 s
Iteration 26/250: Ground Truth: -12.6084, Best: -12.6284, Current: -12.5948, Time: 1.10 s
Iteration 27/250: Ground Truth: -12.6084, Best: -12.6284, Current: -12.6233, Time: 2.10 s
Iteration 28/250: Ground Truth: -12.6084, Best: -12.6284, Current: -12.6264, Time: 2.34 s
Iteration 29/250: Ground Truth: -12.6084, Best: -12.6284, Current: -12.6260, Time: 1.85 s
Iteration 30/250: Ground Truth: -12.6084, Best: -12.6284, Current: -12.6140, Time: 1.10 s
Iteration 31/250: Ground Truth: -12.6084, Best: -12.6284, Current: -12.6257, Time: 1.81 s
Iteration 32/250: Ground Truth: -12.6084, Best: -12.6284, Current: -12.6224, Time: 1.85 s
Iteration 33/250: Ground Truth: -12.6084, Best: -12.6284, Current: -12.6053, Time: 1.88 s
Iteration 34/250: Ground Truth: -12.6084, Best: -12.6284, Current: -12.6089, Time: 2.64 s
Iteration 35/250: Ground Truth: -12.6084, Best: -12.6284, Current: -12.6276, Time: 2.34 s
Iteration 36/250: Ground Truth: -12.6084, Best: -12.6284, Current: -12.6255, Time: 2.35 s
Iteration 37/250: Ground Truth: -12.6084, Best: -12.6284, Current: -12.6174, Time: 2.37 s
Iteration 38/250: Ground Truth: -12.6084, Best: -12.6284, Current: -12.6243, Time: 2.35 s
Iteration 39/250: Ground Truth: -12.6084, Best: -12.6284, Current: -12.6060, Time: 1.07 s
Iteration 40/250: Ground Truth: -12.6084, Best: -12.6284, Current: -12.6135, Time: 1.07 s
Iteration 41/250: Ground Truth: -12.6084, Best: -12.6284, Current: -12.6135, Time: 2.65 s
Iteration 42/250: Ground Truth: -12.6084, Best: -12.6284, Current: -12.6182, Time: 2.11 s
Iteration 43/250: Ground Truth: -12.6084, Best: -12.6284, Current: -12.6267, Time: 2.11 s
Iteration 44/250: Ground Truth: -12.6084, Best: -12.6284, Current: -12.6025, Time: 1.10 s
Iteration 45/250: Ground Truth: -12.6084, Best: -12.6284, Current: -12.6150, Time: 1.86 s
Iteration 46/250: Ground Truth: -12.6084, Best: -12.6284, Current: -12.6255, Time: 2.33 s
Iteration 47/250: Ground Truth: -12.6084, Best: -12.6284, Current: -12.6262, Time: 2.36 s
Iteration 48/250: Ground Truth: -12.6084, Best: -12.6284, Current: -12.6224, Time: 2.11 s
Iteration 49/250: Ground Truth: -12.6084, Best: -12.6284, Current: -12.6040, Time: 2.67 s
Iteration 50/250: Ground Truth: -12.6084, Best: -12.6284, Current: -12.6163, Time: 2.64 s
Iteration 51/250: Ground Truth: -12.6084, Best: -12.6284, Current: -12.6195, Time: 2.35 s
Iteration 52/250: Ground Truth: -12.6084, Best: -12.6284, Current: -12.6132, Time: 1.84 s
Iteration 53/250: Ground Truth: -12.6084, Best: -12.6284, Current: -12.6260, Time: 2.68 s
Iteration 54/250: Ground Truth: -12.6084, Best: -12.6284, Current: -12.6273, Time: 2.35 s
Iteration 55/250: Ground Truth: -12.6084, Best: -12.6284, Current: -12.6232, Time: 2.63 s
Iteration 56/250: Ground Truth: -12.6084, Best: -12.6284, Current: -12.6236, Time: 2.36 s
Iteration 57/250: Ground Truth: -12.6084, Best: -12.6284, Current: -12.6224, Time: 2.62 s
Iteration 58/250: Ground Truth: -12.6084, Best: -12.6284, Current: -12.6270, Time: 2.30 s
Iteration 59/250: Ground Truth: -12.6084, Best: -12.6284, Current: -12.6124, Time: 1.86 s
Iteration 60/250: Ground Truth: -12.6084, Best: -12.6284, Current: -12.6244, Time: 1.84 s
Iteration 61/250: Ground Truth: -12.6084, Best: -12.6284, Current: -12.6057, Time: 1.86 s
Iteration 62/250: Ground Truth: -12.6084, Best: -12.6284, Current: -12.6071, Time: 1.33 s
Iteration 63/250: Ground Truth: -12.6084, Best: -12.6284, Current: -12.6222, Time: 1.85 s
Iteration 64/250: Ground Truth: -12.6084, Best: -12.6284, Current: -12.2488, Time: 2.14 s
Iteration 65/250: Ground Truth: -12.6084, Best: -12.6284, Current: -12.2156, Time: 2.39 s
Iteration 66/250: Ground Truth: -12.6084, Best: -12.6284, Current: -12.5656, Time: 2.63 s
Iteration 67/250: Ground Truth: -12.6084, Best: -12.6284, Current: -12.6240, Time: 1.84 s
Iteration 68/250: Ground Truth: -12.6084, Best: -12.6284, Current: -12.6107, Time: 1.10 s
Iteration 69/250: Ground Truth: -12.6084, Best: -12.6284, Current: -12.6279, Time: 2.11 s
Iteration 70/250: Ground Truth: -12.6084, Best: -12.6284, Current: -12.6147, Time: 2.63 s
Iteration 71/250: Ground Truth: -12.6084, Best: -12.6284, Current: -12.6265, Time: 2.62 s
Iteration 72/250: Ground Truth: -12.6084, Best: -12.6284, Current: -12.6055, Time: 1.10 s
Iteration 73/250: Ground Truth: -12.6084, Best: -12.6284, Current: -12.6073, Time: 1.32 s
Iteration 74/250: Ground Truth: -12.6084, Best: -12.6284, Current: -12.6261, Time: 2.36 s
Iteration 75/250: Ground Truth: -12.6084, Best: -12.6284, Current: -12.6195, Time: 1.84 s
Iteration 76/250: Ground Truth: -12.6084, Best: -12.6284, Current: -12.6268, Time: 2.37 s
Iteration 77/250: Ground Truth: -12.6084, Best: -12.6284, Current: -12.6219, Time: 1.84 s
Iteration 78/250: Ground Truth: -12.6084, Best: -12.6284, Current: -12.6216, Time: 1.32 s
Iteration 79/250: Ground Truth: -12.6084, Best: -12.6284, Current: -12.5645, Time: 1.10 s
Iteration 80/250: Ground Truth: -12.6084, Best: -12.6284, Current: -12.6255, Time: 2.10 s
Iteration 81/250: Ground Truth: -12.6084, Best: -12.6284, Current: -12.6165, Time: 1.85 s
Iteration 82/250: Ground Truth: -12.6084, Best: -12.6284, Current: -12.6131, Time: 2.62 s
Iteration 83/250: Ground Truth: -12.6084, Best: -12.6284, Current: -12.6257, Time: 2.62 s
Iteration 84/250: Ground Truth: -12.6084, Best: -12.6284, Current: -12.6250, Time: 2.35 s
Iteration 85/250: Ground Truth: -12.6084, Best: -12.6284, Current: -12.6220, Time: 2.61 s
Iteration 86/250: Ground Truth: -12.6084, Best: -12.6284, Current: -12.6222, Time: 2.36 s
Iteration 87/250: Ground Truth: -12.6084, Best: -12.6284, Current: -12.6147, Time: 1.32 s
Iteration 88/250: Ground Truth: -12.6084, Best: -12.6284, Current: -12.6146, Time: 1.10 s
Iteration 89/250: Ground Truth: -12.6084, Best: -12.6284, Current: -12.6237, Time: 2.10 s
Iteration 90/250: Ground Truth: -12.6084, Best: -12.6284, Current: -12.6249, Time: 2.09 s
Iteration 91/250: Ground Truth: -12.6084, Best: -12.6284, Current: -12.6169, Time: 1.09 s
Iteration 92/250: Ground Truth: -12.6084, Best: -12.6284, Current: -12.6087, Time: 1.34 s
Iteration 93/250: Ground Truth: -12.6084, Best: -12.6284, Current: -12.6215, Time: 2.10 s
Iteration 94/250: Ground Truth: -12.6084, Best: -12.6284, Current: -12.6257, Time: 2.34 s
Iteration 95/250: Ground Truth: -12.6084, Best: -12.6284, Current: -12.6263, Time: 2.34 s
Iteration 96/250: Ground Truth: -12.6084, Best: -12.6284, Current: -12.6185, Time: 1.32 s
Iteration 97/250: Ground Truth: -12.6084, Best: -12.6284, Current: -12.5945, Time: 1.10 s
Iteration 98/250: Ground Truth: -12.6084, Best: -12.6284, Current: -12.6230, Time: 2.10 s
Iteration 99/250: Ground Truth: -12.6084, Best: -12.6284, Current: -12.6269, Time: 2.33 s
Iteration 100/250: Ground Truth: -12.6084, Best: -12.6284, Current: -12.6228, Time: 1.84 s
Iteration 101/250: Ground Truth: -12.6084, Best: -12.6284, Current: -12.6068, Time: 1.86 s
Iteration 102/250: Ground Truth: -12.6084, Best: -12.6284, Current: -12.6241, Time: 2.38 s
Iteration 103/250: Ground Truth: -12.6084, Best: -12.6284, Current: -12.6240, Time: 1.61 s
Iteration 104/250: Ground Truth: -12.6084, Best: -12.6284, Current: -12.6260, Time: 2.10 s
Iteration 105/250: Ground Truth: -12.6084, Best: -12.6284, Current: -12.5912, Time: 1.09 s
Iteration 106/250: Ground Truth: -12.6084, Best: -12.6284, Current: -12.6144, Time: 1.10 s
Iteration 107/250: Ground Truth: -12.6084, Best: -12.6284, Current: -12.6242, Time: 2.36 s
Iteration 108/250: Ground Truth: -12.6084, Best: -12.6284, Current: -12.6241, Time: 1.31 s
Iteration 109/250: Ground Truth: -12.6084, Best: -12.6284, Current: -12.6052, Time: 1.09 s
Iteration 110/250: Ground Truth: -12.6084, Best: -12.6284, Current: -12.6273, Time: 2.31 s
Iteration 111/250: Ground Truth: -12.6084, Best: -12.6284, Current: -12.6072, Time: 1.32 s
Iteration 112/250: Ground Truth: -12.6084, Best: -12.6284, Current: -12.6276, Time: 2.34 s
Iteration 113/250: Ground Truth: -12.6084, Best: -12.6284, Current: -12.6016, Time: 1.35 s
Iteration 114/250: Ground Truth: -12.6084, Best: -12.6284, Current: -12.6230, Time: 2.38 s
Iteration 115/250: Ground Truth: -12.6084, Best: -12.6284, Current: -12.6273, Time: 2.35 s
Iteration 116/250: Ground Truth: -12.6084, Best: -12.6284, Current: -12.6274, Time: 2.11 s
Iteration 117/250: Ground Truth: -12.6084, Best: -12.6284, Current: -12.6254, Time: 2.35 s
Iteration 118/250: Ground Truth: -12.6084, Best: -12.6284, Current: -12.6221, Time: 2.37 s
Iteration 119/250: Ground Truth: -12.6084, Best: -12.6284, Current: -12.6010, Time: 1.37 s
Iteration 120/250: Ground Truth: -12.6084, Best: -12.6284, Current: -12.5825, Time: 1.11 s
Iteration 121/250: Ground Truth: -12.6084, Best: -12.6284, Current: -12.6243, Time: 2.10 s
Iteration 122/250: Ground Truth: -12.6084, Best: -12.6284, Current: -12.6269, Time: 2.35 s
Iteration 123/250: Ground Truth: -12.6084, Best: -12.6284, Current: -12.6216, Time: 1.85 s
Iteration 124/250: Ground Truth: -12.6084, Best: -12.6284, Current: -12.6258, Time: 2.35 s
Iteration 125/250: Ground Truth: -12.6084, Best: -12.6284, Current: -12.6252, Time: 2.35 s
Iteration 126/250: Ground Truth: -12.6084, Best: -12.6284, Current: -12.6059, Time: 1.09 s
Iteration 127/250: Ground Truth: -12.6084, Best: -12.6284, Current: -12.6242, Time: 2.35 s
Iteration 128/250: Ground Truth: -12.6084, Best: -12.6284, Current: -12.6190, Time: 1.85 s
Iteration 129/250: Ground Truth: -12.6084, Best: -12.6284, Current: -12.6194, Time: 1.59 s
Iteration 130/250: Ground Truth: -12.6084, Best: -12.6284, Current: -12.6252, Time: 2.10 s
Iteration 131/250: Ground Truth: -12.6084, Best: -12.6284, Current: -12.6222, Time: 2.37 s
Iteration 132/250: Ground Truth: -12.6084, Best: -12.6284, Current: -12.6245, Time: 2.37 s
Iteration 133/250: Ground Truth: -12.6084, Best: -12.6284, Current: -12.6183, Time: 2.10 s
Iteration 134/250: Ground Truth: -12.6084, Best: -12.6284, Current: -12.6279, Time: 2.32 s
Iteration 135/250: Ground Truth: -12.6084, Best: -12.6284, Current: -12.6243, Time: 2.08 s
Iteration 136/250: Ground Truth: -12.6084, Best: -12.6284, Current: -12.6245, Time: 2.34 s
Iteration 137/250: Ground Truth: -12.6084, Best: -12.6284, Current: -12.6249, Time: 2.63 s
Iteration 138/250: Ground Truth: -12.6084, Best: -12.6284, Current: -12.6274, Time: 2.36 s
Iteration 139/250: Ground Truth: -12.6084, Best: -12.6284, Current: -12.6228, Time: 2.37 s
Iteration 140/250: Ground Truth: -12.6084, Best: -12.6284, Current: -12.6250, Time: 1.85 s
Iteration 141/250: Ground Truth: -12.6084, Best: -12.6284, Current: -12.6272, Time: 2.35 s
Iteration 142/250: Ground Truth: -12.6084, Best: -12.6284, Current: -12.6267, Time: 2.10 s
Iteration 143/250: Ground Truth: -12.6084, Best: -12.6284, Current: -12.6055, Time: 1.07 s
Iteration 144/250: Ground Truth: -12.6084, Best: -12.6284, Current: -12.6198, Time: 1.85 s
Iteration 145/250: Ground Truth: -12.6084, Best: -12.6284, Current: -12.6219, Time: 1.83 s
Iteration 146/250: Ground Truth: -12.6084, Best: -12.6284, Current: -12.6088, Time: 1.09 s
Iteration 147/250: Ground Truth: -12.6084, Best: -12.6284, Current: -12.5810, Time: 1.09 s
Iteration 148/250: Ground Truth: -12.6084, Best: -12.6284, Current: -12.6254, Time: 1.84 s
Iteration 149/250: Ground Truth: -12.6084, Best: -12.6284, Current: -12.5929, Time: 1.09 s
Iteration 150/250: Ground Truth: -12.6084, Best: -12.6284, Current: -12.6267, Time: 2.10 s
Iteration 151/250: Ground Truth: -12.6084, Best: -12.6284, Current: -12.6247, Time: 1.84 s
Iteration 152/250: Ground Truth: -12.6084, Best: -12.6284, Current: -12.6272, Time: 2.36 s
Iteration 153/250: Ground Truth: -12.6084, Best: -12.6284, Current: -12.6189, Time: 2.38 s
Iteration 154/250: Ground Truth: -12.6084, Best: -12.6284, Current: -12.6261, Time: 2.11 s
Iteration 155/250: Ground Truth: -12.6084, Best: -12.6284, Current: -12.6260, Time: 1.85 s
Iteration 156/250: Ground Truth: -12.6084, Best: -12.6284, Current: -12.6255, Time: 2.35 s
Iteration 157/250: Ground Truth: -12.6084, Best: -12.6284, Current: -12.6046, Time: 1.34 s
Iteration 158/250: Ground Truth: -12.6084, Best: -12.6284, Current: -12.6110, Time: 1.32 s
Iteration 159/250: Ground Truth: -12.6084, Best: -12.6284, Current: -12.6242, Time: 2.06 s
Iteration 160/250: Ground Truth: -12.6084, Best: -12.6284, Current: -12.6215, Time: 2.34 s
Iteration 161/250: Ground Truth: -12.6084, Best: -12.6284, Current: -12.6156, Time: 1.85 s
Iteration 162/250: Ground Truth: -12.6084, Best: -12.6284, Current: -12.5980, Time: 1.37 s
Iteration 163/250: Ground Truth: -12.6084, Best: -12.6284, Current: -12.5916, Time: 1.35 s
Iteration 164/250: Ground Truth: -12.6084, Best: -12.6284, Current: -12.6269, Time: 2.63 s
Iteration 165/250: Ground Truth: -12.6084, Best: -12.6284, Current: -12.6131, Time: 1.34 s
Iteration 166/250: Ground Truth: -12.6084, Best: -12.6284, Current: -12.6162, Time: 1.62 s
Iteration 167/250: Ground Truth: -12.6084, Best: -12.6284, Current: -12.6192, Time: 1.86 s
Iteration 168/250: Ground Truth: -12.6084, Best: -12.6284, Current: -12.6282, Time: 2.12 s
Iteration 169/250: Ground Truth: -12.6084, Best: -12.6284, Current: -12.6241, Time: 2.12 s
Iteration 170/250: Ground Truth: -12.6084, Best: -12.6284, Current: -12.6171, Time: 1.86 s
Iteration 171/250: Ground Truth: -12.6084, Best: -12.6284, Current: -12.6281, Time: 2.11 s
Iteration 172/250: Ground Truth: -12.6084, Best: -12.6284, Current: -12.6203, Time: 1.84 s
Iteration 173/250: Ground Truth: -12.6084, Best: -12.6284, Current: -12.6248, Time: 2.38 s
Iteration 174/250: Ground Truth: -12.6084, Best: -12.6284, Current: -12.6280, Time: 2.12 s
Iteration 175/250: Ground Truth: -12.6084, Best: -12.6284, Current: -12.6272, Time: 2.38 s
Iteration 176/250: Ground Truth: -12.6084, Best: -12.6284, Current: -12.6186, Time: 1.86 s
Iteration 177/250: Ground Truth: -12.6084, Best: -12.6284, Current: -12.6194, Time: 2.37 s
Iteration 178/250: Ground Truth: -12.6084, Best: -12.6284, Current: -12.6191, Time: 1.10 s
Iteration 179/250: Ground Truth: -12.6084, Best: -12.6284, Current: -12.6005, Time: 1.08 s
Iteration 180/250: Ground Truth: -12.6084, Best: -12.6284, Current: -12.6114, Time: 1.87 s
Iteration 181/250: Ground Truth: -12.6084, Best: -12.6284, Current: -12.6226, Time: 2.38 s
Iteration 182/250: Ground Truth: -12.6084, Best: -12.6284, Current: -12.6089, Time: 1.87 s
Iteration 183/250: Ground Truth: -12.6084, Best: -12.6284, Current: -12.6230, Time: 1.86 s
Iteration 184/250: Ground Truth: -12.6084, Best: -12.6284, Current: -12.6025, Time: 1.87 s
Iteration 185/250: Ground Truth: -12.6084, Best: -12.6284, Current: -12.6107, Time: 1.32 s
Iteration 186/250: Ground Truth: -12.6084, Best: -12.6284, Current: -12.6274, Time: 2.38 s
Iteration 187/250: Ground Truth: -12.6084, Best: -12.6284, Current: -12.5599, Time: 2.65 s
Iteration 188/250: Ground Truth: -12.6084, Best: -12.6284, Current: -12.6221, Time: 2.11 s
Iteration 189/250: Ground Truth: -12.6084, Best: -12.6284, Current: -12.6201, Time: 2.11 s
Iteration 190/250: Ground Truth: -12.6084, Best: -12.6284, Current: -12.6138, Time: 1.84 s
Iteration 191/250: Ground Truth: -12.6084, Best: -12.6284, Current: -12.6223, Time: 1.60 s
Iteration 192/250: Ground Truth: -12.6084, Best: -12.6284, Current: -12.6252, Time: 1.32 s
Iteration 193/250: Ground Truth: -12.6084, Best: -12.6284, Current: -12.6235, Time: 1.85 s
Iteration 194/250: Ground Truth: -12.6084, Best: -12.6284, Current: -12.6207, Time: 1.82 s
Iteration 195/250: Ground Truth: -12.6084, Best: -12.6284, Current: -12.6259, Time: 1.84 s
Iteration 196/250: Ground Truth: -12.6084, Best: -12.6284, Current: -12.6259, Time: 2.11 s
Iteration 197/250: Ground Truth: -12.6084, Best: -12.6284, Current: -12.6056, Time: 1.10 s
Iteration 198/250: Ground Truth: -12.6084, Best: -12.6284, Current: -12.6243, Time: 2.11 s
Iteration 199/250: Ground Truth: -12.6084, Best: -12.6284, Current: -12.6243, Time: 2.66 s
Iteration 200/250: Ground Truth: -12.6084, Best: -12.6284, Current: -12.6280, Time: 2.10 s
Iteration 201/250: Ground Truth: -12.6084, Best: -12.6284, Current: -12.6221, Time: 1.86 s
Iteration 202/250: Ground Truth: -12.6084, Best: -12.6284, Current: -12.6239, Time: 1.32 s
Iteration 203/250: Ground Truth: -12.6084, Best: -12.6284, Current: -12.6257, Time: 2.12 s
Iteration 204/250: Ground Truth: -12.6084, Best: -12.6284, Current: -12.6247, Time: 2.36 s
Iteration 205/250: Ground Truth: -12.6084, Best: -12.6284, Current: -12.6243, Time: 2.37 s
Iteration 206/250: Ground Truth: -12.6084, Best: -12.6284, Current: -12.6107, Time: 2.11 s
Iteration 207/250: Ground Truth: -12.6084, Best: -12.6284, Current: -12.6250, Time: 2.37 s
Iteration 208/250: Ground Truth: -12.6084, Best: -12.6284, Current: -12.6205, Time: 2.63 s
Iteration 209/250: Ground Truth: -12.6084, Best: -12.6284, Current: -12.6262, Time: 2.35 s
Iteration 210/250: Ground Truth: -12.6084, Best: -12.6284, Current: -12.6246, Time: 1.85 s
  *** New best: -12.6284 eV
Iteration 211/250: Ground Truth: -12.6084, Best: -12.6284, Current: -12.6284, Time: 2.12 s
Iteration 212/250: Ground Truth: -12.6084, Best: -12.6284, Current: -12.6243, Time: 2.36 s
Iteration 213/250: Ground Truth: -12.6084, Best: -12.6284, Current: -12.6233, Time: 2.35 s
Iteration 214/250: Ground Truth: -12.6084, Best: -12.6284, Current: -12.6251, Time: 2.10 s
Iteration 215/250: Ground Truth: -12.6084, Best: -12.6284, Current: -12.6242, Time: 1.84 s
Iteration 216/250: Ground Truth: -12.6084, Best: -12.6284, Current: -12.6272, Time: 2.36 s
Iteration 217/250: Ground Truth: -12.6084, Best: -12.6284, Current: -12.6234, Time: 1.86 s
Iteration 218/250: Ground Truth: -12.6084, Best: -12.6284, Current: -12.6020, Time: 1.87 s
Iteration 219/250: Ground Truth: -12.6084, Best: -12.6284, Current: -12.6273, Time: 2.35 s
Iteration 220/250: Ground Truth: -12.6084, Best: -12.6284, Current: -12.6235, Time: 2.12 s
Iteration 221/250: Ground Truth: -12.6084, Best: -12.6284, Current: -12.6279, Time: 2.09 s
Iteration 222/250: Ground Truth: -12.6084, Best: -12.6284, Current: -12.6223, Time: 1.32 s
Iteration 223/250: Ground Truth: -12.6084, Best: -12.6284, Current: -12.6167, Time: 2.12 s
Iteration 224/250: Ground Truth: -12.6084, Best: -12.6284, Current: -12.6047, Time: 1.11 s
Iteration 225/250: Ground Truth: -12.6084, Best: -12.6284, Current: -12.6252, Time: 2.37 s
Iteration 226/250: Ground Truth: -12.6084, Best: -12.6284, Current: -12.6249, Time: 2.38 s
Iteration 227/250: Ground Truth: -12.6084, Best: -12.6284, Current: -12.6283, Time: 2.34 s
Iteration 228/250: Ground Truth: -12.6084, Best: -12.6284, Current: -12.6043, Time: 1.86 s
Iteration 229/250: Ground Truth: -12.6084, Best: -12.6284, Current: -12.6110, Time: 1.32 s
Iteration 230/250: Ground Truth: -12.6084, Best: -12.6284, Current: -12.5901, Time: 1.08 s
Iteration 231/250: Ground Truth: -12.6084, Best: -12.6284, Current: -12.6104, Time: 1.34 s
Iteration 232/250: Ground Truth: -12.6084, Best: -12.6284, Current: -12.6222, Time: 2.38 s
Iteration 233/250: Ground Truth: -12.6084, Best: -12.6284, Current: -12.6233, Time: 2.11 s
Iteration 234/250: Ground Truth: -12.6084, Best: -12.6284, Current: -12.6173, Time: 2.13 s
Iteration 235/250: Ground Truth: -12.6084, Best: -12.6284, Current: -12.6002, Time: 1.37 s
Iteration 236/250: Ground Truth: -12.6084, Best: -12.6284, Current: -12.6192, Time: 1.32 s
Iteration 237/250: Ground Truth: -12.6084, Best: -12.6284, Current: -12.6220, Time: 2.36 s
Iteration 238/250: Ground Truth: -12.6084, Best: -12.6284, Current: -12.6278, Time: 2.39 s
Iteration 239/250: Ground Truth: -12.6084, Best: -12.6284, Current: -12.6264, Time: 2.38 s
Iteration 240/250: Ground Truth: -12.6084, Best: -12.6284, Current: -12.6076, Time: 1.10 s
Iteration 241/250: Ground Truth: -12.6084, Best: -12.6284, Current: -12.6269, Time: 2.11 s
Iteration 242/250: Ground Truth: -12.6084, Best: -12.6284, Current: -12.6112, Time: 1.88 s
Iteration 243/250: Ground Truth: -12.6084, Best: -12.6284, Current: -12.6182, Time: 2.12 s
Iteration 244/250: Ground Truth: -12.6084, Best: -12.6284, Current: -12.6144, Time: 1.85 s
Iteration 245/250: Ground Truth: -12.6084, Best: -12.6284, Current: -12.6261, Time: 2.12 s
Iteration 246/250: Ground Truth: -12.6084, Best: -12.6284, Current: -12.6230, Time: 2.10 s
Iteration 247/250: Ground Truth: -12.6084, Best: -12.6284, Current: -12.5638, Time: 1.12 s
Iteration 248/250: Ground Truth: -12.6084, Best: -12.6284, Current: -12.5964, Time: 1.11 s
Iteration 249/250: Ground Truth: -12.6084, Best: -12.6284, Current: -12.6265, Time: 2.09 s
Iteration 250/250: Ground Truth: -12.6084, Best: -12.6284, Current: -12.6229, Time: 1.86 s
Matched for mp-2415: RMSD = 0.004, ΔE = 0.020 eV
mp-2415 match: True
Initial energy: -34.91834259033203
Iteration 1/250: Ground Truth: -34.9186, Best: -34.9183, Current: -34.9172, Time: 2.10 s
Iteration 2/250: Ground Truth: -34.9186, Best: -34.9183, Current: -34.9135, Time: 1.60 s
Iteration 3/250: Ground Truth: -34.9186, Best: -34.9183, Current: -33.0788, Time: 2.67 s
Iteration 4/250: Ground Truth: -34.9186, Best: -34.9183, Current: -33.0792, Time: 2.60 s
Iteration 5/250: Ground Truth: -34.9186, Best: -34.9183, Current: -33.0762, Time: 1.85 s
Iteration 6/250: Ground Truth: -34.9186, Best: -34.9183, Current: -33.0783, Time: 2.36 s
Iteration 7/250: Ground Truth: -34.9186, Best: -34.9183, Current: -33.0403, Time: 1.86 s
Iteration 8/250: Ground Truth: -34.9186, Best: -34.9183, Current: -32.8637, Time: 1.13 s
Iteration 9/250: Ground Truth: -34.9186, Best: -34.9183, Current: -33.0473, Time: 2.64 s
Iteration 10/250: Ground Truth: -34.9186, Best: -34.9183, Current: -33.0388, Time: 2.10 s
Iteration 11/250: Ground Truth: -34.9186, Best: -34.9183, Current: -33.0465, Time: 2.36 s
Iteration 12/250: Ground Truth: -34.9186, Best: -34.9183, Current: -33.0329, Time: 2.09 s
Iteration 13/250: Ground Truth: -34.9186, Best: -34.9183, Current: -33.6515, Time: 2.65 s
Iteration 14/250: Ground Truth: -34.9186, Best: -34.9183, Current: -33.6329, Time: 1.88 s
Iteration 15/250: Ground Truth: -34.9186, Best: -34.9183, Current: -33.6520, Time: 2.13 s
Iteration 16/250: Ground Truth: -34.9186, Best: -34.9183, Current: -33.6564, Time: 2.35 s
Iteration 17/250: Ground Truth: -34.9186, Best: -34.9183, Current: -33.6473, Time: 1.85 s
Iteration 18/250: Ground Truth: -34.9186, Best: -34.9183, Current: -34.1275, Time: 2.69 s
Iteration 19/250: Ground Truth: -34.9186, Best: -34.9183, Current: -34.1275, Time: 2.67 s
Iteration 20/250: Ground Truth: -34.9186, Best: -34.9183, Current: -34.1828, Time: 1.38 s
Iteration 21/250: Ground Truth: -34.9186, Best: -34.9183, Current: -34.1862, Time: 1.86 s
Iteration 22/250: Ground Truth: -34.9186, Best: -34.9183, Current: -34.1783, Time: 1.11 s
Iteration 23/250: Ground Truth: -34.9186, Best: -34.9183, Current: -34.1308, Time: 2.68 s
Iteration 24/250: Ground Truth: -34.9186, Best: -34.9183, Current: -34.1897, Time: 1.91 s
Iteration 25/250: Ground Truth: -34.9186, Best: -34.9183, Current: -34.1905, Time: 2.62 s
Iteration 26/250: Ground Truth: -34.9186, Best: -34.9183, Current: -34.1797, Time: 2.11 s
Iteration 27/250: Ground Truth: -34.9186, Best: -34.9183, Current: -34.1783, Time: 1.61 s
Iteration 28/250: Ground Truth: -34.9186, Best: -34.9183, Current: -34.1879, Time: 1.86 s
Iteration 29/250: Ground Truth: -34.9186, Best: -34.9183, Current: -34.1751, Time: 1.86 s
Iteration 30/250: Ground Truth: -34.9186, Best: -34.9183, Current: -34.1790, Time: 1.61 s
Iteration 31/250: Ground Truth: -34.9186, Best: -34.9183, Current: -34.1543, Time: 1.11 s
Iteration 32/250: Ground Truth: -34.9186, Best: -34.9183, Current: -34.1839, Time: 2.35 s
Iteration 33/250: Ground Truth: -34.9186, Best: -34.9183, Current: -34.1719, Time: 1.86 s
Iteration 34/250: Ground Truth: -34.9186, Best: -34.9183, Current: -34.1679, Time: 1.11 s
Iteration 35/250: Ground Truth: -34.9186, Best: -34.9183, Current: -34.1777, Time: 1.86 s
Iteration 36/250: Ground Truth: -34.9186, Best: -34.9183, Current: -34.1762, Time: 1.61 s
Iteration 37/250: Ground Truth: -34.9186, Best: -34.9183, Current: -34.1851, Time: 2.13 s
Iteration 38/250: Ground Truth: -34.9186, Best: -34.9183, Current: -34.1833, Time: 1.86 s
Iteration 39/250: Ground Truth: -34.9186, Best: -34.9183, Current: -34.1853, Time: 1.86 s
Iteration 40/250: Ground Truth: -34.9186, Best: -34.9183, Current: -34.1883, Time: 2.65 s
Iteration 41/250: Ground Truth: -34.9186, Best: -34.9183, Current: -34.1764, Time: 1.86 s
Iteration 42/250: Ground Truth: -34.9186, Best: -34.9183, Current: -34.1877, Time: 2.60 s
Iteration 43/250: Ground Truth: -34.9186, Best: -34.9183, Current: -34.1707, Time: 1.61 s
Iteration 44/250: Ground Truth: -34.9186, Best: -34.9183, Current: -33.3377, Time: 2.68 s
Iteration 45/250: Ground Truth: -34.9186, Best: -34.9183, Current: -33.6507, Time: 2.64 s
Iteration 46/250: Ground Truth: -34.9186, Best: -34.9183, Current: -33.6387, Time: 1.91 s
Iteration 47/250: Ground Truth: -34.9186, Best: -34.9183, Current: -33.6387, Time: 2.61 s
Iteration 48/250: Ground Truth: -34.9186, Best: -34.9183, Current: -33.0460, Time: 2.13 s
Iteration 49/250: Ground Truth: -34.9186, Best: -34.9183, Current: -33.5174, Time: 2.66 s
Iteration 50/250: Ground Truth: -34.9186, Best: -34.9183, Current: -32.6443, Time: 2.68 s
Iteration 51/250: Ground Truth: -34.9186, Best: -34.9183, Current: -33.6409, Time: 2.66 s
Iteration 52/250: Ground Truth: -34.9186, Best: -34.9183, Current: -33.6423, Time: 2.37 s
Iteration 53/250: Ground Truth: -34.9186, Best: -34.9183, Current: -33.6361, Time: 2.67 s
Iteration 54/250: Ground Truth: -34.9186, Best: -34.9183, Current: -33.6398, Time: 1.86 s
Iteration 55/250: Ground Truth: -34.9186, Best: -34.9183, Current: -33.6413, Time: 2.63 s
Iteration 56/250: Ground Truth: -34.9186, Best: -34.9183, Current: -33.6410, Time: 2.11 s
Iteration 57/250: Ground Truth: -34.9186, Best: -34.9183, Current: -33.6353, Time: 2.61 s
Iteration 58/250: Ground Truth: -34.9186, Best: -34.9183, Current: -33.6353, Time: 2.67 s
Iteration 59/250: Ground Truth: -34.9186, Best: -34.9183, Current: -33.6353, Time: 1.90 s
Iteration 60/250: Ground Truth: -34.9186, Best: -34.9183, Current: -33.6384, Time: 2.61 s
Iteration 61/250: Ground Truth: -34.9186, Best: -34.9183, Current: -33.6436, Time: 2.61 s
Iteration 62/250: Ground Truth: -34.9186, Best: -34.9183, Current: -32.9918, Time: 1.92 s
Iteration 63/250: Ground Truth: -34.9186, Best: -34.9183, Current: -33.6434, Time: 2.17 s
Iteration 64/250: Ground Truth: -34.9186, Best: -34.9183, Current: -33.6428, Time: 2.11 s
Iteration 65/250: Ground Truth: -34.9186, Best: -34.9183, Current: -33.5791, Time: 2.67 s
Iteration 66/250: Ground Truth: -34.9186, Best: -34.9183, Current: -33.6151, Time: 1.12 s
Iteration 67/250: Ground Truth: -34.9186, Best: -34.9183, Current: -33.6282, Time: 1.87 s
Iteration 68/250: Ground Truth: -34.9186, Best: -34.9183, Current: -33.6275, Time: 1.87 s
Iteration 69/250: Ground Truth: -34.9186, Best: -34.9183, Current: -33.6551, Time: 2.11 s
Iteration 70/250: Ground Truth: -34.9186, Best: -34.9183, Current: -33.6309, Time: 2.37 s
Iteration 71/250: Ground Truth: -34.9186, Best: -34.9183, Current: -33.6337, Time: 1.61 s
Iteration 72/250: Ground Truth: -34.9186, Best: -34.9183, Current: -33.6239, Time: 2.12 s
Iteration 73/250: Ground Truth: -34.9186, Best: -34.9183, Current: -33.6353, Time: 2.13 s
Iteration 74/250: Ground Truth: -34.9186, Best: -34.9183, Current: -33.6281, Time: 2.14 s
Iteration 75/250: Ground Truth: -34.9186, Best: -34.9183, Current: -33.6433, Time: 2.37 s
Iteration 76/250: Ground Truth: -34.9186, Best: -34.9183, Current: -33.6426, Time: 2.36 s
Iteration 77/250: Ground Truth: -34.9186, Best: -34.9183, Current: -33.6223, Time: 1.12 s
Iteration 78/250: Ground Truth: -34.9186, Best: -34.9183, Current: -33.6276, Time: 2.14 s
Iteration 79/250: Ground Truth: -34.9186, Best: -34.9183, Current: -33.6221, Time: 2.17 s
Iteration 80/250: Ground Truth: -34.9186, Best: -34.9183, Current: -33.6525, Time: 1.86 s
Iteration 81/250: Ground Truth: -34.9186, Best: -34.9183, Current: -33.6318, Time: 1.87 s
Iteration 82/250: Ground Truth: -34.9186, Best: -34.9183, Current: -33.6312, Time: 2.36 s
Iteration 83/250: Ground Truth: -34.9186, Best: -34.9183, Current: -33.6272, Time: 2.12 s
Iteration 84/250: Ground Truth: -34.9186, Best: -34.9183, Current: -33.6070, Time: 1.64 s
Iteration 85/250: Ground Truth: -34.9186, Best: -34.9183, Current: -33.6364, Time: 1.89 s
Iteration 86/250: Ground Truth: -34.9186, Best: -34.9183, Current: -33.6576, Time: 2.61 s
Iteration 87/250: Ground Truth: -34.9186, Best: -34.9183, Current: -33.6567, Time: 2.36 s
Iteration 88/250: Ground Truth: -34.9186, Best: -34.9183, Current: -33.6460, Time: 2.14 s
Iteration 89/250: Ground Truth: -34.9186, Best: -34.9183, Current: -33.6393, Time: 1.87 s
Iteration 90/250: Ground Truth: -34.9186, Best: -34.9183, Current: -33.6393, Time: 1.91 s
Iteration 91/250: Ground Truth: -34.9186, Best: -34.9183, Current: -33.6551, Time: 2.12 s
Iteration 92/250: Ground Truth: -34.9186, Best: -34.9183, Current: -33.6332, Time: 2.65 s
Iteration 93/250: Ground Truth: -34.9186, Best: -34.9183, Current: -33.6367, Time: 1.88 s
Iteration 94/250: Ground Truth: -34.9186, Best: -34.9183, Current: -33.6337, Time: 2.13 s
Iteration 95/250: Ground Truth: -34.9186, Best: -34.9183, Current: -33.6337, Time: 2.61 s
Iteration 96/250: Ground Truth: -34.9186, Best: -34.9183, Current: -33.6409, Time: 2.36 s
Iteration 97/250: Ground Truth: -34.9186, Best: -34.9183, Current: -33.6148, Time: 1.12 s
Iteration 98/250: Ground Truth: -34.9186, Best: -34.9183, Current: -33.6418, Time: 1.86 s
Iteration 99/250: Ground Truth: -34.9186, Best: -34.9183, Current: -33.6363, Time: 2.11 s
Iteration 100/250: Ground Truth: -34.9186, Best: -34.9183, Current: -33.4729, Time: 2.67 s
Iteration 101/250: Ground Truth: -34.9186, Best: -34.9183, Current: -33.6185, Time: 2.68 s
Iteration 102/250: Ground Truth: -34.9186, Best: -34.9183, Current: -33.6364, Time: 2.11 s
Iteration 103/250: Ground Truth: -34.9186, Best: -34.9183, Current: -33.6046, Time: 1.12 s
Iteration 104/250: Ground Truth: -34.9186, Best: -34.9183, Current: -33.6374, Time: 2.65 s
Iteration 105/250: Ground Truth: -34.9186, Best: -34.9183, Current: -33.6264, Time: 1.87 s
Iteration 106/250: Ground Truth: -34.9186, Best: -34.9183, Current: -33.6406, Time: 2.61 s
Iteration 107/250: Ground Truth: -34.9186, Best: -34.9183, Current: -33.6042, Time: 2.65 s
Iteration 108/250: Ground Truth: -34.9186, Best: -34.9183, Current: -33.4559, Time: 2.67 s
Iteration 109/250: Ground Truth: -34.9186, Best: -34.9183, Current: -33.5135, Time: 2.19 s
Iteration 110/250: Ground Truth: -34.9186, Best: -34.9183, Current: -33.5232, Time: 2.68 s
Iteration 111/250: Ground Truth: -34.9186, Best: -34.9183, Current: -33.5442, Time: 2.61 s
Iteration 112/250: Ground Truth: -34.9186, Best: -34.9183, Current: -33.5079, Time: 1.12 s
Iteration 113/250: Ground Truth: -34.9186, Best: -34.9183, Current: -33.5287, Time: 1.86 s
Iteration 114/250: Ground Truth: -34.9186, Best: -34.9183, Current: -33.5473, Time: 2.37 s
Iteration 115/250: Ground Truth: -34.9186, Best: -34.9183, Current: -33.5271, Time: 1.12 s
Iteration 116/250: Ground Truth: -34.9186, Best: -34.9183, Current: -33.5271, Time: 2.67 s
Iteration 117/250: Ground Truth: -34.9186, Best: -34.9183, Current: -33.4610, Time: 1.92 s
Iteration 118/250: Ground Truth: -34.9186, Best: -34.9183, Current: -33.5400, Time: 2.62 s
Iteration 119/250: Ground Truth: -34.9186, Best: -34.9183, Current: -33.5217, Time: 2.69 s
Iteration 120/250: Ground Truth: -34.9186, Best: -34.9183, Current: -33.5486, Time: 2.43 s
Iteration 121/250: Ground Truth: -34.9186, Best: -34.9183, Current: -33.1596, Time: 2.67 s
Iteration 122/250: Ground Truth: -34.9186, Best: -34.9183, Current: -34.1705, Time: 2.69 s
Iteration 123/250: Ground Truth: -34.9186, Best: -34.9183, Current: -34.1576, Time: 1.12 s
Iteration 124/250: Ground Truth: -34.9186, Best: -34.9183, Current: -34.1646, Time: 1.12 s
Iteration 125/250: Ground Truth: -34.9186, Best: -34.9183, Current: -34.1862, Time: 2.11 s
Iteration 126/250: Ground Truth: -34.9186, Best: -34.9183, Current: -34.1871, Time: 1.87 s
Iteration 127/250: Ground Truth: -34.9186, Best: -34.9183, Current: -34.1617, Time: 1.86 s
Iteration 128/250: Ground Truth: -34.9186, Best: -34.9183, Current: -34.1876, Time: 2.12 s
Iteration 129/250: Ground Truth: -34.9186, Best: -34.9183, Current: -34.1876, Time: 1.86 s
Iteration 130/250: Ground Truth: -34.9186, Best: -34.9183, Current: -34.1868, Time: 1.86 s
Iteration 131/250: Ground Truth: -34.9186, Best: -34.9183, Current: -32.9789, Time: 1.88 s
Iteration 132/250: Ground Truth: -34.9186, Best: -34.9183, Current: -34.1864, Time: 2.74 s
Iteration 133/250: Ground Truth: -34.9186, Best: -34.9183, Current: -33.9364, Time: 2.72 s
Iteration 134/250: Ground Truth: -34.9186, Best: -34.9183, Current: -34.1847, Time: 2.68 s
Iteration 135/250: Ground Truth: -34.9186, Best: -34.9183, Current: -33.5092, Time: 2.66 s
Iteration 136/250: Ground Truth: -34.9186, Best: -34.9183, Current: -33.5489, Time: 2.68 s
Iteration 137/250: Ground Truth: -34.9186, Best: -34.9183, Current: -33.4645, Time: 2.12 s
Iteration 138/250: Ground Truth: -34.9186, Best: -34.9183, Current: -34.1720, Time: 2.69 s
Iteration 139/250: Ground Truth: -34.9186, Best: -34.9183, Current: -34.1634, Time: 1.12 s
Iteration 140/250: Ground Truth: -34.9186, Best: -34.9183, Current: -34.1777, Time: 1.86 s
Iteration 141/250: Ground Truth: -34.9186, Best: -34.9183, Current: -34.1782, Time: 1.61 s
Iteration 142/250: Ground Truth: -34.9186, Best: -34.9183, Current: -34.1892, Time: 2.63 s
Iteration 143/250: Ground Truth: -34.9186, Best: -34.9183, Current: -34.1795, Time: 2.12 s
Iteration 144/250: Ground Truth: -34.9186, Best: -34.9183, Current: -34.1826, Time: 1.89 s
Iteration 145/250: Ground Truth: -34.9186, Best: -34.9183, Current: -34.1751, Time: 1.89 s
Iteration 146/250: Ground Truth: -34.9186, Best: -34.9183, Current: -34.1824, Time: 1.87 s
Iteration 147/250: Ground Truth: -34.9186, Best: -34.9183, Current: -34.1843, Time: 1.86 s
Iteration 148/250: Ground Truth: -34.9186, Best: -34.9183, Current: -34.1467, Time: 1.12 s
Iteration 149/250: Ground Truth: -34.9186, Best: -34.9183, Current: -34.1832, Time: 2.66 s
Iteration 150/250: Ground Truth: -34.9186, Best: -34.9183, Current: -34.1570, Time: 1.87 s
Iteration 151/250: Ground Truth: -34.9186, Best: -34.9183, Current: -34.1784, Time: 1.86 s
Iteration 152/250: Ground Truth: -34.9186, Best: -34.9183, Current: -34.1836, Time: 2.43 s
Iteration 153/250: Ground Truth: -34.9186, Best: -34.9183, Current: -34.1890, Time: 2.64 s
Iteration 154/250: Ground Truth: -34.9186, Best: -34.9183, Current: -34.1775, Time: 2.65 s
Iteration 155/250: Ground Truth: -34.9186, Best: -34.9183, Current: -34.1843, Time: 1.86 s
Iteration 156/250: Ground Truth: -34.9186, Best: -34.9183, Current: -34.1659, Time: 1.86 s
Iteration 157/250: Ground Truth: -34.9186, Best: -34.9183, Current: -34.1865, Time: 1.86 s
Iteration 158/250: Ground Truth: -34.9186, Best: -34.9183, Current: -34.1801, Time: 2.11 s
Iteration 159/250: Ground Truth: -34.9186, Best: -34.9183, Current: -34.1610, Time: 1.90 s
Iteration 160/250: Ground Truth: -34.9186, Best: -34.9183, Current: -34.1610, Time: 2.17 s
Iteration 161/250: Ground Truth: -34.9186, Best: -34.9183, Current: -34.1610, Time: 2.17 s
Iteration 162/250: Ground Truth: -34.9186, Best: -34.9183, Current: -34.1757, Time: 2.15 s
Iteration 163/250: Ground Truth: -34.9186, Best: -34.9183, Current: -34.1832, Time: 1.86 s
Iteration 164/250: Ground Truth: -34.9186, Best: -34.9183, Current: -34.1895, Time: 1.86 s
Iteration 165/250: Ground Truth: -34.9186, Best: -34.9183, Current: -34.1824, Time: 2.64 s
Iteration 166/250: Ground Truth: -34.9186, Best: -34.9183, Current: -34.1873, Time: 1.86 s
Iteration 167/250: Ground Truth: -34.9186, Best: -34.9183, Current: -34.1881, Time: 1.86 s
Iteration 168/250: Ground Truth: -34.9186, Best: -34.9183, Current: -34.1770, Time: 2.68 s
Iteration 169/250: Ground Truth: -34.9186, Best: -34.9183, Current: -34.1878, Time: 2.14 s
Iteration 170/250: Ground Truth: -34.9186, Best: -34.9183, Current: -34.1487, Time: 1.12 s
Iteration 171/250: Ground Truth: -34.9186, Best: -34.9183, Current: -34.1001, Time: 2.66 s
Iteration 172/250: Ground Truth: -34.9186, Best: -34.9183, Current: -34.1001, Time: 2.44 s
Iteration 173/250: Ground Truth: -34.9186, Best: -34.9183, Current: -33.3627, Time: 2.69 s
Iteration 174/250: Ground Truth: -34.9186, Best: -34.9183, Current: -34.1279, Time: 2.65 s
Iteration 175/250: Ground Truth: -34.9186, Best: -34.9183, Current: -34.1795, Time: 2.62 s
Iteration 176/250: Ground Truth: -34.9186, Best: -34.9183, Current: -34.1766, Time: 1.87 s
Iteration 177/250: Ground Truth: -34.9186, Best: -34.9183, Current: -34.1865, Time: 2.11 s
Iteration 178/250: Ground Truth: -34.9186, Best: -34.9183, Current: -34.1853, Time: 2.10 s
Iteration 179/250: Ground Truth: -34.9186, Best: -34.9183, Current: -34.1853, Time: 2.68 s
Iteration 180/250: Ground Truth: -34.9186, Best: -34.9183, Current: -34.1861, Time: 1.86 s
Iteration 181/250: Ground Truth: -34.9186, Best: -34.9183, Current: -34.1889, Time: 1.91 s
Iteration 182/250: Ground Truth: -34.9186, Best: -34.9183, Current: -34.1826, Time: 2.37 s
Iteration 183/250: Ground Truth: -34.9186, Best: -34.9183, Current: -34.1854, Time: 2.38 s
Iteration 184/250: Ground Truth: -34.9186, Best: -34.9183, Current: -34.1681, Time: 1.86 s
Iteration 185/250: Ground Truth: -34.9186, Best: -34.9183, Current: -34.1869, Time: 2.42 s
Iteration 186/250: Ground Truth: -34.9186, Best: -34.9183, Current: -34.1875, Time: 1.86 s
Iteration 187/250: Ground Truth: -34.9186, Best: -34.9183, Current: -34.1614, Time: 1.39 s
Iteration 188/250: Ground Truth: -34.9186, Best: -34.9183, Current: -34.1813, Time: 2.64 s
Iteration 189/250: Ground Truth: -34.9186, Best: -34.9183, Current: -34.1813, Time: 2.65 s
Iteration 190/250: Ground Truth: -34.9186, Best: -34.9183, Current: -34.1888, Time: 2.61 s
Iteration 191/250: Ground Truth: -34.9186, Best: -34.9183, Current: -34.1873, Time: 1.85 s
Iteration 192/250: Ground Truth: -34.9186, Best: -34.9183, Current: -34.1842, Time: 1.86 s
Iteration 193/250: Ground Truth: -34.9186, Best: -34.9183, Current: -34.1868, Time: 1.87 s
Iteration 194/250: Ground Truth: -34.9186, Best: -34.9183, Current: -34.1865, Time: 2.13 s
Iteration 195/250: Ground Truth: -34.9186, Best: -34.9183, Current: -34.1752, Time: 2.65 s
Iteration 196/250: Ground Truth: -34.9186, Best: -34.9183, Current: -34.1807, Time: 1.89 s
Iteration 197/250: Ground Truth: -34.9186, Best: -34.9183, Current: -34.1874, Time: 2.65 s
Iteration 198/250: Ground Truth: -34.9186, Best: -34.9183, Current: -34.1765, Time: 1.86 s
Iteration 199/250: Ground Truth: -34.9186, Best: -34.9183, Current: -34.1846, Time: 1.86 s
Iteration 200/250: Ground Truth: -34.9186, Best: -34.9183, Current: -34.1884, Time: 1.86 s
Iteration 201/250: Ground Truth: -34.9186, Best: -34.9183, Current: -34.1847, Time: 1.87 s
Iteration 202/250: Ground Truth: -34.9186, Best: -34.9183, Current: -34.1384, Time: 1.39 s
Iteration 203/250: Ground Truth: -34.9186, Best: -34.9183, Current: -34.1837, Time: 2.36 s
Iteration 204/250: Ground Truth: -34.9186, Best: -34.9183, Current: -34.1826, Time: 2.61 s
Iteration 205/250: Ground Truth: -34.9186, Best: -34.9183, Current: -34.1826, Time: 2.69 s
Iteration 206/250: Ground Truth: -34.9186, Best: -34.9183, Current: -33.9717, Time: 2.65 s
Iteration 207/250: Ground Truth: -34.9186, Best: -34.9183, Current: -34.1829, Time: 2.61 s
Iteration 208/250: Ground Truth: -34.9186, Best: -34.9183, Current: -34.1838, Time: 2.62 s
Iteration 209/250: Ground Truth: -34.9186, Best: -34.9183, Current: -32.9309, Time: 2.64 s
Iteration 210/250: Ground Truth: -34.9186, Best: -34.9183, Current: -33.0078, Time: 2.16 s
Iteration 211/250: Ground Truth: -34.9186, Best: -34.9183, Current: -32.7791, Time: 2.65 s
Iteration 212/250: Ground Truth: -34.9186, Best: -34.9183, Current: -32.7668, Time: 1.62 s
Iteration 213/250: Ground Truth: -34.9186, Best: -34.9183, Current: -32.7671, Time: 2.64 s
Iteration 214/250: Ground Truth: -34.9186, Best: -34.9183, Current: -33.1823, Time: 2.66 s
Iteration 215/250: Ground Truth: -34.9186, Best: -34.9183, Current: -33.4753, Time: 2.66 s
Iteration 216/250: Ground Truth: -34.9186, Best: -34.9183, Current: -32.5726, Time: 2.66 s
Iteration 217/250: Ground Truth: -34.9186, Best: -34.9183, Current: -32.5615, Time: 1.61 s
Iteration 218/250: Ground Truth: -34.9186, Best: -34.9183, Current: -32.5673, Time: 2.61 s
Iteration 219/250: Ground Truth: -34.9186, Best: -34.9183, Current: -33.0204, Time: 2.67 s
Iteration 220/250: Ground Truth: -34.9186, Best: -34.9183, Current: -32.7811, Time: 2.68 s
Iteration 221/250: Ground Truth: -34.9186, Best: -34.9183, Current: -32.8043, Time: 1.86 s
Iteration 222/250: Ground Truth: -34.9186, Best: -34.9183, Current: -32.9314, Time: 2.67 s
Iteration 223/250: Ground Truth: -34.9186, Best: -34.9183, Current: -34.1759, Time: 2.68 s
Iteration 224/250: Ground Truth: -34.9186, Best: -34.9183, Current: -34.1791, Time: 1.87 s
Iteration 225/250: Ground Truth: -34.9186, Best: -34.9183, Current: -34.1890, Time: 1.87 s
Iteration 226/250: Ground Truth: -34.9186, Best: -34.9183, Current: -34.1850, Time: 2.16 s
Iteration 227/250: Ground Truth: -34.9186, Best: -34.9183, Current: -34.1761, Time: 1.86 s
Iteration 228/250: Ground Truth: -34.9186, Best: -34.9183, Current: -34.1858, Time: 2.11 s
Iteration 229/250: Ground Truth: -34.9186, Best: -34.9183, Current: -34.1823, Time: 1.62 s
Iteration 230/250: Ground Truth: -34.9186, Best: -34.9183, Current: -34.1764, Time: 2.11 s
Iteration 231/250: Ground Truth: -34.9186, Best: -34.9183, Current: -34.1751, Time: 2.66 s
Iteration 232/250: Ground Truth: -34.9186, Best: -34.9183, Current: -34.1824, Time: 1.88 s
Iteration 233/250: Ground Truth: -34.9186, Best: -34.9183, Current: -34.1839, Time: 2.12 s
Iteration 234/250: Ground Truth: -34.9186, Best: -34.9183, Current: -34.1562, Time: 1.11 s
Iteration 235/250: Ground Truth: -34.9186, Best: -34.9183, Current: -34.1879, Time: 1.86 s
Iteration 236/250: Ground Truth: -34.9186, Best: -34.9183, Current: -34.1781, Time: 1.88 s
Iteration 237/250: Ground Truth: -34.9186, Best: -34.9183, Current: -34.1781, Time: 2.65 s
Iteration 238/250: Ground Truth: -34.9186, Best: -34.9183, Current: -34.1652, Time: 2.65 s
Iteration 239/250: Ground Truth: -34.9186, Best: -34.9183, Current: -34.1798, Time: 2.62 s
Iteration 240/250: Ground Truth: -34.9186, Best: -34.9183, Current: -34.1790, Time: 1.86 s
Iteration 241/250: Ground Truth: -34.9186, Best: -34.9183, Current: -34.1843, Time: 2.62 s
Iteration 242/250: Ground Truth: -34.9186, Best: -34.9183, Current: -34.1889, Time: 1.86 s
Iteration 243/250: Ground Truth: -34.9186, Best: -34.9183, Current: -33.9325, Time: 2.42 s
Iteration 244/250: Ground Truth: -34.9186, Best: -34.9183, Current: -33.9221, Time: 1.39 s
Iteration 245/250: Ground Truth: -34.9186, Best: -34.9183, Current: -33.9368, Time: 2.67 s
Iteration 246/250: Ground Truth: -34.9186, Best: -34.9183, Current: -33.9194, Time: 1.39 s
Iteration 247/250: Ground Truth: -34.9186, Best: -34.9183, Current: -33.9315, Time: 2.68 s
Iteration 248/250: Ground Truth: -34.9186, Best: -34.9183, Current: -33.9358, Time: 2.16 s
Iteration 249/250: Ground Truth: -34.9186, Best: -34.9183, Current: -33.9344, Time: 2.68 s
Iteration 250/250: Ground Truth: -34.9186, Best: -34.9183, Current: -33.8125, Time: 2.68 s
Matched for mp-4079: RMSD = 0.000, ΔE = 0.000 eV
mp-4079 match: True
Initial energy: -210.82769775390625
  *** New best: -235.8131 eV
Iteration 1/250: Ground Truth: -264.4817, Best: -235.8131, Current: -235.8131, Time: 2.63 s
  *** New best: -248.8997 eV
Iteration 2/250: Ground Truth: -264.4817, Best: -248.8997, Current: -248.8997, Time: 2.60 s
  *** New best: -249.8571 eV
Iteration 3/250: Ground Truth: -264.4817, Best: -249.8571, Current: -249.8571, Time: 2.60 s
  *** New best: -252.3554 eV
Iteration 4/250: Ground Truth: -264.4817, Best: -252.3554, Current: -252.3554, Time: 2.63 s
  *** New best: -255.3934 eV
Iteration 5/250: Ground Truth: -264.4817, Best: -255.3934, Current: -255.3934, Time: 2.63 s
  *** New best: -257.2732 eV
Iteration 6/250: Ground Truth: -264.4817, Best: -257.2732, Current: -257.2732, Time: 2.64 s
  *** New best: -257.3687 eV
Iteration 7/250: Ground Truth: -264.4817, Best: -257.3687, Current: -257.3687, Time: 2.63 s
  *** New best: -257.5238 eV
Iteration 8/250: Ground Truth: -264.4817, Best: -257.5238, Current: -257.5238, Time: 2.63 s
  *** New best: -257.5898 eV
Iteration 9/250: Ground Truth: -264.4817, Best: -257.5898, Current: -257.5898, Time: 2.62 s
Iteration 10/250: Ground Truth: -264.4817, Best: -257.5898, Current: -257.5193, Time: 2.61 s
  *** New best: -258.2227 eV
Iteration 11/250: Ground Truth: -264.4817, Best: -258.2227, Current: -258.2227, Time: 2.60 s
Iteration 12/250: Ground Truth: -264.4817, Best: -258.2227, Current: -258.1382, Time: 2.61 s
Iteration 13/250: Ground Truth: -264.4817, Best: -258.2227, Current: -258.0504, Time: 2.62 s
Iteration 14/250: Ground Truth: -264.4817, Best: -258.2227, Current: -257.1167, Time: 2.63 s
  *** New best: -259.4414 eV
Iteration 15/250: Ground Truth: -264.4817, Best: -259.4414, Current: -259.4414, Time: 2.63 s
  *** New best: -259.6142 eV
Iteration 16/250: Ground Truth: -264.4817, Best: -259.6142, Current: -259.6142, Time: 2.64 s
Iteration 17/250: Ground Truth: -264.4817, Best: -259.6142, Current: -259.3915, Time: 2.63 s
  *** New best: -259.6579 eV
Iteration 18/250: Ground Truth: -264.4817, Best: -259.6579, Current: -259.6579, Time: 2.63 s
  *** New best: -259.6976 eV
Iteration 19/250: Ground Truth: -264.4817, Best: -259.6976, Current: -259.6976, Time: 2.64 s
  *** New best: -259.7063 eV
Iteration 20/250: Ground Truth: -264.4817, Best: -259.7063, Current: -259.7063, Time: 2.39 s
Iteration 21/250: Ground Truth: -264.4817, Best: -259.7063, Current: -259.6611, Time: 2.63 s
Iteration 22/250: Ground Truth: -264.4817, Best: -259.7063, Current: -259.6611, Time: 2.64 s
Iteration 23/250: Ground Truth: -264.4817, Best: -259.7063, Current: -258.8248, Time: 2.64 s
Iteration 24/250: Ground Truth: -264.4817, Best: -259.7063, Current: -258.8248, Time: 2.63 s
Iteration 25/250: Ground Truth: -264.4817, Best: -259.7063, Current: -259.1605, Time: 2.64 s
Iteration 26/250: Ground Truth: -264.4817, Best: -259.7063, Current: -259.2860, Time: 2.63 s
Iteration 27/250: Ground Truth: -264.4817, Best: -259.7063, Current: -259.2916, Time: 2.64 s
Iteration 28/250: Ground Truth: -264.4817, Best: -259.7063, Current: -259.5575, Time: 2.64 s
Iteration 29/250: Ground Truth: -264.4817, Best: -259.7063, Current: -259.5718, Time: 2.64 s
Iteration 30/250: Ground Truth: -264.4817, Best: -259.7063, Current: -259.5928, Time: 2.64 s
Iteration 31/250: Ground Truth: -264.4817, Best: -259.7063, Current: -259.1118, Time: 2.64 s
Iteration 32/250: Ground Truth: -264.4817, Best: -259.7063, Current: -257.6490, Time: 2.65 s
Iteration 33/250: Ground Truth: -264.4817, Best: -259.7063, Current: -257.6143, Time: 2.64 s
Iteration 34/250: Ground Truth: -264.4817, Best: -259.7063, Current: -257.7149, Time: 2.64 s
Iteration 35/250: Ground Truth: -264.4817, Best: -259.7063, Current: -258.0406, Time: 2.64 s
Iteration 36/250: Ground Truth: -264.4817, Best: -259.7063, Current: -258.1335, Time: 2.63 s
Iteration 37/250: Ground Truth: -264.4817, Best: -259.7063, Current: -258.1335, Time: 2.64 s
Iteration 38/250: Ground Truth: -264.4817, Best: -259.7063, Current: -258.1817, Time: 2.63 s
Iteration 39/250: Ground Truth: -264.4817, Best: -259.7063, Current: -258.1894, Time: 2.65 s
Iteration 40/250: Ground Truth: -264.4817, Best: -259.7063, Current: -258.1673, Time: 2.64 s
Iteration 41/250: Ground Truth: -264.4817, Best: -259.7063, Current: -258.1948, Time: 2.65 s
Iteration 42/250: Ground Truth: -264.4817, Best: -259.7063, Current: -259.1770, Time: 2.65 s
  *** New best: -259.8148 eV
Iteration 43/250: Ground Truth: -264.4817, Best: -259.8148, Current: -259.8148, Time: 2.65 s
  *** New best: -259.8288 eV
Iteration 44/250: Ground Truth: -264.4817, Best: -259.8288, Current: -259.8288, Time: 2.65 s
  *** New best: -259.9858 eV
Iteration 45/250: Ground Truth: -264.4817, Best: -259.9858, Current: -259.9858, Time: 2.65 s
Iteration 46/250: Ground Truth: -264.4817, Best: -259.9858, Current: -259.9858, Time: 2.65 s
Iteration 47/250: Ground Truth: -264.4817, Best: -259.9858, Current: -259.9754, Time: 2.65 s
Iteration 48/250: Ground Truth: -264.4817, Best: -259.9858, Current: -259.9557, Time: 2.65 s
Iteration 49/250: Ground Truth: -264.4817, Best: -259.9858, Current: -259.9557, Time: 2.66 s
Iteration 50/250: Ground Truth: -264.4817, Best: -259.9858, Current: -259.9727, Time: 2.66 s
Iteration 51/250: Ground Truth: -264.4817, Best: -259.9858, Current: -259.9042, Time: 2.65 s
Iteration 52/250: Ground Truth: -264.4817, Best: -259.9858, Current: -259.5707, Time: 2.65 s
Iteration 53/250: Ground Truth: -264.4817, Best: -259.9858, Current: -259.6945, Time: 2.65 s
Iteration 54/250: Ground Truth: -264.4817, Best: -259.9858, Current: -259.4047, Time: 2.66 s
Iteration 55/250: Ground Truth: -264.4817, Best: -259.9858, Current: -259.4047, Time: 2.65 s
Iteration 56/250: Ground Truth: -264.4817, Best: -259.9858, Current: -259.7641, Time: 2.65 s
Iteration 57/250: Ground Truth: -264.4817, Best: -259.9858, Current: -258.4388, Time: 2.64 s
Iteration 58/250: Ground Truth: -264.4817, Best: -259.9858, Current: -258.5434, Time: 2.64 s
Iteration 59/250: Ground Truth: -264.4817, Best: -259.9858, Current: -258.6272, Time: 2.64 s
Iteration 60/250: Ground Truth: -264.4817, Best: -259.9858, Current: -258.9911, Time: 2.64 s
Iteration 61/250: Ground Truth: -264.4817, Best: -259.9858, Current: -258.9911, Time: 2.63 s
Iteration 62/250: Ground Truth: -264.4817, Best: -259.9858, Current: -258.7548, Time: 2.64 s
Iteration 63/250: Ground Truth: -264.4817, Best: -259.9858, Current: -258.3741, Time: 2.39 s
Iteration 64/250: Ground Truth: -264.4817, Best: -259.9858, Current: -258.3741, Time: 2.66 s
Iteration 65/250: Ground Truth: -264.4817, Best: -259.9858, Current: -258.1119, Time: 2.66 s
Iteration 66/250: Ground Truth: -264.4817, Best: -259.9858, Current: -258.3517, Time: 2.66 s
Iteration 67/250: Ground Truth: -264.4817, Best: -259.9858, Current: -258.0850, Time: 2.66 s
Iteration 68/250: Ground Truth: -264.4817, Best: -259.9858, Current: -258.2891, Time: 2.66 s
Iteration 69/250: Ground Truth: -264.4817, Best: -259.9858, Current: -258.2891, Time: 2.66 s
Iteration 70/250: Ground Truth: -264.4817, Best: -259.9858, Current: -258.4550, Time: 2.66 s
Iteration 71/250: Ground Truth: -264.4817, Best: -259.9858, Current: -258.3688, Time: 2.66 s
Iteration 72/250: Ground Truth: -264.4817, Best: -259.9858, Current: -259.3487, Time: 2.65 s
Iteration 73/250: Ground Truth: -264.4817, Best: -259.9858, Current: -259.4000, Time: 2.66 s
Iteration 74/250: Ground Truth: -264.4817, Best: -259.9858, Current: -259.6810, Time: 2.66 s
Iteration 75/250: Ground Truth: -264.4817, Best: -259.9858, Current: -258.8772, Time: 2.67 s
Iteration 76/250: Ground Truth: -264.4817, Best: -259.9858, Current: -259.4102, Time: 2.67 s
Iteration 77/250: Ground Truth: -264.4817, Best: -259.9858, Current: -259.7653, Time: 2.66 s
Iteration 78/250: Ground Truth: -264.4817, Best: -259.9858, Current: -259.7801, Time: 2.67 s
Iteration 79/250: Ground Truth: -264.4817, Best: -259.9858, Current: -259.6141, Time: 2.65 s
Iteration 80/250: Ground Truth: -264.4817, Best: -259.9858, Current: -258.5861, Time: 2.64 s
Iteration 81/250: Ground Truth: -264.4817, Best: -259.9858, Current: -258.5861, Time: 2.65 s
Iteration 82/250: Ground Truth: -264.4817, Best: -259.9858, Current: -258.6061, Time: 2.65 s
Iteration 83/250: Ground Truth: -264.4817, Best: -259.9858, Current: -259.0739, Time: 2.64 s
Iteration 84/250: Ground Truth: -264.4817, Best: -259.9858, Current: -259.1320, Time: 2.63 s
Iteration 85/250: Ground Truth: -264.4817, Best: -259.9858, Current: -259.1607, Time: 2.63 s
Iteration 86/250: Ground Truth: -264.4817, Best: -259.9858, Current: -259.2947, Time: 2.64 s
Iteration 87/250: Ground Truth: -264.4817, Best: -259.9858, Current: -259.3124, Time: 2.64 s
Iteration 88/250: Ground Truth: -264.4817, Best: -259.9858, Current: -259.7897, Time: 2.64 s
Iteration 89/250: Ground Truth: -264.4817, Best: -259.9858, Current: -258.8262, Time: 2.65 s
Iteration 90/250: Ground Truth: -264.4817, Best: -259.9858, Current: -259.8143, Time: 2.64 s
Iteration 91/250: Ground Truth: -264.4817, Best: -259.9858, Current: -259.8722, Time: 2.64 s
Iteration 92/250: Ground Truth: -264.4817, Best: -259.9858, Current: -259.9460, Time: 2.64 s
  *** New best: -260.0074 eV
Iteration 93/250: Ground Truth: -264.4817, Best: -260.0074, Current: -260.0074, Time: 2.66 s
Iteration 94/250: Ground Truth: -264.4817, Best: -260.0074, Current: -259.6131, Time: 2.67 s
Iteration 95/250: Ground Truth: -264.4817, Best: -260.0074, Current: -259.5593, Time: 2.65 s
Iteration 96/250: Ground Truth: -264.4817, Best: -260.0074, Current: -259.6695, Time: 2.64 s
Iteration 97/250: Ground Truth: -264.4817, Best: -260.0074, Current: -259.6662, Time: 2.64 s
Iteration 98/250: Ground Truth: -264.4817, Best: -260.0074, Current: -259.0825, Time: 2.64 s
Iteration 99/250: Ground Truth: -264.4817, Best: -260.0074, Current: -259.1778, Time: 2.64 s
Iteration 100/250: Ground Truth: -264.4817, Best: -260.0074, Current: -259.7934, Time: 2.64 s
Iteration 101/250: Ground Truth: -264.4817, Best: -260.0074, Current: -259.8381, Time: 2.64 s
Iteration 102/250: Ground Truth: -264.4817, Best: -260.0074, Current: -259.8463, Time: 2.64 s
  *** New best: -260.2900 eV
Iteration 103/250: Ground Truth: -264.4817, Best: -260.2900, Current: -260.2900, Time: 2.65 s
  *** New best: -260.6840 eV
Iteration 104/250: Ground Truth: -264.4817, Best: -260.6840, Current: -260.6840, Time: 2.65 s
Iteration 105/250: Ground Truth: -264.4817, Best: -260.6840, Current: -260.6840, Time: 2.65 s
  *** New best: -260.7109 eV
Iteration 106/250: Ground Truth: -264.4817, Best: -260.7109, Current: -260.7109, Time: 2.67 s
Iteration 107/250: Ground Truth: -264.4817, Best: -260.7109, Current: -260.7109, Time: 2.67 s
Iteration 108/250: Ground Truth: -264.4817, Best: -260.7109, Current: -260.7109, Time: 2.68 s
Iteration 109/250: Ground Truth: -264.4817, Best: -260.7109, Current: -260.4152, Time: 2.67 s
Iteration 110/250: Ground Truth: -264.4817, Best: -260.7109, Current: -260.4853, Time: 2.67 s
  *** New best: -261.0430 eV
Iteration 111/250: Ground Truth: -264.4817, Best: -261.0430, Current: -261.0430, Time: 2.66 s
  *** New best: -261.0516 eV
Iteration 112/250: Ground Truth: -264.4817, Best: -261.0516, Current: -261.0516, Time: 2.67 s
Iteration 113/250: Ground Truth: -264.4817, Best: -261.0516, Current: -261.0516, Time: 2.68 s
  *** New best: -261.1199 eV
Iteration 114/250: Ground Truth: -264.4817, Best: -261.1199, Current: -261.1199, Time: 2.67 s
Iteration 115/250: Ground Truth: -264.4817, Best: -261.1199, Current: -260.7421, Time: 2.66 s
Iteration 116/250: Ground Truth: -264.4817, Best: -261.1199, Current: -260.9673, Time: 2.67 s
Iteration 117/250: Ground Truth: -264.4817, Best: -261.1199, Current: -261.0608, Time: 2.67 s
Iteration 118/250: Ground Truth: -264.4817, Best: -261.1199, Current: -261.1166, Time: 2.66 s
Iteration 119/250: Ground Truth: -264.4817, Best: -261.1199, Current: -261.0874, Time: 2.65 s
Iteration 120/250: Ground Truth: -264.4817, Best: -261.1199, Current: -261.0874, Time: 2.65 s
Iteration 121/250: Ground Truth: -264.4817, Best: -261.1199, Current: -261.0054, Time: 2.65 s
Iteration 122/250: Ground Truth: -264.4817, Best: -261.1199, Current: -260.7351, Time: 2.64 s
  *** New best: -261.1468 eV
Iteration 123/250: Ground Truth: -264.4817, Best: -261.1468, Current: -261.1468, Time: 2.65 s
Iteration 124/250: Ground Truth: -264.4817, Best: -261.1468, Current: -261.0800, Time: 2.66 s
Iteration 125/250: Ground Truth: -264.4817, Best: -261.1468, Current: -260.7726, Time: 2.64 s
Iteration 126/250: Ground Truth: -264.4817, Best: -261.1468, Current: -261.0097, Time: 2.65 s
Iteration 127/250: Ground Truth: -264.4817, Best: -261.1468, Current: -260.9879, Time: 2.65 s
Iteration 128/250: Ground Truth: -264.4817, Best: -261.1468, Current: -257.9685, Time: 2.65 s
Iteration 129/250: Ground Truth: -264.4817, Best: -261.1468, Current: -258.1177, Time: 2.65 s
Iteration 130/250: Ground Truth: -264.4817, Best: -261.1468, Current: -259.6487, Time: 2.65 s
Iteration 131/250: Ground Truth: -264.4817, Best: -261.1468, Current: -259.9510, Time: 2.65 s
Iteration 132/250: Ground Truth: -264.4817, Best: -261.1468, Current: -260.0172, Time: 2.66 s
Iteration 133/250: Ground Truth: -264.4817, Best: -261.1468, Current: -260.9109, Time: 2.64 s
Iteration 134/250: Ground Truth: -264.4817, Best: -261.1468, Current: -260.9379, Time: 2.65 s
Iteration 135/250: Ground Truth: -264.4817, Best: -261.1468, Current: -260.5008, Time: 2.65 s
Iteration 136/250: Ground Truth: -264.4817, Best: -261.1468, Current: -260.5533, Time: 2.65 s
Iteration 137/250: Ground Truth: -264.4817, Best: -261.1468, Current: -259.5499, Time: 2.64 s
Iteration 138/250: Ground Truth: -264.4817, Best: -261.1468, Current: -260.5294, Time: 2.64 s
Iteration 139/250: Ground Truth: -264.4817, Best: -261.1468, Current: -260.5258, Time: 2.64 s
Iteration 140/250: Ground Truth: -264.4817, Best: -261.1468, Current: -260.9337, Time: 2.64 s
  *** New best: -261.2701 eV
Iteration 141/250: Ground Truth: -264.4817, Best: -261.2701, Current: -261.2701, Time: 2.65 s
  *** New best: -261.3925 eV
Iteration 142/250: Ground Truth: -264.4817, Best: -261.3925, Current: -261.3925, Time: 2.65 s
  *** New best: -261.6063 eV
Iteration 143/250: Ground Truth: -264.4817, Best: -261.6063, Current: -261.6063, Time: 2.66 s
Iteration 144/250: Ground Truth: -264.4817, Best: -261.6063, Current: -261.2256, Time: 2.66 s
  *** New best: -261.6107 eV
Iteration 145/250: Ground Truth: -264.4817, Best: -261.6107, Current: -261.6107, Time: 2.66 s
  *** New best: -261.6647 eV
Iteration 146/250: Ground Truth: -264.4817, Best: -261.6647, Current: -261.6647, Time: 2.68 s
  *** New best: -261.6665 eV
Iteration 147/250: Ground Truth: -264.4817, Best: -261.6665, Current: -261.6665, Time: 2.68 s
Iteration 148/250: Ground Truth: -264.4817, Best: -261.6665, Current: -261.6665, Time: 2.68 s
Iteration 149/250: Ground Truth: -264.4817, Best: -261.6665, Current: -261.6426, Time: 2.67 s
Iteration 150/250: Ground Truth: -264.4817, Best: -261.6665, Current: -261.6310, Time: 2.68 s
Iteration 151/250: Ground Truth: -264.4817, Best: -261.6665, Current: -261.6205, Time: 2.67 s
Iteration 152/250: Ground Truth: -264.4817, Best: -261.6665, Current: -261.6205, Time: 2.66 s
Iteration 153/250: Ground Truth: -264.4817, Best: -261.6665, Current: -261.6135, Time: 2.65 s
Iteration 154/250: Ground Truth: -264.4817, Best: -261.6665, Current: -261.5957, Time: 2.64 s
Iteration 155/250: Ground Truth: -264.4817, Best: -261.6665, Current: -261.5757, Time: 2.64 s
Iteration 156/250: Ground Truth: -264.4817, Best: -261.6665, Current: -261.4279, Time: 2.64 s
Iteration 157/250: Ground Truth: -264.4817, Best: -261.6665, Current: -261.5549, Time: 2.64 s
Iteration 158/250: Ground Truth: -264.4817, Best: -261.6665, Current: -261.5025, Time: 2.65 s
Iteration 159/250: Ground Truth: -264.4817, Best: -261.6665, Current: -261.4767, Time: 2.65 s
Iteration 160/250: Ground Truth: -264.4817, Best: -261.6665, Current: -261.6025, Time: 2.64 s
Iteration 161/250: Ground Truth: -264.4817, Best: -261.6665, Current: -261.1691, Time: 2.66 s
Iteration 162/250: Ground Truth: -264.4817, Best: -261.6665, Current: -261.3268, Time: 2.64 s
Iteration 163/250: Ground Truth: -264.4817, Best: -261.6665, Current: -261.3842, Time: 2.39 s
Iteration 164/250: Ground Truth: -264.4817, Best: -261.6665, Current: -261.3680, Time: 2.65 s
Iteration 165/250: Ground Truth: -264.4817, Best: -261.6665, Current: -261.4055, Time: 2.65 s
Iteration 166/250: Ground Truth: -264.4817, Best: -261.6665, Current: -261.6283, Time: 2.65 s
Iteration 167/250: Ground Truth: -264.4817, Best: -261.6665, Current: -261.4535, Time: 2.65 s
Iteration 168/250: Ground Truth: -264.4817, Best: -261.6665, Current: -261.5975, Time: 2.64 s
Iteration 169/250: Ground Truth: -264.4817, Best: -261.6665, Current: -261.5691, Time: 2.65 s
Iteration 170/250: Ground Truth: -264.4817, Best: -261.6665, Current: -261.5444, Time: 2.64 s
Iteration 171/250: Ground Truth: -264.4817, Best: -261.6665, Current: -261.5858, Time: 2.65 s
Iteration 172/250: Ground Truth: -264.4817, Best: -261.6665, Current: -261.6533, Time: 2.65 s
Iteration 173/250: Ground Truth: -264.4817, Best: -261.6665, Current: -261.6333, Time: 2.64 s
Iteration 174/250: Ground Truth: -264.4817, Best: -261.6665, Current: -261.6292, Time: 2.65 s
Iteration 175/250: Ground Truth: -264.4817, Best: -261.6665, Current: -261.6006, Time: 2.65 s
Iteration 176/250: Ground Truth: -264.4817, Best: -261.6665, Current: -261.6006, Time: 2.65 s
Iteration 177/250: Ground Truth: -264.4817, Best: -261.6665, Current: -261.5152, Time: 2.65 s
Iteration 178/250: Ground Truth: -264.4817, Best: -261.6665, Current: -261.6479, Time: 2.65 s
Iteration 179/250: Ground Truth: -264.4817, Best: -261.6665, Current: -261.6417, Time: 2.65 s
Iteration 180/250: Ground Truth: -264.4817, Best: -261.6665, Current: -261.6505, Time: 2.67 s
Iteration 181/250: Ground Truth: -264.4817, Best: -261.6665, Current: -261.6199, Time: 2.67 s
Iteration 182/250: Ground Truth: -264.4817, Best: -261.6665, Current: -261.4612, Time: 2.67 s
Iteration 183/250: Ground Truth: -264.4817, Best: -261.6665, Current: -261.1382, Time: 2.66 s
Iteration 184/250: Ground Truth: -264.4817, Best: -261.6665, Current: -261.3866, Time: 2.68 s
Iteration 185/250: Ground Truth: -264.4817, Best: -261.6665, Current: -261.3996, Time: 2.68 s
Iteration 186/250: Ground Truth: -264.4817, Best: -261.6665, Current: -261.4492, Time: 2.67 s
Iteration 187/250: Ground Truth: -264.4817, Best: -261.6665, Current: -261.5415, Time: 2.69 s
Iteration 188/250: Ground Truth: -264.4817, Best: -261.6665, Current: -261.6450, Time: 2.66 s
Iteration 189/250: Ground Truth: -264.4817, Best: -261.6665, Current: -260.7171, Time: 2.68 s
Iteration 190/250: Ground Truth: -264.4817, Best: -261.6665, Current: -260.7171, Time: 2.69 s
Iteration 191/250: Ground Truth: -264.4817, Best: -261.6665, Current: -261.2440, Time: 2.67 s
Iteration 192/250: Ground Truth: -264.4817, Best: -261.6665, Current: -260.9501, Time: 2.67 s
Iteration 193/250: Ground Truth: -264.4817, Best: -261.6665, Current: -260.9501, Time: 2.67 s
Iteration 194/250: Ground Truth: -264.4817, Best: -261.6665, Current: -260.9501, Time: 2.67 s
Iteration 195/250: Ground Truth: -264.4817, Best: -261.6665, Current: -261.1901, Time: 2.67 s
Iteration 196/250: Ground Truth: -264.4817, Best: -261.6665, Current: -261.0892, Time: 2.16 s
Iteration 197/250: Ground Truth: -264.4817, Best: -261.6665, Current: -261.3283, Time: 2.65 s
Iteration 198/250: Ground Truth: -264.4817, Best: -261.6665, Current: -261.3776, Time: 2.67 s
Iteration 199/250: Ground Truth: -264.4817, Best: -261.6665, Current: -261.4820, Time: 2.66 s
Iteration 200/250: Ground Truth: -264.4817, Best: -261.6665, Current: -261.6439, Time: 2.65 s
Iteration 201/250: Ground Truth: -264.4817, Best: -261.6665, Current: -261.4356, Time: 1.88 s
Iteration 202/250: Ground Truth: -264.4817, Best: -261.6665, Current: -261.6555, Time: 2.64 s
Iteration 203/250: Ground Truth: -264.4817, Best: -261.6665, Current: -261.5745, Time: 2.64 s
Iteration 204/250: Ground Truth: -264.4817, Best: -261.6665, Current: -261.5599, Time: 2.65 s
Iteration 205/250: Ground Truth: -264.4817, Best: -261.6665, Current: -261.5599, Time: 2.64 s
Iteration 206/250: Ground Truth: -264.4817, Best: -261.6665, Current: -261.4920, Time: 2.65 s
Iteration 207/250: Ground Truth: -264.4817, Best: -261.6665, Current: -261.6176, Time: 2.65 s
Iteration 208/250: Ground Truth: -264.4817, Best: -261.6665, Current: -261.6365, Time: 2.65 s
Iteration 209/250: Ground Truth: -264.4817, Best: -261.6665, Current: -261.5280, Time: 2.65 s
Iteration 210/250: Ground Truth: -264.4817, Best: -261.6665, Current: -261.5883, Time: 2.65 s
Iteration 211/250: Ground Truth: -264.4817, Best: -261.6665, Current: -260.4705, Time: 2.64 s
Iteration 212/250: Ground Truth: -264.4817, Best: -261.6665, Current: -260.3190, Time: 2.64 s
Iteration 213/250: Ground Truth: -264.4817, Best: -261.6665, Current: -260.6172, Time: 2.65 s
Iteration 214/250: Ground Truth: -264.4817, Best: -261.6665, Current: -260.6172, Time: 2.63 s
Iteration 215/250: Ground Truth: -264.4817, Best: -261.6665, Current: -260.7981, Time: 2.39 s
Iteration 216/250: Ground Truth: -264.4817, Best: -261.6665, Current: -260.7981, Time: 2.64 s
Iteration 217/250: Ground Truth: -264.4817, Best: -261.6665, Current: -260.7981, Time: 2.65 s
Iteration 218/250: Ground Truth: -264.4817, Best: -261.6665, Current: -260.7981, Time: 2.64 s
Iteration 219/250: Ground Truth: -264.4817, Best: -261.6665, Current: -260.6482, Time: 2.63 s
Iteration 220/250: Ground Truth: -264.4817, Best: -261.6665, Current: -260.6482, Time: 2.63 s
Iteration 221/250: Ground Truth: -264.4817, Best: -261.6665, Current: -260.6482, Time: 2.63 s
Iteration 222/250: Ground Truth: -264.4817, Best: -261.6665, Current: -260.4619, Time: 2.64 s
Iteration 223/250: Ground Truth: -264.4817, Best: -261.6665, Current: -260.2535, Time: 2.64 s
Iteration 224/250: Ground Truth: -264.4817, Best: -261.6665, Current: -260.7329, Time: 2.63 s
Iteration 225/250: Ground Truth: -264.4817, Best: -261.6665, Current: -260.6784, Time: 2.65 s
Iteration 226/250: Ground Truth: -264.4817, Best: -261.6665, Current: -260.6784, Time: 2.64 s
Iteration 227/250: Ground Truth: -264.4817, Best: -261.6665, Current: -260.7478, Time: 2.64 s
Iteration 228/250: Ground Truth: -264.4817, Best: -261.6665, Current: -260.7569, Time: 2.64 s
Iteration 229/250: Ground Truth: -264.4817, Best: -261.6665, Current: -260.6545, Time: 2.64 s
Iteration 230/250: Ground Truth: -264.4817, Best: -261.6665, Current: -260.7615, Time: 2.64 s
Iteration 231/250: Ground Truth: -264.4817, Best: -261.6665, Current: -260.7480, Time: 2.64 s
Iteration 232/250: Ground Truth: -264.4817, Best: -261.6665, Current: -261.1071, Time: 2.65 s
Iteration 233/250: Ground Truth: -264.4817, Best: -261.6665, Current: -261.2106, Time: 2.64 s
Iteration 234/250: Ground Truth: -264.4817, Best: -261.6665, Current: -261.4053, Time: 2.66 s
Iteration 235/250: Ground Truth: -264.4817, Best: -261.6665, Current: -261.0683, Time: 2.65 s
Iteration 236/250: Ground Truth: -264.4817, Best: -261.6665, Current: -261.3916, Time: 2.66 s
Iteration 237/250: Ground Truth: -264.4817, Best: -261.6665, Current: -261.4366, Time: 2.66 s
Iteration 238/250: Ground Truth: -264.4817, Best: -261.6665, Current: -261.4258, Time: 2.65 s
Iteration 239/250: Ground Truth: -264.4817, Best: -261.6665, Current: -261.4205, Time: 2.64 s
Iteration 240/250: Ground Truth: -264.4817, Best: -261.6665, Current: -261.2715, Time: 2.66 s
Iteration 241/250: Ground Truth: -264.4817, Best: -261.6665, Current: -261.4474, Time: 2.66 s
Iteration 242/250: Ground Truth: -264.4817, Best: -261.6665, Current: -261.4460, Time: 2.65 s
Iteration 243/250: Ground Truth: -264.4817, Best: -261.6665, Current: -261.4460, Time: 2.65 s
Iteration 244/250: Ground Truth: -264.4817, Best: -261.6665, Current: -261.4366, Time: 2.65 s
Iteration 245/250: Ground Truth: -264.4817, Best: -261.6665, Current: -261.4623, Time: 2.67 s
Iteration 246/250: Ground Truth: -264.4817, Best: -261.6665, Current: -261.3970, Time: 2.67 s
Iteration 247/250: Ground Truth: -264.4817, Best: -261.6665, Current: -261.4513, Time: 2.66 s
Iteration 248/250: Ground Truth: -264.4817, Best: -261.6665, Current: -261.4379, Time: 2.65 s
Iteration 249/250: Ground Truth: -264.4817, Best: -261.6665, Current: -261.4502, Time: 2.65 s
Iteration 250/250: Ground Truth: -264.4817, Best: -261.6665, Current: -261.2144, Time: 2.67 s
No match for mp-554519: RMSD = 4.050, ΔE = 2.815 eV
mp-554519 match: False
Initial energy: -203.15821838378906
  *** New best: -215.9669 eV
Iteration 1/250: Ground Truth: -239.7074, Best: -215.9669, Current: -215.9669, Time: 2.61 s
  *** New best: -220.1376 eV
Iteration 2/250: Ground Truth: -239.7074, Best: -220.1376, Current: -220.1376, Time: 2.63 s
  *** New best: -221.6468 eV
Iteration 3/250: Ground Truth: -239.7074, Best: -221.6468, Current: -221.6468, Time: 2.62 s
  *** New best: -226.1224 eV
Iteration 4/250: Ground Truth: -239.7074, Best: -226.1224, Current: -226.1224, Time: 2.62 s
Iteration 5/250: Ground Truth: -239.7074, Best: -226.1224, Current: -225.2769, Time: 2.62 s
Iteration 6/250: Ground Truth: -239.7074, Best: -226.1224, Current: -225.2769, Time: 2.60 s
  *** New best: -226.5426 eV
Iteration 7/250: Ground Truth: -239.7074, Best: -226.5426, Current: -226.5426, Time: 2.59 s
Iteration 8/250: Ground Truth: -239.7074, Best: -226.5426, Current: -225.6973, Time: 2.62 s
Iteration 9/250: Ground Truth: -239.7074, Best: -226.5426, Current: -225.6973, Time: 2.62 s
  *** New best: -227.0756 eV
Iteration 10/250: Ground Truth: -239.7074, Best: -227.0756, Current: -227.0756, Time: 2.63 s
Iteration 11/250: Ground Truth: -239.7074, Best: -227.0756, Current: -227.0756, Time: 2.63 s
Iteration 12/250: Ground Truth: -239.7074, Best: -227.0756, Current: -227.0756, Time: 2.64 s
Iteration 13/250: Ground Truth: -239.7074, Best: -227.0756, Current: -226.9227, Time: 2.64 s
  *** New best: -228.9743 eV
Iteration 14/250: Ground Truth: -239.7074, Best: -228.9743, Current: -228.9743, Time: 2.63 s
  *** New best: -229.3605 eV
Iteration 15/250: Ground Truth: -239.7074, Best: -229.3605, Current: -229.3605, Time: 2.65 s
Iteration 16/250: Ground Truth: -239.7074, Best: -229.3605, Current: -229.2135, Time: 2.66 s
Iteration 17/250: Ground Truth: -239.7074, Best: -229.3605, Current: -229.2135, Time: 2.64 s
Iteration 18/250: Ground Truth: -239.7074, Best: -229.3605, Current: -229.2135, Time: 2.64 s
Iteration 19/250: Ground Truth: -239.7074, Best: -229.3605, Current: -229.2135, Time: 2.63 s
Iteration 20/250: Ground Truth: -239.7074, Best: -229.3605, Current: -229.2135, Time: 2.64 s
Iteration 21/250: Ground Truth: -239.7074, Best: -229.3605, Current: -229.2135, Time: 2.64 s
  *** New best: -229.8660 eV
Iteration 22/250: Ground Truth: -239.7074, Best: -229.8660, Current: -229.8660, Time: 2.62 s
  *** New best: -230.4342 eV
Iteration 23/250: Ground Truth: -239.7074, Best: -230.4342, Current: -230.4342, Time: 2.66 s
  *** New best: -232.2635 eV
Iteration 24/250: Ground Truth: -239.7074, Best: -232.2635, Current: -232.2635, Time: 2.66 s
Iteration 25/250: Ground Truth: -239.7074, Best: -232.2635, Current: -232.2635, Time: 2.65 s
Iteration 26/250: Ground Truth: -239.7074, Best: -232.2635, Current: -232.2635, Time: 2.65 s
Iteration 27/250: Ground Truth: -239.7074, Best: -232.2635, Current: -232.2635, Time: 2.66 s
Iteration 28/250: Ground Truth: -239.7074, Best: -232.2635, Current: -232.2635, Time: 2.67 s
Iteration 29/250: Ground Truth: -239.7074, Best: -232.2635, Current: -232.2635, Time: 2.62 s
Iteration 30/250: Ground Truth: -239.7074, Best: -232.2635, Current: -232.2635, Time: 2.68 s
Iteration 31/250: Ground Truth: -239.7074, Best: -232.2635, Current: -232.2635, Time: 2.67 s
Iteration 32/250: Ground Truth: -239.7074, Best: -232.2635, Current: -232.2635, Time: 2.68 s
Iteration 33/250: Ground Truth: -239.7074, Best: -232.2635, Current: -232.2635, Time: 2.67 s
Iteration 34/250: Ground Truth: -239.7074, Best: -232.2635, Current: -232.2635, Time: 2.67 s
Iteration 35/250: Ground Truth: -239.7074, Best: -232.2635, Current: -232.2635, Time: 2.66 s
Iteration 36/250: Ground Truth: -239.7074, Best: -232.2635, Current: -232.2635, Time: 2.69 s
Iteration 37/250: Ground Truth: -239.7074, Best: -232.2635, Current: -232.2635, Time: 2.67 s
Iteration 38/250: Ground Truth: -239.7074, Best: -232.2635, Current: -230.9136, Time: 2.67 s
Iteration 39/250: Ground Truth: -239.7074, Best: -232.2635, Current: -230.9136, Time: 2.67 s
Iteration 40/250: Ground Truth: -239.7074, Best: -232.2635, Current: -230.5171, Time: 2.67 s
Iteration 41/250: Ground Truth: -239.7074, Best: -232.2635, Current: -230.3752, Time: 2.63 s
Iteration 42/250: Ground Truth: -239.7074, Best: -232.2635, Current: -230.3752, Time: 2.69 s
Iteration 43/250: Ground Truth: -239.7074, Best: -232.2635, Current: -230.3752, Time: 2.69 s
Iteration 44/250: Ground Truth: -239.7074, Best: -232.2635, Current: -230.3752, Time: 2.69 s
Iteration 45/250: Ground Truth: -239.7074, Best: -232.2635, Current: -230.7047, Time: 2.66 s
Iteration 46/250: Ground Truth: -239.7074, Best: -232.2635, Current: -230.2333, Time: 2.69 s
Iteration 47/250: Ground Truth: -239.7074, Best: -232.2635, Current: -230.2333, Time: 2.68 s
Iteration 48/250: Ground Truth: -239.7074, Best: -232.2635, Current: -231.2667, Time: 2.69 s
Iteration 49/250: Ground Truth: -239.7074, Best: -232.2635, Current: -232.1408, Time: 2.68 s
Iteration 50/250: Ground Truth: -239.7074, Best: -232.2635, Current: -232.1408, Time: 2.67 s
Iteration 51/250: Ground Truth: -239.7074, Best: -232.2635, Current: -232.1278, Time: 2.67 s
  *** New best: -232.5794 eV
Iteration 52/250: Ground Truth: -239.7074, Best: -232.5794, Current: -232.5794, Time: 2.67 s
Iteration 53/250: Ground Truth: -239.7074, Best: -232.5794, Current: -232.5794, Time: 2.68 s
Iteration 54/250: Ground Truth: -239.7074, Best: -232.5794, Current: -231.3709, Time: 2.69 s
Iteration 55/250: Ground Truth: -239.7074, Best: -232.5794, Current: -230.0104, Time: 2.67 s
Iteration 56/250: Ground Truth: -239.7074, Best: -232.5794, Current: -232.1129, Time: 2.69 s
Iteration 57/250: Ground Truth: -239.7074, Best: -232.5794, Current: -231.8382, Time: 2.70 s
  *** New best: -233.1034 eV
Iteration 58/250: Ground Truth: -239.7074, Best: -233.1034, Current: -233.1034, Time: 2.69 s
Iteration 59/250: Ground Truth: -239.7074, Best: -233.1034, Current: -233.1034, Time: 2.68 s
Iteration 60/250: Ground Truth: -239.7074, Best: -233.1034, Current: -231.8850, Time: 2.67 s
Iteration 61/250: Ground Truth: -239.7074, Best: -233.1034, Current: -231.8850, Time: 2.66 s
Iteration 62/250: Ground Truth: -239.7074, Best: -233.1034, Current: -231.8850, Time: 2.66 s
Iteration 63/250: Ground Truth: -239.7074, Best: -233.1034, Current: -232.4754, Time: 2.66 s
Iteration 64/250: Ground Truth: -239.7074, Best: -233.1034, Current: -232.9370, Time: 2.67 s
Iteration 65/250: Ground Truth: -239.7074, Best: -233.1034, Current: -232.7044, Time: 2.65 s
  *** New best: -233.4592 eV
Iteration 66/250: Ground Truth: -239.7074, Best: -233.4592, Current: -233.4592, Time: 2.64 s
Iteration 67/250: Ground Truth: -239.7074, Best: -233.4592, Current: -233.4592, Time: 2.66 s
Iteration 68/250: Ground Truth: -239.7074, Best: -233.4592, Current: -233.4083, Time: 2.66 s
Iteration 69/250: Ground Truth: -239.7074, Best: -233.4592, Current: -233.4083, Time: 2.81 s
Iteration 70/250: Ground Truth: -239.7074, Best: -233.4592, Current: -233.0039, Time: 2.67 s
Iteration 71/250: Ground Truth: -239.7074, Best: -233.4592, Current: -233.0039, Time: 2.65 s
Iteration 72/250: Ground Truth: -239.7074, Best: -233.4592, Current: -233.0039, Time: 2.65 s
Iteration 73/250: Ground Truth: -239.7074, Best: -233.4592, Current: -233.1191, Time: 2.65 s
  *** New best: -233.5615 eV
Iteration 74/250: Ground Truth: -239.7074, Best: -233.5615, Current: -233.5615, Time: 2.66 s
Iteration 75/250: Ground Truth: -239.7074, Best: -233.5615, Current: -233.4876, Time: 2.65 s
  *** New best: -233.9678 eV
Iteration 76/250: Ground Truth: -239.7074, Best: -233.9678, Current: -233.9678, Time: 2.66 s
  *** New best: -234.0457 eV
Iteration 77/250: Ground Truth: -239.7074, Best: -234.0457, Current: -234.0457, Time: 2.66 s
  *** New best: -234.4301 eV
Iteration 78/250: Ground Truth: -239.7074, Best: -234.4301, Current: -234.4301, Time: 2.66 s
Iteration 79/250: Ground Truth: -239.7074, Best: -234.4301, Current: -234.4301, Time: 2.67 s
Iteration 80/250: Ground Truth: -239.7074, Best: -234.4301, Current: -234.4301, Time: 2.68 s
Iteration 81/250: Ground Truth: -239.7074, Best: -234.4301, Current: -234.4301, Time: 2.68 s
Iteration 82/250: Ground Truth: -239.7074, Best: -234.4301, Current: -234.4301, Time: 2.67 s
Iteration 83/250: Ground Truth: -239.7074, Best: -234.4301, Current: -234.4301, Time: 2.66 s
Iteration 84/250: Ground Truth: -239.7074, Best: -234.4301, Current: -234.4301, Time: 2.67 s
Iteration 85/250: Ground Truth: -239.7074, Best: -234.4301, Current: -234.2019, Time: 2.63 s
Iteration 86/250: Ground Truth: -239.7074, Best: -234.4301, Current: -234.2019, Time: 2.67 s
Iteration 87/250: Ground Truth: -239.7074, Best: -234.4301, Current: -234.2019, Time: 2.68 s
Iteration 88/250: Ground Truth: -239.7074, Best: -234.4301, Current: -234.2019, Time: 2.16 s
Iteration 89/250: Ground Truth: -239.7074, Best: -234.4301, Current: -233.8677, Time: 2.66 s
Iteration 90/250: Ground Truth: -239.7074, Best: -234.4301, Current: -233.8677, Time: 2.67 s
Iteration 91/250: Ground Truth: -239.7074, Best: -234.4301, Current: -233.8677, Time: 2.66 s
Iteration 92/250: Ground Truth: -239.7074, Best: -234.4301, Current: -233.8677, Time: 2.67 s
Iteration 93/250: Ground Truth: -239.7074, Best: -234.4301, Current: -233.8677, Time: 2.67 s
Iteration 94/250: Ground Truth: -239.7074, Best: -234.4301, Current: -233.8677, Time: 2.66 s
Iteration 95/250: Ground Truth: -239.7074, Best: -234.4301, Current: -233.8677, Time: 2.66 s
Iteration 96/250: Ground Truth: -239.7074, Best: -234.4301, Current: -233.8677, Time: 2.64 s
Iteration 97/250: Ground Truth: -239.7074, Best: -234.4301, Current: -231.3275, Time: 2.64 s
Iteration 98/250: Ground Truth: -239.7074, Best: -234.4301, Current: -231.6479, Time: 2.65 s
Iteration 99/250: Ground Truth: -239.7074, Best: -234.4301, Current: -233.2896, Time: 2.66 s
Iteration 100/250: Ground Truth: -239.7074, Best: -234.4301, Current: -233.2896, Time: 2.66 s
Iteration 101/250: Ground Truth: -239.7074, Best: -234.4301, Current: -234.0678, Time: 2.65 s
Iteration 102/250: Ground Truth: -239.7074, Best: -234.4301, Current: -234.0678, Time: 2.61 s
Iteration 103/250: Ground Truth: -239.7074, Best: -234.4301, Current: -234.0678, Time: 2.67 s
Iteration 104/250: Ground Truth: -239.7074, Best: -234.4301, Current: -234.0678, Time: 2.66 s
Iteration 105/250: Ground Truth: -239.7074, Best: -234.4301, Current: -234.0678, Time: 2.66 s
Iteration 106/250: Ground Truth: -239.7074, Best: -234.4301, Current: -234.3190, Time: 2.63 s
Iteration 107/250: Ground Truth: -239.7074, Best: -234.4301, Current: -233.7212, Time: 2.64 s
Iteration 108/250: Ground Truth: -239.7074, Best: -234.4301, Current: -233.7212, Time: 2.68 s
Iteration 109/250: Ground Truth: -239.7074, Best: -234.4301, Current: -233.7212, Time: 2.65 s
Iteration 110/250: Ground Truth: -239.7074, Best: -234.4301, Current: -233.0547, Time: 2.68 s
Iteration 111/250: Ground Truth: -239.7074, Best: -234.4301, Current: -234.0830, Time: 2.68 s
Iteration 112/250: Ground Truth: -239.7074, Best: -234.4301, Current: -234.3363, Time: 2.68 s
Iteration 113/250: Ground Truth: -239.7074, Best: -234.4301, Current: -234.3363, Time: 2.68 s
Iteration 114/250: Ground Truth: -239.7074, Best: -234.4301, Current: -234.3363, Time: 2.68 s
Iteration 115/250: Ground Truth: -239.7074, Best: -234.4301, Current: -234.3369, Time: 2.67 s
Iteration 116/250: Ground Truth: -239.7074, Best: -234.4301, Current: -234.3369, Time: 2.67 s
Iteration 117/250: Ground Truth: -239.7074, Best: -234.4301, Current: -233.9971, Time: 2.69 s
Iteration 118/250: Ground Truth: -239.7074, Best: -234.4301, Current: -233.9971, Time: 2.66 s
Iteration 119/250: Ground Truth: -239.7074, Best: -234.4301, Current: -233.8966, Time: 2.69 s
Iteration 120/250: Ground Truth: -239.7074, Best: -234.4301, Current: -233.8671, Time: 2.68 s
Iteration 121/250: Ground Truth: -239.7074, Best: -234.4301, Current: -233.8896, Time: 2.68 s
Iteration 122/250: Ground Truth: -239.7074, Best: -234.4301, Current: -233.8896, Time: 1.40 s
Iteration 123/250: Ground Truth: -239.7074, Best: -234.4301, Current: -233.8896, Time: 2.69 s
Iteration 124/250: Ground Truth: -239.7074, Best: -234.4301, Current: -233.8896, Time: 2.69 s
Iteration 125/250: Ground Truth: -239.7074, Best: -234.4301, Current: -233.8896, Time: 2.69 s
Iteration 126/250: Ground Truth: -239.7074, Best: -234.4301, Current: -233.8896, Time: 2.69 s
Iteration 127/250: Ground Truth: -239.7074, Best: -234.4301, Current: -232.4568, Time: 2.68 s
Iteration 128/250: Ground Truth: -239.7074, Best: -234.4301, Current: -232.4568, Time: 2.64 s
Iteration 129/250: Ground Truth: -239.7074, Best: -234.4301, Current: -234.0615, Time: 2.64 s
Iteration 130/250: Ground Truth: -239.7074, Best: -234.4301, Current: -234.0615, Time: 2.66 s
Iteration 131/250: Ground Truth: -239.7074, Best: -234.4301, Current: -234.3181, Time: 2.64 s
Iteration 132/250: Ground Truth: -239.7074, Best: -234.4301, Current: -234.3181, Time: 2.65 s
Iteration 133/250: Ground Truth: -239.7074, Best: -234.4301, Current: -234.1649, Time: 2.67 s
Iteration 134/250: Ground Truth: -239.7074, Best: -234.4301, Current: -234.1649, Time: 2.64 s
  *** New best: -234.4626 eV
Iteration 135/250: Ground Truth: -239.7074, Best: -234.4626, Current: -234.4626, Time: 2.66 s
  *** New best: -234.5764 eV
Iteration 136/250: Ground Truth: -239.7074, Best: -234.5764, Current: -234.5764, Time: 2.67 s
Iteration 137/250: Ground Truth: -239.7074, Best: -234.5764, Current: -234.5728, Time: 2.67 s
Iteration 138/250: Ground Truth: -239.7074, Best: -234.5764, Current: -234.2745, Time: 2.67 s
Iteration 139/250: Ground Truth: -239.7074, Best: -234.5764, Current: -234.2745, Time: 2.67 s
Iteration 140/250: Ground Truth: -239.7074, Best: -234.5764, Current: -234.2745, Time: 2.67 s
Iteration 141/250: Ground Truth: -239.7074, Best: -234.5764, Current: -234.2745, Time: 2.67 s
Iteration 142/250: Ground Truth: -239.7074, Best: -234.5764, Current: -234.2227, Time: 2.67 s
Iteration 143/250: Ground Truth: -239.7074, Best: -234.5764, Current: -234.5402, Time: 2.68 s
Iteration 144/250: Ground Truth: -239.7074, Best: -234.5764, Current: -234.5402, Time: 2.68 s
Iteration 145/250: Ground Truth: -239.7074, Best: -234.5764, Current: -234.5402, Time: 2.67 s
Iteration 146/250: Ground Truth: -239.7074, Best: -234.5764, Current: -234.5402, Time: 2.67 s
  *** New best: -234.7424 eV
Iteration 147/250: Ground Truth: -239.7074, Best: -234.7424, Current: -234.7424, Time: 2.67 s
Iteration 148/250: Ground Truth: -239.7074, Best: -234.7424, Current: -234.7424, Time: 2.67 s
  *** New best: -234.8919 eV
Iteration 149/250: Ground Truth: -239.7074, Best: -234.8919, Current: -234.8919, Time: 2.66 s
Iteration 150/250: Ground Truth: -239.7074, Best: -234.8919, Current: -234.8919, Time: 2.68 s
Iteration 151/250: Ground Truth: -239.7074, Best: -234.8919, Current: -234.8919, Time: 2.67 s
  *** New best: -234.9142 eV
Iteration 152/250: Ground Truth: -239.7074, Best: -234.9142, Current: -234.9142, Time: 2.67 s
  *** New best: -234.9695 eV
Iteration 153/250: Ground Truth: -239.7074, Best: -234.9695, Current: -234.9695, Time: 2.66 s
Iteration 154/250: Ground Truth: -239.7074, Best: -234.9695, Current: -234.9695, Time: 2.67 s
Iteration 155/250: Ground Truth: -239.7074, Best: -234.9695, Current: -234.9695, Time: 2.67 s
Iteration 156/250: Ground Truth: -239.7074, Best: -234.9695, Current: -234.9695, Time: 2.67 s
Iteration 157/250: Ground Truth: -239.7074, Best: -234.9695, Current: -234.9695, Time: 2.66 s
Iteration 158/250: Ground Truth: -239.7074, Best: -234.9695, Current: -234.9695, Time: 2.67 s
Iteration 159/250: Ground Truth: -239.7074, Best: -234.9695, Current: -234.7662, Time: 2.67 s
Iteration 160/250: Ground Truth: -239.7074, Best: -234.9695, Current: -234.7268, Time: 2.64 s
Iteration 161/250: Ground Truth: -239.7074, Best: -234.9695, Current: -234.6939, Time: 2.67 s
Iteration 162/250: Ground Truth: -239.7074, Best: -234.9695, Current: -234.6939, Time: 2.67 s
Iteration 163/250: Ground Truth: -239.7074, Best: -234.9695, Current: -234.5588, Time: 2.66 s
Iteration 164/250: Ground Truth: -239.7074, Best: -234.9695, Current: -234.5588, Time: 2.68 s
Iteration 165/250: Ground Truth: -239.7074, Best: -234.9695, Current: -234.5588, Time: 2.67 s
Iteration 166/250: Ground Truth: -239.7074, Best: -234.9695, Current: -234.5319, Time: 2.67 s
Iteration 167/250: Ground Truth: -239.7074, Best: -234.9695, Current: -234.5319, Time: 2.67 s
Iteration 168/250: Ground Truth: -239.7074, Best: -234.9695, Current: -234.5319, Time: 2.67 s
Iteration 169/250: Ground Truth: -239.7074, Best: -234.9695, Current: -234.6073, Time: 2.65 s
Iteration 170/250: Ground Truth: -239.7074, Best: -234.9695, Current: -234.6214, Time: 2.66 s
Iteration 171/250: Ground Truth: -239.7074, Best: -234.9695, Current: -234.4873, Time: 2.65 s
Iteration 172/250: Ground Truth: -239.7074, Best: -234.9695, Current: -234.4873, Time: 2.66 s
Iteration 173/250: Ground Truth: -239.7074, Best: -234.9695, Current: -234.4873, Time: 2.67 s
Iteration 174/250: Ground Truth: -239.7074, Best: -234.9695, Current: -234.6454, Time: 2.67 s
Iteration 175/250: Ground Truth: -239.7074, Best: -234.9695, Current: -234.6454, Time: 2.68 s
  *** New best: -234.9925 eV
Iteration 176/250: Ground Truth: -239.7074, Best: -234.9925, Current: -234.9925, Time: 2.70 s
Iteration 177/250: Ground Truth: -239.7074, Best: -234.9925, Current: -233.8793, Time: 2.71 s
Iteration 178/250: Ground Truth: -239.7074, Best: -234.9925, Current: -233.8793, Time: 2.70 s
Iteration 179/250: Ground Truth: -239.7074, Best: -234.9925, Current: -234.0918, Time: 2.70 s
Iteration 180/250: Ground Truth: -239.7074, Best: -234.9925, Current: -234.0918, Time: 2.69 s
Iteration 181/250: Ground Truth: -239.7074, Best: -234.9925, Current: -233.6637, Time: 2.69 s
Iteration 182/250: Ground Truth: -239.7074, Best: -234.9925, Current: -233.6637, Time: 2.69 s
Iteration 183/250: Ground Truth: -239.7074, Best: -234.9925, Current: -233.6637, Time: 2.69 s
Iteration 184/250: Ground Truth: -239.7074, Best: -234.9925, Current: -233.4023, Time: 2.70 s
Iteration 185/250: Ground Truth: -239.7074, Best: -234.9925, Current: -233.4023, Time: 2.69 s
Iteration 186/250: Ground Truth: -239.7074, Best: -234.9925, Current: -234.2744, Time: 2.70 s
Iteration 187/250: Ground Truth: -239.7074, Best: -234.9925, Current: -234.2744, Time: 2.70 s
Iteration 188/250: Ground Truth: -239.7074, Best: -234.9925, Current: -234.2744, Time: 2.69 s
Iteration 189/250: Ground Truth: -239.7074, Best: -234.9925, Current: -234.2744, Time: 2.70 s
Iteration 190/250: Ground Truth: -239.7074, Best: -234.9925, Current: -232.1965, Time: 2.69 s
Iteration 191/250: Ground Truth: -239.7074, Best: -234.9925, Current: -232.1965, Time: 2.69 s
Iteration 192/250: Ground Truth: -239.7074, Best: -234.9925, Current: -232.1965, Time: 2.69 s
Iteration 193/250: Ground Truth: -239.7074, Best: -234.9925, Current: -232.1965, Time: 2.69 s
Iteration 194/250: Ground Truth: -239.7074, Best: -234.9925, Current: -232.1965, Time: 2.69 s
Iteration 195/250: Ground Truth: -239.7074, Best: -234.9925, Current: -233.9511, Time: 2.68 s
Iteration 196/250: Ground Truth: -239.7074, Best: -234.9925, Current: -233.9511, Time: 2.70 s
Iteration 197/250: Ground Truth: -239.7074, Best: -234.9925, Current: -233.9511, Time: 2.70 s
Iteration 198/250: Ground Truth: -239.7074, Best: -234.9925, Current: -233.9511, Time: 2.70 s
Iteration 199/250: Ground Truth: -239.7074, Best: -234.9925, Current: -234.1195, Time: 2.70 s
Iteration 200/250: Ground Truth: -239.7074, Best: -234.9925, Current: -233.4339, Time: 2.69 s
Iteration 201/250: Ground Truth: -239.7074, Best: -234.9925, Current: -233.4339, Time: 2.67 s
Iteration 202/250: Ground Truth: -239.7074, Best: -234.9925, Current: -233.4339, Time: 2.68 s
Iteration 203/250: Ground Truth: -239.7074, Best: -234.9925, Current: -233.4339, Time: 2.68 s
Iteration 204/250: Ground Truth: -239.7074, Best: -234.9925, Current: -233.4552, Time: 2.68 s
Iteration 205/250: Ground Truth: -239.7074, Best: -234.9925, Current: -231.9226, Time: 2.67 s
Iteration 206/250: Ground Truth: -239.7074, Best: -234.9925, Current: -231.9226, Time: 2.66 s
Iteration 207/250: Ground Truth: -239.7074, Best: -234.9925, Current: -231.4241, Time: 2.68 s
Iteration 208/250: Ground Truth: -239.7074, Best: -234.9925, Current: -234.1501, Time: 2.68 s
Iteration 209/250: Ground Truth: -239.7074, Best: -234.9925, Current: -234.1501, Time: 2.68 s
Iteration 210/250: Ground Truth: -239.7074, Best: -234.9925, Current: -234.1501, Time: 2.69 s
Iteration 211/250: Ground Truth: -239.7074, Best: -234.9925, Current: -234.3946, Time: 2.67 s
Iteration 212/250: Ground Truth: -239.7074, Best: -234.9925, Current: -234.3946, Time: 2.68 s
Iteration 213/250: Ground Truth: -239.7074, Best: -234.9925, Current: -234.3946, Time: 2.68 s
Iteration 214/250: Ground Truth: -239.7074, Best: -234.9925, Current: -234.3946, Time: 2.68 s
Iteration 215/250: Ground Truth: -239.7074, Best: -234.9925, Current: -234.3946, Time: 2.67 s
Iteration 216/250: Ground Truth: -239.7074, Best: -234.9925, Current: -234.3946, Time: 2.68 s
Iteration 217/250: Ground Truth: -239.7074, Best: -234.9925, Current: -234.1348, Time: 2.69 s
Iteration 218/250: Ground Truth: -239.7074, Best: -234.9925, Current: -234.1348, Time: 2.69 s
Iteration 219/250: Ground Truth: -239.7074, Best: -234.9925, Current: -234.7217, Time: 2.68 s
Iteration 220/250: Ground Truth: -239.7074, Best: -234.9925, Current: -234.7217, Time: 2.67 s
Iteration 221/250: Ground Truth: -239.7074, Best: -234.9925, Current: -234.7217, Time: 2.67 s
Iteration 222/250: Ground Truth: -239.7074, Best: -234.9925, Current: -234.5434, Time: 2.65 s
Iteration 223/250: Ground Truth: -239.7074, Best: -234.9925, Current: -234.5434, Time: 2.67 s
  *** New best: -235.0031 eV
Iteration 224/250: Ground Truth: -239.7074, Best: -235.0031, Current: -235.0031, Time: 2.66 s
Iteration 225/250: Ground Truth: -239.7074, Best: -235.0031, Current: -235.0031, Time: 2.68 s
Iteration 226/250: Ground Truth: -239.7074, Best: -235.0031, Current: -235.0031, Time: 2.70 s
  *** New best: -235.0119 eV
Iteration 227/250: Ground Truth: -239.7074, Best: -235.0119, Current: -235.0119, Time: 2.69 s
  *** New best: -235.0380 eV
Iteration 228/250: Ground Truth: -239.7074, Best: -235.0380, Current: -235.0380, Time: 2.70 s
Iteration 229/250: Ground Truth: -239.7074, Best: -235.0380, Current: -234.4417, Time: 2.69 s
Iteration 230/250: Ground Truth: -239.7074, Best: -235.0380, Current: -234.7359, Time: 2.69 s
Iteration 231/250: Ground Truth: -239.7074, Best: -235.0380, Current: -234.7359, Time: 2.70 s
Iteration 232/250: Ground Truth: -239.7074, Best: -235.0380, Current: -234.7359, Time: 2.70 s
Iteration 233/250: Ground Truth: -239.7074, Best: -235.0380, Current: -234.7359, Time: 2.70 s
Iteration 234/250: Ground Truth: -239.7074, Best: -235.0380, Current: -234.7359, Time: 2.71 s
Iteration 235/250: Ground Truth: -239.7074, Best: -235.0380, Current: -234.7359, Time: 2.68 s
Iteration 236/250: Ground Truth: -239.7074, Best: -235.0380, Current: -234.8922, Time: 2.70 s
Iteration 237/250: Ground Truth: -239.7074, Best: -235.0380, Current: -234.5255, Time: 2.70 s
Iteration 238/250: Ground Truth: -239.7074, Best: -235.0380, Current: -234.5255, Time: 2.69 s
Iteration 239/250: Ground Truth: -239.7074, Best: -235.0380, Current: -234.5255, Time: 2.44 s
Iteration 240/250: Ground Truth: -239.7074, Best: -235.0380, Current: -234.8535, Time: 2.69 s
Iteration 241/250: Ground Truth: -239.7074, Best: -235.0380, Current: -234.9744, Time: 2.69 s
Iteration 242/250: Ground Truth: -239.7074, Best: -235.0380, Current: -234.9744, Time: 2.70 s
Iteration 243/250: Ground Truth: -239.7074, Best: -235.0380, Current: -234.9744, Time: 2.70 s
Iteration 244/250: Ground Truth: -239.7074, Best: -235.0380, Current: -234.9744, Time: 2.71 s
Iteration 245/250: Ground Truth: -239.7074, Best: -235.0380, Current: -234.9744, Time: 2.69 s
Iteration 246/250: Ground Truth: -239.7074, Best: -235.0380, Current: -234.9744, Time: 2.69 s
Iteration 247/250: Ground Truth: -239.7074, Best: -235.0380, Current: -234.9744, Time: 2.69 s
  *** New best: -235.0634 eV
Iteration 248/250: Ground Truth: -239.7074, Best: -235.0634, Current: -235.0634, Time: 2.69 s
Iteration 249/250: Ground Truth: -239.7074, Best: -235.0634, Current: -233.1526, Time: 2.69 s
Iteration 250/250: Ground Truth: -239.7074, Best: -235.0634, Current: -232.2267, Time: 2.69 s
No match for mp-569961: RMSD = 4.498, ΔE = 4.644 eV
mp-569961 match: False
Initial energy: -47.762508392333984
  *** New best: -49.2601 eV
Iteration 1/250: Ground Truth: -53.8661, Best: -49.2601, Current: -49.2601, Time: 2.60 s
  *** New best: -53.2126 eV
Iteration 2/250: Ground Truth: -53.8661, Best: -53.2126, Current: -53.2126, Time: 2.64 s
  *** New best: -53.9169 eV
Iteration 3/250: Ground Truth: -53.8661, Best: -53.9169, Current: -53.9169, Time: 2.64 s
  *** New best: -53.9598 eV
Iteration 4/250: Ground Truth: -53.8661, Best: -53.9598, Current: -53.9598, Time: 2.35 s
Iteration 5/250: Ground Truth: -53.8661, Best: -53.9598, Current: -53.9593, Time: 2.35 s
Iteration 6/250: Ground Truth: -53.8661, Best: -53.9598, Current: -53.9532, Time: 2.10 s
Iteration 7/250: Ground Truth: -53.8661, Best: -53.9598, Current: -53.9567, Time: 2.60 s
Iteration 8/250: Ground Truth: -53.8661, Best: -53.9598, Current: -53.9519, Time: 2.60 s
Iteration 9/250: Ground Truth: -53.8661, Best: -53.9598, Current: -53.9435, Time: 2.61 s
Iteration 10/250: Ground Truth: -53.8661, Best: -53.9598, Current: -53.9564, Time: 2.58 s
Iteration 11/250: Ground Truth: -53.8661, Best: -53.9598, Current: -53.9547, Time: 2.58 s
Iteration 12/250: Ground Truth: -53.8661, Best: -53.9598, Current: -53.9565, Time: 2.58 s
  *** New best: -53.9625 eV
Iteration 13/250: Ground Truth: -53.8661, Best: -53.9625, Current: -53.9625, Time: 2.58 s
  *** New best: -53.9639 eV
Iteration 14/250: Ground Truth: -53.8661, Best: -53.9639, Current: -53.9639, Time: 2.58 s
Iteration 15/250: Ground Truth: -53.8661, Best: -53.9639, Current: -53.9555, Time: 2.59 s
Iteration 16/250: Ground Truth: -53.8661, Best: -53.9639, Current: -53.9436, Time: 2.09 s
Iteration 17/250: Ground Truth: -53.8661, Best: -53.9639, Current: -53.9459, Time: 2.09 s
Iteration 18/250: Ground Truth: -53.8661, Best: -53.9639, Current: -53.9538, Time: 1.84 s
Iteration 19/250: Ground Truth: -53.8661, Best: -53.9639, Current: -53.9291, Time: 2.33 s
Iteration 20/250: Ground Truth: -53.8661, Best: -53.9639, Current: -53.9482, Time: 2.09 s
Iteration 21/250: Ground Truth: -53.8661, Best: -53.9639, Current: -53.9372, Time: 2.09 s
Iteration 22/250: Ground Truth: -53.8661, Best: -53.9639, Current: -53.9500, Time: 2.09 s
Iteration 23/250: Ground Truth: -53.8661, Best: -53.9639, Current: -53.9537, Time: 2.08 s
Iteration 24/250: Ground Truth: -53.8661, Best: -53.9639, Current: -53.9413, Time: 2.57 s
Iteration 25/250: Ground Truth: -53.8661, Best: -53.9639, Current: -53.9307, Time: 2.08 s
Iteration 26/250: Ground Truth: -53.8661, Best: -53.9639, Current: -53.9355, Time: 2.58 s
Iteration 27/250: Ground Truth: -53.8661, Best: -53.9639, Current: -53.9516, Time: 2.60 s
Iteration 28/250: Ground Truth: -53.8661, Best: -53.9639, Current: -53.8875, Time: 2.60 s
Iteration 29/250: Ground Truth: -53.8661, Best: -53.9639, Current: -53.9386, Time: 2.60 s
Iteration 30/250: Ground Truth: -53.8661, Best: -53.9639, Current: -53.9386, Time: 2.62 s
Iteration 31/250: Ground Truth: -53.8661, Best: -53.9639, Current: -53.9237, Time: 2.60 s
  *** New best: -53.9641 eV
Iteration 32/250: Ground Truth: -53.8661, Best: -53.9641, Current: -53.9641, Time: 2.59 s
  *** New best: -54.1746 eV
Iteration 33/250: Ground Truth: -53.8661, Best: -54.1746, Current: -54.1746, Time: 2.63 s
  *** New best: -54.2294 eV
Iteration 34/250: Ground Truth: -53.8661, Best: -54.2294, Current: -54.2294, Time: 2.59 s
Iteration 35/250: Ground Truth: -53.8661, Best: -54.2294, Current: -54.1876, Time: 2.59 s
Iteration 36/250: Ground Truth: -53.8661, Best: -54.2294, Current: -54.1876, Time: 2.59 s
Iteration 37/250: Ground Truth: -53.8661, Best: -54.2294, Current: -54.2260, Time: 2.59 s
Iteration 38/250: Ground Truth: -53.8661, Best: -54.2294, Current: -54.2150, Time: 2.10 s
Iteration 39/250: Ground Truth: -53.8661, Best: -54.2294, Current: -54.2193, Time: 2.61 s
Iteration 40/250: Ground Truth: -53.8661, Best: -54.2294, Current: -54.2254, Time: 2.61 s
Iteration 41/250: Ground Truth: -53.8661, Best: -54.2294, Current: -53.9348, Time: 2.62 s
Iteration 42/250: Ground Truth: -53.8661, Best: -54.2294, Current: -53.2521, Time: 2.64 s
Iteration 43/250: Ground Truth: -53.8661, Best: -54.2294, Current: -53.3364, Time: 2.61 s
Iteration 44/250: Ground Truth: -53.8661, Best: -54.2294, Current: -53.1301, Time: 2.60 s
Iteration 45/250: Ground Truth: -53.8661, Best: -54.2294, Current: -53.3548, Time: 2.60 s
Iteration 46/250: Ground Truth: -53.8661, Best: -54.2294, Current: -53.3461, Time: 2.58 s
Iteration 47/250: Ground Truth: -53.8661, Best: -54.2294, Current: -53.2323, Time: 2.59 s
Iteration 48/250: Ground Truth: -53.8661, Best: -54.2294, Current: -53.3024, Time: 2.60 s
Iteration 49/250: Ground Truth: -53.8661, Best: -54.2294, Current: -53.3759, Time: 2.60 s
Iteration 50/250: Ground Truth: -53.8661, Best: -54.2294, Current: -53.6187, Time: 2.60 s
Iteration 51/250: Ground Truth: -53.8661, Best: -54.2294, Current: -53.6170, Time: 2.58 s
Iteration 52/250: Ground Truth: -53.8661, Best: -54.2294, Current: -53.6227, Time: 2.58 s
Iteration 53/250: Ground Truth: -53.8661, Best: -54.2294, Current: -53.5194, Time: 2.58 s
Iteration 54/250: Ground Truth: -53.8661, Best: -54.2294, Current: -53.5791, Time: 1.84 s
Iteration 55/250: Ground Truth: -53.8661, Best: -54.2294, Current: -53.5791, Time: 2.58 s
Iteration 56/250: Ground Truth: -53.8661, Best: -54.2294, Current: -53.6088, Time: 2.59 s
Iteration 57/250: Ground Truth: -53.8661, Best: -54.2294, Current: -53.6208, Time: 2.59 s
Iteration 58/250: Ground Truth: -53.8661, Best: -54.2294, Current: -53.6258, Time: 2.59 s
Iteration 59/250: Ground Truth: -53.8661, Best: -54.2294, Current: -53.5982, Time: 2.60 s
Iteration 60/250: Ground Truth: -53.8661, Best: -54.2294, Current: -53.6193, Time: 2.59 s
Iteration 61/250: Ground Truth: -53.8661, Best: -54.2294, Current: -53.4897, Time: 2.59 s
Iteration 62/250: Ground Truth: -53.8661, Best: -54.2294, Current: -53.5741, Time: 2.59 s
Iteration 63/250: Ground Truth: -53.8661, Best: -54.2294, Current: -53.5742, Time: 2.59 s
Iteration 64/250: Ground Truth: -53.8661, Best: -54.2294, Current: -53.5704, Time: 2.59 s
Iteration 65/250: Ground Truth: -53.8661, Best: -54.2294, Current: -53.5244, Time: 2.59 s
Iteration 66/250: Ground Truth: -53.8661, Best: -54.2294, Current: -53.5793, Time: 2.59 s
Iteration 67/250: Ground Truth: -53.8661, Best: -54.2294, Current: -53.6195, Time: 2.59 s
Iteration 68/250: Ground Truth: -53.8661, Best: -54.2294, Current: -53.6195, Time: 2.59 s
Iteration 69/250: Ground Truth: -53.8661, Best: -54.2294, Current: -53.6245, Time: 2.59 s
Iteration 70/250: Ground Truth: -53.8661, Best: -54.2294, Current: -53.6242, Time: 2.35 s
Iteration 71/250: Ground Truth: -53.8661, Best: -54.2294, Current: -53.6087, Time: 2.11 s
Iteration 72/250: Ground Truth: -53.8661, Best: -54.2294, Current: -53.4786, Time: 2.61 s
Iteration 73/250: Ground Truth: -53.8661, Best: -54.2294, Current: -53.5664, Time: 2.61 s
Iteration 74/250: Ground Truth: -53.8661, Best: -54.2294, Current: -53.6260, Time: 2.60 s
Iteration 75/250: Ground Truth: -53.8661, Best: -54.2294, Current: -53.5989, Time: 2.61 s
Iteration 76/250: Ground Truth: -53.8661, Best: -54.2294, Current: -53.9660, Time: 2.59 s
Iteration 77/250: Ground Truth: -53.8661, Best: -54.2294, Current: -53.2185, Time: 2.59 s
Iteration 78/250: Ground Truth: -53.8661, Best: -54.2294, Current: -53.2606, Time: 2.58 s
Iteration 79/250: Ground Truth: -53.8661, Best: -54.2294, Current: -53.5722, Time: 2.59 s
Iteration 80/250: Ground Truth: -53.8661, Best: -54.2294, Current: -54.0891, Time: 2.62 s
  *** New best: -54.5006 eV
Iteration 81/250: Ground Truth: -53.8661, Best: -54.5006, Current: -54.5006, Time: 2.61 s
  *** New best: -54.5481 eV
Iteration 82/250: Ground Truth: -53.8661, Best: -54.5481, Current: -54.5481, Time: 2.61 s
  *** New best: -54.5493 eV
Iteration 83/250: Ground Truth: -53.8661, Best: -54.5493, Current: -54.5493, Time: 2.59 s
Iteration 84/250: Ground Truth: -53.8661, Best: -54.5493, Current: -54.5236, Time: 2.59 s
  *** New best: -54.5500 eV
Iteration 85/250: Ground Truth: -53.8661, Best: -54.5500, Current: -54.5500, Time: 2.60 s
Iteration 86/250: Ground Truth: -53.8661, Best: -54.5500, Current: -54.5374, Time: 2.10 s
Iteration 87/250: Ground Truth: -53.8661, Best: -54.5500, Current: -54.5481, Time: 2.58 s
Iteration 88/250: Ground Truth: -53.8661, Best: -54.5500, Current: -54.5484, Time: 2.58 s
Iteration 89/250: Ground Truth: -53.8661, Best: -54.5500, Current: -54.5208, Time: 2.58 s
Iteration 90/250: Ground Truth: -53.8661, Best: -54.5500, Current: -54.5500, Time: 2.59 s
Iteration 91/250: Ground Truth: -53.8661, Best: -54.5500, Current: -54.5127, Time: 2.09 s
  *** New best: -54.5506 eV
Iteration 92/250: Ground Truth: -53.8661, Best: -54.5506, Current: -54.5506, Time: 2.60 s
  *** New best: -54.5511 eV
Iteration 93/250: Ground Truth: -53.8661, Best: -54.5511, Current: -54.5511, Time: 2.60 s
Iteration 94/250: Ground Truth: -53.8661, Best: -54.5511, Current: -54.2828, Time: 2.61 s
Iteration 95/250: Ground Truth: -53.8661, Best: -54.5511, Current: -54.5426, Time: 2.61 s
Iteration 96/250: Ground Truth: -53.8661, Best: -54.5511, Current: -54.5471, Time: 2.34 s
Iteration 97/250: Ground Truth: -53.8661, Best: -54.5511, Current: -54.4773, Time: 2.61 s
Iteration 98/250: Ground Truth: -53.8661, Best: -54.5511, Current: -54.5486, Time: 2.61 s
Iteration 99/250: Ground Truth: -53.8661, Best: -54.5511, Current: -54.5438, Time: 2.59 s
Iteration 100/250: Ground Truth: -53.8661, Best: -54.5511, Current: -54.5400, Time: 2.59 s
Iteration 101/250: Ground Truth: -53.8661, Best: -54.5511, Current: -54.3862, Time: 2.59 s
Iteration 102/250: Ground Truth: -53.8661, Best: -54.5511, Current: -54.5429, Time: 2.59 s
Iteration 103/250: Ground Truth: -53.8661, Best: -54.5511, Current: -54.5396, Time: 2.34 s
Iteration 104/250: Ground Truth: -53.8661, Best: -54.5511, Current: -54.4996, Time: 2.59 s
Iteration 105/250: Ground Truth: -53.8661, Best: -54.5511, Current: -54.5496, Time: 2.59 s
Iteration 106/250: Ground Truth: -53.8661, Best: -54.5511, Current: -54.5354, Time: 2.60 s
Iteration 107/250: Ground Truth: -53.8661, Best: -54.5511, Current: -54.5157, Time: 2.11 s
Iteration 108/250: Ground Truth: -53.8661, Best: -54.5511, Current: -54.4743, Time: 1.60 s
Iteration 109/250: Ground Truth: -53.8661, Best: -54.5511, Current: -54.5439, Time: 2.58 s
Iteration 110/250: Ground Truth: -53.8661, Best: -54.5511, Current: -54.5435, Time: 2.34 s
Iteration 111/250: Ground Truth: -53.8661, Best: -54.5511, Current: -54.5380, Time: 2.59 s
Iteration 112/250: Ground Truth: -53.8661, Best: -54.5511, Current: -54.5407, Time: 2.59 s
Iteration 113/250: Ground Truth: -53.8661, Best: -54.5511, Current: -54.5441, Time: 2.61 s
Iteration 114/250: Ground Truth: -53.8661, Best: -54.5511, Current: -54.5380, Time: 2.61 s
Iteration 115/250: Ground Truth: -53.8661, Best: -54.5511, Current: -54.5351, Time: 2.34 s
Iteration 116/250: Ground Truth: -53.8661, Best: -54.5511, Current: -54.5127, Time: 2.59 s
Iteration 117/250: Ground Truth: -53.8661, Best: -54.5511, Current: -54.4960, Time: 2.59 s
Iteration 118/250: Ground Truth: -53.8661, Best: -54.5511, Current: -54.5419, Time: 2.59 s
Iteration 119/250: Ground Truth: -53.8661, Best: -54.5511, Current: -54.5442, Time: 2.35 s
Iteration 120/250: Ground Truth: -53.8661, Best: -54.5511, Current: -54.5185, Time: 2.59 s
Iteration 121/250: Ground Truth: -53.8661, Best: -54.5511, Current: -54.5299, Time: 2.59 s
Iteration 122/250: Ground Truth: -53.8661, Best: -54.5511, Current: -54.5386, Time: 2.59 s
Iteration 123/250: Ground Truth: -53.8661, Best: -54.5511, Current: -54.5420, Time: 2.58 s
Iteration 124/250: Ground Truth: -53.8661, Best: -54.5511, Current: -54.5459, Time: 2.60 s
Iteration 125/250: Ground Truth: -53.8661, Best: -54.5511, Current: -54.0396, Time: 2.61 s
Iteration 126/250: Ground Truth: -53.8661, Best: -54.5511, Current: -54.0564, Time: 2.61 s
Iteration 127/250: Ground Truth: -53.8661, Best: -54.5511, Current: -54.0436, Time: 2.61 s
Iteration 128/250: Ground Truth: -53.8661, Best: -54.5511, Current: -54.0501, Time: 2.60 s
Iteration 129/250: Ground Truth: -53.8661, Best: -54.5511, Current: -54.0567, Time: 2.36 s
Iteration 130/250: Ground Truth: -53.8661, Best: -54.5511, Current: -54.0547, Time: 2.35 s
Iteration 131/250: Ground Truth: -53.8661, Best: -54.5511, Current: -54.0500, Time: 2.35 s
Iteration 132/250: Ground Truth: -53.8661, Best: -54.5511, Current: -54.0374, Time: 2.10 s
Iteration 133/250: Ground Truth: -53.8661, Best: -54.5511, Current: -54.0421, Time: 2.61 s
Iteration 134/250: Ground Truth: -53.8661, Best: -54.5511, Current: -53.8767, Time: 2.60 s
Iteration 135/250: Ground Truth: -53.8661, Best: -54.5511, Current: -53.8588, Time: 2.35 s
Iteration 136/250: Ground Truth: -53.8661, Best: -54.5511, Current: -53.8816, Time: 2.59 s
Iteration 137/250: Ground Truth: -53.8661, Best: -54.5511, Current: -53.8427, Time: 2.58 s
Iteration 138/250: Ground Truth: -53.8661, Best: -54.5511, Current: -54.0176, Time: 2.59 s
Iteration 139/250: Ground Truth: -53.8661, Best: -54.5511, Current: -54.0218, Time: 2.11 s
Iteration 140/250: Ground Truth: -53.8661, Best: -54.5511, Current: -54.2236, Time: 2.59 s
Iteration 141/250: Ground Truth: -53.8661, Best: -54.5511, Current: -54.2123, Time: 2.58 s
Iteration 142/250: Ground Truth: -53.8661, Best: -54.5511, Current: -54.2221, Time: 2.34 s
Iteration 143/250: Ground Truth: -53.8661, Best: -54.5511, Current: -54.1624, Time: 1.60 s
Iteration 144/250: Ground Truth: -53.8661, Best: -54.5511, Current: -54.2271, Time: 2.61 s
Iteration 145/250: Ground Truth: -53.8661, Best: -54.5511, Current: -54.2265, Time: 2.60 s
Iteration 146/250: Ground Truth: -53.8661, Best: -54.5511, Current: -54.2271, Time: 2.59 s
Iteration 147/250: Ground Truth: -53.8661, Best: -54.5511, Current: -54.2264, Time: 2.59 s
Iteration 148/250: Ground Truth: -53.8661, Best: -54.5511, Current: -54.2178, Time: 2.10 s
Iteration 149/250: Ground Truth: -53.8661, Best: -54.5511, Current: -54.2229, Time: 2.59 s
Iteration 150/250: Ground Truth: -53.8661, Best: -54.5511, Current: -53.8390, Time: 2.60 s
Iteration 151/250: Ground Truth: -53.8661, Best: -54.5511, Current: -53.8887, Time: 2.61 s
Iteration 152/250: Ground Truth: -53.8661, Best: -54.5511, Current: -53.8788, Time: 2.61 s
Iteration 153/250: Ground Truth: -53.8661, Best: -54.5511, Current: -53.8264, Time: 2.61 s
Iteration 154/250: Ground Truth: -53.8661, Best: -54.5511, Current: -54.0456, Time: 2.61 s
Iteration 155/250: Ground Truth: -53.8661, Best: -54.5511, Current: -54.0348, Time: 1.86 s
Iteration 156/250: Ground Truth: -53.8661, Best: -54.5511, Current: -54.0454, Time: 2.36 s
Iteration 157/250: Ground Truth: -53.8661, Best: -54.5511, Current: -54.0423, Time: 2.61 s
Iteration 158/250: Ground Truth: -53.8661, Best: -54.5511, Current: -54.0423, Time: 2.61 s
Iteration 159/250: Ground Truth: -53.8661, Best: -54.5511, Current: -53.8827, Time: 2.60 s
Iteration 160/250: Ground Truth: -53.8661, Best: -54.5511, Current: -53.9269, Time: 2.61 s
Iteration 161/250: Ground Truth: -53.8661, Best: -54.5511, Current: -53.8934, Time: 2.64 s
Iteration 162/250: Ground Truth: -53.8661, Best: -54.5511, Current: -54.0227, Time: 2.11 s
Iteration 163/250: Ground Truth: -53.8661, Best: -54.5511, Current: -54.0433, Time: 2.61 s
Iteration 164/250: Ground Truth: -53.8661, Best: -54.5511, Current: -54.0477, Time: 2.60 s
Iteration 165/250: Ground Truth: -53.8661, Best: -54.5511, Current: -54.0489, Time: 2.59 s
Iteration 166/250: Ground Truth: -53.8661, Best: -54.5511, Current: -54.0388, Time: 2.59 s
Iteration 167/250: Ground Truth: -53.8661, Best: -54.5511, Current: -54.0442, Time: 2.60 s
Iteration 168/250: Ground Truth: -53.8661, Best: -54.5511, Current: -54.0344, Time: 2.60 s
Iteration 169/250: Ground Truth: -53.8661, Best: -54.5511, Current: -54.0344, Time: 2.61 s
Iteration 170/250: Ground Truth: -53.8661, Best: -54.5511, Current: -54.0037, Time: 2.59 s
Iteration 171/250: Ground Truth: -53.8661, Best: -54.5511, Current: -54.0318, Time: 2.61 s
Iteration 172/250: Ground Truth: -53.8661, Best: -54.5511, Current: -54.0360, Time: 2.60 s
Iteration 173/250: Ground Truth: -53.8661, Best: -54.5511, Current: -54.0475, Time: 2.33 s
Iteration 174/250: Ground Truth: -53.8661, Best: -54.5511, Current: -54.0475, Time: 2.65 s
Iteration 175/250: Ground Truth: -53.8661, Best: -54.5511, Current: -54.0272, Time: 2.10 s
Iteration 176/250: Ground Truth: -53.8661, Best: -54.5511, Current: -54.0458, Time: 2.35 s
Iteration 177/250: Ground Truth: -53.8661, Best: -54.5511, Current: -54.0370, Time: 2.60 s
Iteration 178/250: Ground Truth: -53.8661, Best: -54.5511, Current: -54.0471, Time: 2.61 s
Iteration 179/250: Ground Truth: -53.8661, Best: -54.5511, Current: -54.0416, Time: 2.61 s
Iteration 180/250: Ground Truth: -53.8661, Best: -54.5511, Current: -54.0183, Time: 2.10 s
Iteration 181/250: Ground Truth: -53.8661, Best: -54.5511, Current: -53.9474, Time: 2.66 s
Iteration 182/250: Ground Truth: -53.8661, Best: -54.5511, Current: -53.9590, Time: 2.60 s
Iteration 183/250: Ground Truth: -53.8661, Best: -54.5511, Current: -54.0076, Time: 2.60 s
Iteration 184/250: Ground Truth: -53.8661, Best: -54.5511, Current: -53.9580, Time: 2.09 s
Iteration 185/250: Ground Truth: -53.8661, Best: -54.5511, Current: -53.9371, Time: 2.10 s
Iteration 186/250: Ground Truth: -53.8661, Best: -54.5511, Current: -53.9876, Time: 2.59 s
Iteration 187/250: Ground Truth: -53.8661, Best: -54.5511, Current: -53.9711, Time: 2.62 s
Iteration 188/250: Ground Truth: -53.8661, Best: -54.5511, Current: -53.9992, Time: 2.61 s
Iteration 189/250: Ground Truth: -53.8661, Best: -54.5511, Current: -54.0059, Time: 2.60 s
Iteration 190/250: Ground Truth: -53.8661, Best: -54.5511, Current: -53.9896, Time: 2.62 s
Iteration 191/250: Ground Truth: -53.8661, Best: -54.5511, Current: -53.9859, Time: 2.36 s
Iteration 192/250: Ground Truth: -53.8661, Best: -54.5511, Current: -53.9732, Time: 2.60 s
Iteration 193/250: Ground Truth: -53.8661, Best: -54.5511, Current: -53.9830, Time: 2.09 s
Iteration 194/250: Ground Truth: -53.8661, Best: -54.5511, Current: -53.9958, Time: 2.58 s
Iteration 195/250: Ground Truth: -53.8661, Best: -54.5511, Current: -54.0107, Time: 2.59 s
Iteration 196/250: Ground Truth: -53.8661, Best: -54.5511, Current: -54.0697, Time: 2.59 s
Iteration 197/250: Ground Truth: -53.8661, Best: -54.5511, Current: -54.0028, Time: 2.59 s
Iteration 198/250: Ground Truth: -53.8661, Best: -54.5511, Current: -54.0692, Time: 2.11 s
Iteration 199/250: Ground Truth: -53.8661, Best: -54.5511, Current: -54.0844, Time: 2.36 s
Iteration 200/250: Ground Truth: -53.8661, Best: -54.5511, Current: -54.0728, Time: 2.59 s
Iteration 201/250: Ground Truth: -53.8661, Best: -54.5511, Current: -54.0810, Time: 2.60 s
Iteration 202/250: Ground Truth: -53.8661, Best: -54.5511, Current: -54.0765, Time: 2.61 s
Iteration 203/250: Ground Truth: -53.8661, Best: -54.5511, Current: -54.0815, Time: 2.61 s
Iteration 204/250: Ground Truth: -53.8661, Best: -54.5511, Current: -54.0689, Time: 2.11 s
Iteration 205/250: Ground Truth: -53.8661, Best: -54.5511, Current: -54.0770, Time: 2.61 s
Iteration 206/250: Ground Truth: -53.8661, Best: -54.5511, Current: -54.0613, Time: 2.60 s
Iteration 207/250: Ground Truth: -53.8661, Best: -54.5511, Current: -54.0759, Time: 2.61 s
Iteration 208/250: Ground Truth: -53.8661, Best: -54.5511, Current: -54.0788, Time: 2.35 s
Iteration 209/250: Ground Truth: -53.8661, Best: -54.5511, Current: -54.0818, Time: 2.59 s
Iteration 210/250: Ground Truth: -53.8661, Best: -54.5511, Current: -53.6070, Time: 2.60 s
Iteration 211/250: Ground Truth: -53.8661, Best: -54.5511, Current: -54.0240, Time: 2.59 s
Iteration 212/250: Ground Truth: -53.8661, Best: -54.5511, Current: -54.0372, Time: 2.59 s
Iteration 213/250: Ground Truth: -53.8661, Best: -54.5511, Current: -53.4591, Time: 2.60 s
Iteration 214/250: Ground Truth: -53.8661, Best: -54.5511, Current: -53.9106, Time: 2.61 s
Iteration 215/250: Ground Truth: -53.8661, Best: -54.5511, Current: -53.9344, Time: 2.61 s
Iteration 216/250: Ground Truth: -53.8661, Best: -54.5511, Current: -53.9104, Time: 2.60 s
Iteration 217/250: Ground Truth: -53.8661, Best: -54.5511, Current: -53.9335, Time: 2.34 s
Iteration 218/250: Ground Truth: -53.8661, Best: -54.5511, Current: -53.9227, Time: 2.65 s
Iteration 219/250: Ground Truth: -53.8661, Best: -54.5511, Current: -53.9321, Time: 2.36 s
Iteration 220/250: Ground Truth: -53.8661, Best: -54.5511, Current: -53.8851, Time: 1.86 s
Iteration 221/250: Ground Truth: -53.8661, Best: -54.5511, Current: -53.9974, Time: 2.61 s
Iteration 222/250: Ground Truth: -53.8661, Best: -54.5511, Current: -53.9757, Time: 1.86 s
Iteration 223/250: Ground Truth: -53.8661, Best: -54.5511, Current: -53.9916, Time: 2.61 s
Iteration 224/250: Ground Truth: -53.8661, Best: -54.5511, Current: -53.9882, Time: 2.61 s
Iteration 225/250: Ground Truth: -53.8661, Best: -54.5511, Current: -53.9313, Time: 2.59 s
Iteration 226/250: Ground Truth: -53.8661, Best: -54.5511, Current: -53.8608, Time: 2.61 s
Iteration 227/250: Ground Truth: -53.8661, Best: -54.5511, Current: -53.8701, Time: 2.60 s
Iteration 228/250: Ground Truth: -53.8661, Best: -54.5511, Current: -53.9820, Time: 2.59 s
Iteration 229/250: Ground Truth: -53.8661, Best: -54.5511, Current: -54.0439, Time: 2.58 s
Iteration 230/250: Ground Truth: -53.8661, Best: -54.5511, Current: -54.0418, Time: 2.60 s
Iteration 231/250: Ground Truth: -53.8661, Best: -54.5511, Current: -53.8885, Time: 2.60 s
Iteration 232/250: Ground Truth: -53.8661, Best: -54.5511, Current: -53.7889, Time: 2.61 s
Iteration 233/250: Ground Truth: -53.8661, Best: -54.5511, Current: -53.7227, Time: 2.11 s
Iteration 234/250: Ground Truth: -53.8661, Best: -54.5511, Current: -53.8945, Time: 2.60 s
Iteration 235/250: Ground Truth: -53.8661, Best: -54.5511, Current: -53.9957, Time: 2.60 s
Iteration 236/250: Ground Truth: -53.8661, Best: -54.5511, Current: -54.0015, Time: 2.60 s
Iteration 237/250: Ground Truth: -53.8661, Best: -54.5511, Current: -53.9911, Time: 2.59 s
Iteration 238/250: Ground Truth: -53.8661, Best: -54.5511, Current: -54.0024, Time: 2.58 s
Iteration 239/250: Ground Truth: -53.8661, Best: -54.5511, Current: -54.0024, Time: 2.60 s
Iteration 240/250: Ground Truth: -53.8661, Best: -54.5511, Current: -54.0027, Time: 2.59 s
Iteration 241/250: Ground Truth: -53.8661, Best: -54.5511, Current: -54.0536, Time: 2.60 s
Iteration 242/250: Ground Truth: -53.8661, Best: -54.5511, Current: -54.0536, Time: 2.61 s
Iteration 243/250: Ground Truth: -53.8661, Best: -54.5511, Current: -54.0449, Time: 1.85 s
Iteration 244/250: Ground Truth: -53.8661, Best: -54.5511, Current: -54.0303, Time: 2.15 s
Iteration 245/250: Ground Truth: -53.8661, Best: -54.5511, Current: -54.0530, Time: 2.60 s
Iteration 246/250: Ground Truth: -53.8661, Best: -54.5511, Current: -54.0480, Time: 2.10 s
Iteration 247/250: Ground Truth: -53.8661, Best: -54.5511, Current: -54.0484, Time: 2.61 s
Iteration 248/250: Ground Truth: -53.8661, Best: -54.5511, Current: -54.0537, Time: 2.36 s
Iteration 249/250: Ground Truth: -53.8661, Best: -54.5511, Current: -53.9352, Time: 2.61 s
Iteration 250/250: Ground Truth: -53.8661, Best: -54.5511, Current: -54.0229, Time: 2.60 s
Lower energy for mp-571363: RMSD = 3.049, ΔE = 0.685 eV
mp-571363 match: True
Initial energy: -254.0682830810547
  *** New best: -260.0130 eV
Iteration 1/250: Ground Truth: -287.6263, Best: -260.0130, Current: -260.0130, Time: 2.66 s
  *** New best: -264.5319 eV
Iteration 2/250: Ground Truth: -287.6263, Best: -264.5319, Current: -264.5319, Time: 2.66 s
  *** New best: -267.1236 eV
Iteration 3/250: Ground Truth: -287.6263, Best: -267.1236, Current: -267.1236, Time: 2.68 s
Iteration 4/250: Ground Truth: -287.6263, Best: -267.1236, Current: -267.1236, Time: 2.67 s
  *** New best: -268.2634 eV
Iteration 5/250: Ground Truth: -287.6263, Best: -268.2634, Current: -268.2634, Time: 2.65 s
  *** New best: -271.6563 eV
Iteration 6/250: Ground Truth: -287.6263, Best: -271.6563, Current: -271.6563, Time: 2.66 s
Iteration 7/250: Ground Truth: -287.6263, Best: -271.6563, Current: -271.6563, Time: 2.65 s
  *** New best: -271.6660 eV
Iteration 8/250: Ground Truth: -287.6263, Best: -271.6660, Current: -271.6660, Time: 2.64 s
Iteration 9/250: Ground Truth: -287.6263, Best: -271.6660, Current: -271.6660, Time: 2.67 s
Iteration 10/250: Ground Truth: -287.6263, Best: -271.6660, Current: -271.6660, Time: 2.69 s
  *** New best: -272.4207 eV
Iteration 11/250: Ground Truth: -287.6263, Best: -272.4207, Current: -272.4207, Time: 2.67 s
  *** New best: -272.5823 eV
Iteration 12/250: Ground Truth: -287.6263, Best: -272.5823, Current: -272.5823, Time: 2.68 s
Iteration 13/250: Ground Truth: -287.6263, Best: -272.5823, Current: -272.5823, Time: 2.65 s
Iteration 14/250: Ground Truth: -287.6263, Best: -272.5823, Current: -271.9209, Time: 2.68 s
Iteration 15/250: Ground Truth: -287.6263, Best: -272.5823, Current: -271.9209, Time: 2.69 s
Iteration 16/250: Ground Truth: -287.6263, Best: -272.5823, Current: -271.5678, Time: 2.69 s
Iteration 17/250: Ground Truth: -287.6263, Best: -272.5823, Current: -271.6991, Time: 2.70 s
Iteration 18/250: Ground Truth: -287.6263, Best: -272.5823, Current: -271.2775, Time: 2.69 s
  *** New best: -273.8790 eV
Iteration 19/250: Ground Truth: -287.6263, Best: -273.8790, Current: -273.8790, Time: 2.69 s
Iteration 20/250: Ground Truth: -287.6263, Best: -273.8790, Current: -273.8790, Time: 2.67 s
Iteration 21/250: Ground Truth: -287.6263, Best: -273.8790, Current: -273.2431, Time: 2.68 s
Iteration 22/250: Ground Truth: -287.6263, Best: -273.8790, Current: -273.2431, Time: 2.68 s
Iteration 23/250: Ground Truth: -287.6263, Best: -273.8790, Current: -272.7002, Time: 2.67 s
Iteration 24/250: Ground Truth: -287.6263, Best: -273.8790, Current: -272.1027, Time: 2.69 s
Iteration 25/250: Ground Truth: -287.6263, Best: -273.8790, Current: -269.9629, Time: 2.67 s
Iteration 26/250: Ground Truth: -287.6263, Best: -273.8790, Current: -273.2523, Time: 2.68 s
  *** New best: -273.9292 eV
Iteration 27/250: Ground Truth: -287.6263, Best: -273.9292, Current: -273.9292, Time: 2.67 s
Iteration 28/250: Ground Truth: -287.6263, Best: -273.9292, Current: -273.9292, Time: 2.68 s
Iteration 29/250: Ground Truth: -287.6263, Best: -273.9292, Current: -273.9292, Time: 2.69 s
  *** New best: -274.1168 eV
Iteration 30/250: Ground Truth: -287.6263, Best: -274.1168, Current: -274.1168, Time: 2.68 s
  *** New best: -275.1135 eV
Iteration 31/250: Ground Truth: -287.6263, Best: -275.1135, Current: -275.1135, Time: 2.70 s
Iteration 32/250: Ground Truth: -287.6263, Best: -275.1135, Current: -275.1135, Time: 2.67 s
Iteration 33/250: Ground Truth: -287.6263, Best: -275.1135, Current: -275.1135, Time: 2.70 s
Iteration 34/250: Ground Truth: -287.6263, Best: -275.1135, Current: -275.1135, Time: 2.70 s
Iteration 35/250: Ground Truth: -287.6263, Best: -275.1135, Current: -275.1135, Time: 2.70 s
Iteration 36/250: Ground Truth: -287.6263, Best: -275.1135, Current: -275.1135, Time: 2.68 s
Iteration 37/250: Ground Truth: -287.6263, Best: -275.1135, Current: -275.1135, Time: 2.68 s
Iteration 38/250: Ground Truth: -287.6263, Best: -275.1135, Current: -275.1135, Time: 2.66 s
Iteration 39/250: Ground Truth: -287.6263, Best: -275.1135, Current: -275.1135, Time: 2.67 s
Iteration 40/250: Ground Truth: -287.6263, Best: -275.1135, Current: -275.1135, Time: 2.66 s
Iteration 41/250: Ground Truth: -287.6263, Best: -275.1135, Current: -275.1135, Time: 2.68 s
Iteration 42/250: Ground Truth: -287.6263, Best: -275.1135, Current: -274.8222, Time: 2.67 s
Iteration 43/250: Ground Truth: -287.6263, Best: -275.1135, Current: -274.8222, Time: 2.66 s
Iteration 44/250: Ground Truth: -287.6263, Best: -275.1135, Current: -274.8222, Time: 2.68 s
Iteration 45/250: Ground Truth: -287.6263, Best: -275.1135, Current: -274.8222, Time: 2.66 s
Iteration 46/250: Ground Truth: -287.6263, Best: -275.1135, Current: -274.8222, Time: 2.68 s
Iteration 47/250: Ground Truth: -287.6263, Best: -275.1135, Current: -274.8222, Time: 2.68 s
Iteration 48/250: Ground Truth: -287.6263, Best: -275.1135, Current: -274.8222, Time: 2.67 s
Iteration 49/250: Ground Truth: -287.6263, Best: -275.1135, Current: -274.8222, Time: 2.67 s
Iteration 50/250: Ground Truth: -287.6263, Best: -275.1135, Current: -274.8222, Time: 2.70 s
Iteration 51/250: Ground Truth: -287.6263, Best: -275.1135, Current: -274.8222, Time: 2.69 s
Iteration 52/250: Ground Truth: -287.6263, Best: -275.1135, Current: -274.8222, Time: 2.66 s
Iteration 53/250: Ground Truth: -287.6263, Best: -275.1135, Current: -274.8222, Time: 2.65 s
Iteration 54/250: Ground Truth: -287.6263, Best: -275.1135, Current: -274.8222, Time: 2.68 s
Iteration 55/250: Ground Truth: -287.6263, Best: -275.1135, Current: -274.8222, Time: 2.67 s
Iteration 56/250: Ground Truth: -287.6263, Best: -275.1135, Current: -274.4861, Time: 2.66 s
Iteration 57/250: Ground Truth: -287.6263, Best: -275.1135, Current: -274.8069, Time: 2.69 s
Iteration 58/250: Ground Truth: -287.6263, Best: -275.1135, Current: -274.8069, Time: 2.69 s
Iteration 59/250: Ground Truth: -287.6263, Best: -275.1135, Current: -274.8069, Time: 2.67 s
Iteration 60/250: Ground Truth: -287.6263, Best: -275.1135, Current: -274.8069, Time: 2.67 s
Iteration 61/250: Ground Truth: -287.6263, Best: -275.1135, Current: -274.8069, Time: 2.67 s
Iteration 62/250: Ground Truth: -287.6263, Best: -275.1135, Current: -274.3763, Time: 2.67 s
Iteration 63/250: Ground Truth: -287.6263, Best: -275.1135, Current: -274.5327, Time: 2.68 s
  *** New best: -275.2558 eV
Iteration 64/250: Ground Truth: -287.6263, Best: -275.2558, Current: -275.2558, Time: 2.68 s
Iteration 65/250: Ground Truth: -287.6263, Best: -275.2558, Current: -275.2558, Time: 2.69 s
Iteration 66/250: Ground Truth: -287.6263, Best: -275.2558, Current: -275.2558, Time: 2.69 s
Iteration 67/250: Ground Truth: -287.6263, Best: -275.2558, Current: -275.2558, Time: 2.68 s
Iteration 68/250: Ground Truth: -287.6263, Best: -275.2558, Current: -275.2558, Time: 2.69 s
Iteration 69/250: Ground Truth: -287.6263, Best: -275.2558, Current: -275.2558, Time: 2.68 s
Iteration 70/250: Ground Truth: -287.6263, Best: -275.2558, Current: -274.5553, Time: 2.70 s
Iteration 71/250: Ground Truth: -287.6263, Best: -275.2558, Current: -273.2038, Time: 2.70 s
Iteration 72/250: Ground Truth: -287.6263, Best: -275.2558, Current: -273.2038, Time: 2.68 s
Iteration 73/250: Ground Truth: -287.6263, Best: -275.2558, Current: -273.2038, Time: 2.70 s
Iteration 74/250: Ground Truth: -287.6263, Best: -275.2558, Current: -272.5842, Time: 2.64 s
Iteration 75/250: Ground Truth: -287.6263, Best: -275.2558, Current: -272.4828, Time: 2.65 s
Iteration 76/250: Ground Truth: -287.6263, Best: -275.2558, Current: -272.4828, Time: 2.67 s
Iteration 77/250: Ground Truth: -287.6263, Best: -275.2558, Current: -272.4828, Time: 2.69 s
Iteration 78/250: Ground Truth: -287.6263, Best: -275.2558, Current: -274.0338, Time: 2.68 s
Iteration 79/250: Ground Truth: -287.6263, Best: -275.2558, Current: -274.1555, Time: 2.66 s
Iteration 80/250: Ground Truth: -287.6263, Best: -275.2558, Current: -273.6129, Time: 2.68 s
Iteration 81/250: Ground Truth: -287.6263, Best: -275.2558, Current: -273.6129, Time: 2.69 s
Iteration 82/250: Ground Truth: -287.6263, Best: -275.2558, Current: -273.6129, Time: 2.68 s
Iteration 83/250: Ground Truth: -287.6263, Best: -275.2558, Current: -273.6129, Time: 2.72 s
Iteration 84/250: Ground Truth: -287.6263, Best: -275.2558, Current: -273.6129, Time: 2.70 s
Iteration 85/250: Ground Truth: -287.6263, Best: -275.2558, Current: -272.9862, Time: 2.70 s
Iteration 86/250: Ground Truth: -287.6263, Best: -275.2558, Current: -272.9862, Time: 2.70 s
  *** New best: -275.7875 eV
Iteration 87/250: Ground Truth: -287.6263, Best: -275.7875, Current: -275.7875, Time: 2.70 s
Iteration 88/250: Ground Truth: -287.6263, Best: -275.7875, Current: -275.7875, Time: 2.70 s
Iteration 89/250: Ground Truth: -287.6263, Best: -275.7875, Current: -275.7875, Time: 2.71 s
Iteration 90/250: Ground Truth: -287.6263, Best: -275.7875, Current: -275.7875, Time: 2.71 s
  *** New best: -275.8309 eV
Iteration 91/250: Ground Truth: -287.6263, Best: -275.8309, Current: -275.8309, Time: 2.65 s
Iteration 92/250: Ground Truth: -287.6263, Best: -275.8309, Current: -275.8309, Time: 2.68 s
Iteration 93/250: Ground Truth: -287.6263, Best: -275.8309, Current: -275.7435, Time: 2.67 s
Iteration 94/250: Ground Truth: -287.6263, Best: -275.8309, Current: -275.7435, Time: 2.71 s
Iteration 95/250: Ground Truth: -287.6263, Best: -275.8309, Current: -275.7435, Time: 2.65 s
Iteration 96/250: Ground Truth: -287.6263, Best: -275.8309, Current: -275.7435, Time: 2.72 s
Iteration 97/250: Ground Truth: -287.6263, Best: -275.8309, Current: -275.6726, Time: 2.69 s
Iteration 98/250: Ground Truth: -287.6263, Best: -275.8309, Current: -275.5607, Time: 2.69 s
  *** New best: -276.1574 eV
Iteration 99/250: Ground Truth: -287.6263, Best: -276.1574, Current: -276.1574, Time: 2.71 s
Iteration 100/250: Ground Truth: -287.6263, Best: -276.1574, Current: -276.1574, Time: 2.70 s
Iteration 101/250: Ground Truth: -287.6263, Best: -276.1574, Current: -275.8825, Time: 2.69 s
Iteration 102/250: Ground Truth: -287.6263, Best: -276.1574, Current: -276.0299, Time: 2.68 s
Iteration 103/250: Ground Truth: -287.6263, Best: -276.1574, Current: -276.0299, Time: 2.67 s
Iteration 104/250: Ground Truth: -287.6263, Best: -276.1574, Current: -273.6593, Time: 2.69 s
Iteration 105/250: Ground Truth: -287.6263, Best: -276.1574, Current: -272.8585, Time: 2.67 s
Iteration 106/250: Ground Truth: -287.6263, Best: -276.1574, Current: -272.6954, Time: 2.69 s
  *** New best: -276.2454 eV
Iteration 107/250: Ground Truth: -287.6263, Best: -276.2454, Current: -276.2454, Time: 2.65 s
Iteration 108/250: Ground Truth: -287.6263, Best: -276.2454, Current: -274.9067, Time: 2.67 s
Iteration 109/250: Ground Truth: -287.6263, Best: -276.2454, Current: -274.9067, Time: 2.69 s
Iteration 110/250: Ground Truth: -287.6263, Best: -276.2454, Current: -275.6346, Time: 2.68 s
Iteration 111/250: Ground Truth: -287.6263, Best: -276.2454, Current: -275.6346, Time: 2.68 s
Iteration 112/250: Ground Truth: -287.6263, Best: -276.2454, Current: -275.6346, Time: 2.71 s
Iteration 113/250: Ground Truth: -287.6263, Best: -276.2454, Current: -275.6163, Time: 2.69 s
Iteration 114/250: Ground Truth: -287.6263, Best: -276.2454, Current: -275.6163, Time: 2.70 s
Iteration 115/250: Ground Truth: -287.6263, Best: -276.2454, Current: -275.6163, Time: 2.70 s
Iteration 116/250: Ground Truth: -287.6263, Best: -276.2454, Current: -275.2855, Time: 2.70 s
Iteration 117/250: Ground Truth: -287.6263, Best: -276.2454, Current: -275.2855, Time: 2.68 s
Iteration 118/250: Ground Truth: -287.6263, Best: -276.2454, Current: -274.8223, Time: 2.69 s
Iteration 119/250: Ground Truth: -287.6263, Best: -276.2454, Current: -274.8223, Time: 2.70 s
Iteration 120/250: Ground Truth: -287.6263, Best: -276.2454, Current: -275.8686, Time: 2.68 s
Iteration 121/250: Ground Truth: -287.6263, Best: -276.2454, Current: -275.8686, Time: 2.70 s
Iteration 122/250: Ground Truth: -287.6263, Best: -276.2454, Current: -275.8686, Time: 2.69 s
Iteration 123/250: Ground Truth: -287.6263, Best: -276.2454, Current: -275.8686, Time: 2.65 s
Iteration 124/250: Ground Truth: -287.6263, Best: -276.2454, Current: -275.8686, Time: 2.69 s
Iteration 125/250: Ground Truth: -287.6263, Best: -276.2454, Current: -275.3673, Time: 2.70 s
Iteration 126/250: Ground Truth: -287.6263, Best: -276.2454, Current: -275.3673, Time: 2.71 s
Iteration 127/250: Ground Truth: -287.6263, Best: -276.2454, Current: -275.3673, Time: 2.70 s
Iteration 128/250: Ground Truth: -287.6263, Best: -276.2454, Current: -276.2345, Time: 2.70 s
Iteration 129/250: Ground Truth: -287.6263, Best: -276.2454, Current: -276.2345, Time: 2.70 s
  *** New best: -276.7514 eV
Iteration 130/250: Ground Truth: -287.6263, Best: -276.7514, Current: -276.7514, Time: 2.70 s
Iteration 131/250: Ground Truth: -287.6263, Best: -276.7514, Current: -276.4520, Time: 2.70 s
Iteration 132/250: Ground Truth: -287.6263, Best: -276.7514, Current: -275.9229, Time: 2.70 s
Iteration 133/250: Ground Truth: -287.6263, Best: -276.7514, Current: -275.7620, Time: 2.70 s
Iteration 134/250: Ground Truth: -287.6263, Best: -276.7514, Current: -275.7620, Time: 2.68 s
Iteration 135/250: Ground Truth: -287.6263, Best: -276.7514, Current: -275.7620, Time: 2.69 s
Iteration 136/250: Ground Truth: -287.6263, Best: -276.7514, Current: -275.7620, Time: 2.68 s
Iteration 137/250: Ground Truth: -287.6263, Best: -276.7514, Current: -276.3522, Time: 2.69 s
Iteration 138/250: Ground Truth: -287.6263, Best: -276.7514, Current: -276.4925, Time: 2.70 s
Iteration 139/250: Ground Truth: -287.6263, Best: -276.7514, Current: -276.4925, Time: 2.70 s
Iteration 140/250: Ground Truth: -287.6263, Best: -276.7514, Current: -276.4925, Time: 2.69 s
Iteration 141/250: Ground Truth: -287.6263, Best: -276.7514, Current: -276.4925, Time: 2.70 s
Iteration 142/250: Ground Truth: -287.6263, Best: -276.7514, Current: -276.4925, Time: 2.67 s
Iteration 143/250: Ground Truth: -287.6263, Best: -276.7514, Current: -276.5619, Time: 2.66 s
Iteration 144/250: Ground Truth: -287.6263, Best: -276.7514, Current: -276.5619, Time: 2.71 s
Iteration 145/250: Ground Truth: -287.6263, Best: -276.7514, Current: -276.5619, Time: 2.69 s
Iteration 146/250: Ground Truth: -287.6263, Best: -276.7514, Current: -275.7277, Time: 2.71 s
Iteration 147/250: Ground Truth: -287.6263, Best: -276.7514, Current: -274.0988, Time: 2.71 s
Iteration 148/250: Ground Truth: -287.6263, Best: -276.7514, Current: -274.0988, Time: 2.67 s
Iteration 149/250: Ground Truth: -287.6263, Best: -276.7514, Current: -274.0404, Time: 2.69 s
Iteration 150/250: Ground Truth: -287.6263, Best: -276.7514, Current: -274.0404, Time: 2.70 s
Iteration 151/250: Ground Truth: -287.6263, Best: -276.7514, Current: -274.0404, Time: 2.67 s
Iteration 152/250: Ground Truth: -287.6263, Best: -276.7514, Current: -274.0404, Time: 2.71 s
Iteration 153/250: Ground Truth: -287.6263, Best: -276.7514, Current: -274.0404, Time: 2.70 s
Iteration 154/250: Ground Truth: -287.6263, Best: -276.7514, Current: -274.0404, Time: 2.71 s
Iteration 155/250: Ground Truth: -287.6263, Best: -276.7514, Current: -273.9261, Time: 2.70 s
Iteration 156/250: Ground Truth: -287.6263, Best: -276.7514, Current: -275.3131, Time: 2.72 s
Iteration 157/250: Ground Truth: -287.6263, Best: -276.7514, Current: -274.4998, Time: 2.67 s
Iteration 158/250: Ground Truth: -287.6263, Best: -276.7514, Current: -274.4998, Time: 2.69 s
Iteration 159/250: Ground Truth: -287.6263, Best: -276.7514, Current: -274.4998, Time: 2.70 s
Iteration 160/250: Ground Truth: -287.6263, Best: -276.7514, Current: -274.4998, Time: 2.71 s
Iteration 161/250: Ground Truth: -287.6263, Best: -276.7514, Current: -272.0000, Time: 2.70 s
Iteration 162/250: Ground Truth: -287.6263, Best: -276.7514, Current: -272.0379, Time: 2.64 s
Iteration 163/250: Ground Truth: -287.6263, Best: -276.7514, Current: -272.0379, Time: 2.70 s
Iteration 164/250: Ground Truth: -287.6263, Best: -276.7514, Current: -272.0379, Time: 2.69 s
Iteration 165/250: Ground Truth: -287.6263, Best: -276.7514, Current: -273.3376, Time: 2.70 s
Iteration 166/250: Ground Truth: -287.6263, Best: -276.7514, Current: -273.3376, Time: 2.68 s
Iteration 167/250: Ground Truth: -287.6263, Best: -276.7514, Current: -272.4663, Time: 2.70 s
Iteration 168/250: Ground Truth: -287.6263, Best: -276.7514, Current: -272.2383, Time: 2.70 s
Iteration 169/250: Ground Truth: -287.6263, Best: -276.7514, Current: -274.1281, Time: 2.70 s
Iteration 170/250: Ground Truth: -287.6263, Best: -276.7514, Current: -274.1255, Time: 2.70 s
Iteration 171/250: Ground Truth: -287.6263, Best: -276.7514, Current: -273.7498, Time: 2.69 s
Iteration 172/250: Ground Truth: -287.6263, Best: -276.7514, Current: -273.1081, Time: 2.68 s
Iteration 173/250: Ground Truth: -287.6263, Best: -276.7514, Current: -274.6482, Time: 2.70 s
Iteration 174/250: Ground Truth: -287.6263, Best: -276.7514, Current: -274.6482, Time: 2.70 s
Iteration 175/250: Ground Truth: -287.6263, Best: -276.7514, Current: -274.6482, Time: 2.70 s
Iteration 176/250: Ground Truth: -287.6263, Best: -276.7514, Current: -275.1611, Time: 2.68 s
Iteration 177/250: Ground Truth: -287.6263, Best: -276.7514, Current: -276.4815, Time: 2.67 s
Iteration 178/250: Ground Truth: -287.6263, Best: -276.7514, Current: -276.0141, Time: 2.74 s
Iteration 179/250: Ground Truth: -287.6263, Best: -276.7514, Current: -276.0141, Time: 2.69 s
Iteration 180/250: Ground Truth: -287.6263, Best: -276.7514, Current: -276.0141, Time: 2.69 s
Iteration 181/250: Ground Truth: -287.6263, Best: -276.7514, Current: -276.0141, Time: 2.69 s
Iteration 182/250: Ground Truth: -287.6263, Best: -276.7514, Current: -276.0141, Time: 2.71 s
Iteration 183/250: Ground Truth: -287.6263, Best: -276.7514, Current: -276.0141, Time: 2.70 s
Iteration 184/250: Ground Truth: -287.6263, Best: -276.7514, Current: -276.0141, Time: 2.70 s
Iteration 185/250: Ground Truth: -287.6263, Best: -276.7514, Current: -276.0141, Time: 2.67 s
Iteration 186/250: Ground Truth: -287.6263, Best: -276.7514, Current: -276.0141, Time: 2.71 s
Iteration 187/250: Ground Truth: -287.6263, Best: -276.7514, Current: -276.7270, Time: 2.71 s
Iteration 188/250: Ground Truth: -287.6263, Best: -276.7514, Current: -276.7270, Time: 2.70 s
Iteration 189/250: Ground Truth: -287.6263, Best: -276.7514, Current: -276.5313, Time: 2.69 s
Iteration 190/250: Ground Truth: -287.6263, Best: -276.7514, Current: -276.1151, Time: 2.71 s
Iteration 191/250: Ground Truth: -287.6263, Best: -276.7514, Current: -276.1151, Time: 2.71 s
Iteration 192/250: Ground Truth: -287.6263, Best: -276.7514, Current: -276.1151, Time: 2.67 s
Iteration 193/250: Ground Truth: -287.6263, Best: -276.7514, Current: -276.1151, Time: 2.70 s
Iteration 194/250: Ground Truth: -287.6263, Best: -276.7514, Current: -270.9136, Time: 2.70 s
Iteration 195/250: Ground Truth: -287.6263, Best: -276.7514, Current: -273.5882, Time: 2.70 s
Iteration 196/250: Ground Truth: -287.6263, Best: -276.7514, Current: -273.0307, Time: 2.70 s
Iteration 197/250: Ground Truth: -287.6263, Best: -276.7514, Current: -273.0307, Time: 2.68 s
Iteration 198/250: Ground Truth: -287.6263, Best: -276.7514, Current: -273.0307, Time: 2.71 s
Iteration 199/250: Ground Truth: -287.6263, Best: -276.7514, Current: -274.6562, Time: 2.71 s
Iteration 200/250: Ground Truth: -287.6263, Best: -276.7514, Current: -274.6562, Time: 2.68 s
Iteration 201/250: Ground Truth: -287.6263, Best: -276.7514, Current: -274.6562, Time: 2.68 s
Iteration 202/250: Ground Truth: -287.6263, Best: -276.7514, Current: -274.6562, Time: 2.70 s
Iteration 203/250: Ground Truth: -287.6263, Best: -276.7514, Current: -274.6562, Time: 2.71 s
Iteration 204/250: Ground Truth: -287.6263, Best: -276.7514, Current: -276.7183, Time: 2.70 s
Iteration 205/250: Ground Truth: -287.6263, Best: -276.7514, Current: -276.7183, Time: 2.70 s
Iteration 206/250: Ground Truth: -287.6263, Best: -276.7514, Current: -276.2615, Time: 2.70 s
Iteration 207/250: Ground Truth: -287.6263, Best: -276.7514, Current: -276.2615, Time: 2.71 s
  *** New best: -277.2953 eV
Iteration 208/250: Ground Truth: -287.6263, Best: -277.2953, Current: -277.2953, Time: 2.69 s
Iteration 209/250: Ground Truth: -287.6263, Best: -277.2953, Current: -277.2953, Time: 2.71 s
Iteration 210/250: Ground Truth: -287.6263, Best: -277.2953, Current: -277.2953, Time: 2.72 s
  *** New best: -277.7421 eV
Iteration 211/250: Ground Truth: -287.6263, Best: -277.7421, Current: -277.7421, Time: 2.70 s
Iteration 212/250: Ground Truth: -287.6263, Best: -277.7421, Current: -277.3280, Time: 2.71 s
Iteration 213/250: Ground Truth: -287.6263, Best: -277.7421, Current: -276.7914, Time: 2.71 s
Iteration 214/250: Ground Truth: -287.6263, Best: -277.7421, Current: -276.7914, Time: 2.70 s
Iteration 215/250: Ground Truth: -287.6263, Best: -277.7421, Current: -276.7914, Time: 2.67 s
Iteration 216/250: Ground Truth: -287.6263, Best: -277.7421, Current: -276.7914, Time: 2.70 s
Iteration 217/250: Ground Truth: -287.6263, Best: -277.7421, Current: -277.0981, Time: 2.69 s
Iteration 218/250: Ground Truth: -287.6263, Best: -277.7421, Current: -277.0981, Time: 2.70 s
Iteration 219/250: Ground Truth: -287.6263, Best: -277.7421, Current: -277.0981, Time: 2.70 s
Iteration 220/250: Ground Truth: -287.6263, Best: -277.7421, Current: -277.1745, Time: 2.70 s
Iteration 221/250: Ground Truth: -287.6263, Best: -277.7421, Current: -277.2563, Time: 2.72 s
Iteration 222/250: Ground Truth: -287.6263, Best: -277.7421, Current: -277.2563, Time: 2.70 s
Iteration 223/250: Ground Truth: -287.6263, Best: -277.7421, Current: -277.2563, Time: 2.68 s
Iteration 224/250: Ground Truth: -287.6263, Best: -277.7421, Current: -277.5623, Time: 2.67 s
Iteration 225/250: Ground Truth: -287.6263, Best: -277.7421, Current: -277.1365, Time: 2.72 s
Iteration 226/250: Ground Truth: -287.6263, Best: -277.7421, Current: -277.1365, Time: 2.70 s
Iteration 227/250: Ground Truth: -287.6263, Best: -277.7421, Current: -277.1365, Time: 2.72 s
Iteration 228/250: Ground Truth: -287.6263, Best: -277.7421, Current: -275.7631, Time: 2.69 s
Iteration 229/250: Ground Truth: -287.6263, Best: -277.7421, Current: -275.7631, Time: 2.72 s
Iteration 230/250: Ground Truth: -287.6263, Best: -277.7421, Current: -275.7631, Time: 2.72 s
Iteration 231/250: Ground Truth: -287.6263, Best: -277.7421, Current: -275.7631, Time: 2.71 s
Iteration 232/250: Ground Truth: -287.6263, Best: -277.7421, Current: -275.7631, Time: 2.69 s
Iteration 233/250: Ground Truth: -287.6263, Best: -277.7421, Current: -275.7631, Time: 2.69 s
Iteration 234/250: Ground Truth: -287.6263, Best: -277.7421, Current: -272.2646, Time: 2.71 s
Iteration 235/250: Ground Truth: -287.6263, Best: -277.7421, Current: -275.9871, Time: 2.68 s
Iteration 236/250: Ground Truth: -287.6263, Best: -277.7421, Current: -275.9871, Time: 2.71 s
Iteration 237/250: Ground Truth: -287.6263, Best: -277.7421, Current: -275.8660, Time: 2.71 s
Iteration 238/250: Ground Truth: -287.6263, Best: -277.7421, Current: -275.1635, Time: 2.71 s
Iteration 239/250: Ground Truth: -287.6263, Best: -277.7421, Current: -275.8108, Time: 2.70 s
Iteration 240/250: Ground Truth: -287.6263, Best: -277.7421, Current: -275.8108, Time: 2.72 s
Iteration 241/250: Ground Truth: -287.6263, Best: -277.7421, Current: -275.8108, Time: 2.66 s
Iteration 242/250: Ground Truth: -287.6263, Best: -277.7421, Current: -275.1765, Time: 2.69 s
Iteration 243/250: Ground Truth: -287.6263, Best: -277.7421, Current: -273.6662, Time: 2.69 s
Iteration 244/250: Ground Truth: -287.6263, Best: -277.7421, Current: -273.6662, Time: 2.72 s
Iteration 245/250: Ground Truth: -287.6263, Best: -277.7421, Current: -273.8839, Time: 2.71 s
Iteration 246/250: Ground Truth: -287.6263, Best: -277.7421, Current: -273.8839, Time: 2.70 s
Iteration 247/250: Ground Truth: -287.6263, Best: -277.7421, Current: -273.5132, Time: 2.75 s
Iteration 248/250: Ground Truth: -287.6263, Best: -277.7421, Current: -275.2895, Time: 2.69 s
Iteration 249/250: Ground Truth: -287.6263, Best: -277.7421, Current: -275.8355, Time: 2.69 s
Iteration 250/250: Ground Truth: -287.6263, Best: -277.7421, Current: -275.8355, Time: 2.72 s
No match for mp-6621: RMSD = 5.773, ΔE = 9.884 eV
mp-6621 match: False

Distance and Energy Differences:
[(0.003450449114690935, 0.010650635), (3.397578604112504e-05, 0.11125183), (0.021586724449752192, 0.058898926), (4.0530107686779795, 0.38741684), (0.0037165892192512527, 0.019966125), (3.5562039710444365e-08, 0.0002670288), (4.0497932031917205, 2.815155), (4.49825987828151, 4.643921), (3.048830275856182, 0.6849747), (5.772722049312295, 9.884216)]

Matched 6/10 structures.
Match ratio: 0.60
---------------------------------------
Begin Slurm Epilog: Mar-18-2026 00:15:58
Job ID:        5026184
User ID:       hjiang378
Account:       gts-vfung3
Job name:      basin
Resources:     cpu=12,gres/gpu:v100=1,mem=48G,node=1
Rsrc Used:     cput=1-02:48:12,vmem=0,walltime=02:14:01,mem=2476624K,energy_used=0
Partition:     gpu-v100
QOS:           inferno
Nodes:         atl1-1-03-006-33-0
---------------------------------------
