---------------------------------------
Begin Slurm Prolog: Dec-30-2025 01:44:04
Job ID:    3107078
User ID:   hjiang378
Account:   gts-vfung3
Job name:  pso_local
Partition: gpu-v100
QOS:       inferno
---------------------------------------
2025-12-30 01:44:19,562 - numexpr.utils - INFO - Note: NumExpr detected 24 cores but "NUMEXPR_MAX_THREADS" not set, so enforcing safe limit of 16.
2025-12-30 01:44:19,563 - numexpr.utils - INFO - NumExpr defaulting to 16 threads.
/storage/home/hcoda1/7/hjiang378/conda_envs/torchsim/lib/python3.11/site-packages/e3nn/o3/_wigner.py:10: FutureWarning: You are using `torch.load` with `weights_only=False` (the current default value), which uses the default pickle module implicitly. It is possible to construct malicious pickle data which will execute arbitrary code during unpickling (See https://github.com/pytorch/pytorch/blob/main/SECURITY.md#untrusted-models for more details). In a future release, the default value for `weights_only` will be flipped to `True`. This limits the functions that could be executed during unpickling. Arbitrary objects will no longer be allowed to be loaded via this mode unless they are explicitly allowlisted by the user via `torch.serialization.add_safe_globals`. We recommend you start setting `weights_only=True` for any use case where you don't have full control of the loaded file. Please open an issue on GitHub for any issues related to this experimental feature.
  _Jd, _W3j_flat, _W3j_indices = torch.load(os.path.join(os.path.dirname(__file__), 'constants.pt'))
/storage/home/hcoda1/7/hjiang378/MSP_PSO/scripts/pso_local.py:323: FutureWarning: You are using `torch.load` with `weights_only=False` (the current default value), which uses the default pickle module implicitly. It is possible to construct malicious pickle data which will execute arbitrary code during unpickling (See https://github.com/pytorch/pytorch/blob/main/SECURITY.md#untrusted-models for more details). In a future release, the default value for `weights_only` will be flipped to `True`. This limits the functions that could be executed during unpickling. Arbitrary objects will no longer be allowed to be loaded via this mode unless they are explicitly allowlisted by the user via `torch.serialization.add_safe_globals`. We recommend you start setting `weights_only=True` for any use case where you don't have full control of the loaded file. Please open an issue on GitHub for any issues related to this experimental feature.
  ckpt = torch.load("mattersim-v1.0.0-5M.pth", map_location=device)
/storage/home/hcoda1/7/hjiang378/conda_envs/torchsim/lib/python3.11/site-packages/pymatgen/core/structure.py:2872: EncodingWarning: We strongly encourage explicit `encoding`, and we would use UTF-8 by default as per PEP 686
  with zopen(filename, "rt", errors="replace") as f:
/storage/home/hcoda1/7/hjiang378/conda_envs/torchsim/lib/python3.11/site-packages/torch_geometric/nn/conv/message_passing.py:1032: UserWarning: 'NeighborEmbedding.jittable' is deprecated and a no-op. Please remove its usage.
  warnings.warn(f"'{self.__class__.__name__}.jittable' is deprecated "
/storage/home/hcoda1/7/hjiang378/conda_envs/torchsim/lib/python3.11/site-packages/torch_geometric/nn/conv/message_passing.py:1032: UserWarning: 'EquivariantMultiHeadAttention.jittable' is deprecated and a no-op. Please remove its usage.
  warnings.warn(f"'{self.__class__.__name__}.jittable' is deprecated "
2025-12-30 01:44:49,656 - root - INFO - Using PyTorch automatic mixed-precision
/storage/home/hcoda1/7/hjiang378/MSP_PSO/matdeeplearn/trainers/base_trainer.py:84: FutureWarning: `torch.cuda.amp.GradScaler(args...)` is deprecated. Please use `torch.amp.GradScaler('cuda', args...)` instead.
  self.scaler = GradScaler(enabled=self.use_amp and self.device.type == "cuda")
2025-12-30 01:44:49,657 - root - INFO - GPU is available: True, Quantity: None
2025-12-30 01:44:49,658 - root - INFO - Dataset(s) used:
2025-12-30 01:44:49,658 - root - INFO - Dataset length: ('full', 24677)
2025-12-30 01:44:49,658 - root - INFO - Dataset length: ('train', 22209)
2025-12-30 01:44:49,659 - root - INFO - Dataset length: ('val', 1233)
2025-12-30 01:44:49,659 - root - INFO - Dataset length: ('test', 1233)
/storage/home/hcoda1/7/hjiang378/MSP_PSO/msp/forcefield/mdl_ff.py:525: FutureWarning: You are using `torch.load` with `weights_only=False` (the current default value), which uses the default pickle module implicitly. It is possible to construct malicious pickle data which will execute arbitrary code during unpickling (See https://github.com/pytorch/pytorch/blob/main/SECURITY.md#untrusted-models for more details). In a future release, the default value for `weights_only` will be flipped to `True`. This limits the functions that could be executed during unpickling. Arbitrary objects will no longer be allowed to be loaded via this mode unless they are explicitly allowlisted by the user via `torch.serialization.add_safe_globals`. We recommend you start setting `weights_only=True` for any use case where you don't have full control of the loaded file. Please open an issue on GitHub for any issues related to this experimental feature.
  checkpoint = torch.load(model_path, map_location=torch.device(self.trainer.rank))
/storage/home/hcoda1/7/hjiang378/MSP_PSO/scripts/pso_local.py:74: FutureWarning: You are using `torch.load` with `weights_only=False` (the current default value), which uses the default pickle module implicitly. It is possible to construct malicious pickle data which will execute arbitrary code during unpickling (See https://github.com/pytorch/pytorch/blob/main/SECURITY.md#untrusted-models for more details). In a future release, the default value for `weights_only` will be flipped to `True`. This limits the functions that could be executed during unpickling. Arbitrary objects will no longer be allowed to be loaded via this mode unless they are explicitly allowlisted by the user via `torch.serialization.add_safe_globals`. We recommend you start setting `weights_only=True` for any use case where you don't have full control of the loaded file. Please open an issue on GitHub for any issues related to this experimental feature.
  ckpt = torch.load("mattersim-v1.0.0-5M.pth", map_location=device)
/storage/home/hcoda1/7/hjiang378/conda_envs/torchsim/lib/python3.11/site-packages/pymatgen/core/structure.py:2872: EncodingWarning: We strongly encourage explicit `encoding`, and we would use UTF-8 by default as per PEP 686
  with zopen(filename, "rt", errors="replace") as f:
/storage/home/hcoda1/7/hjiang378/MSP_PSO/scripts/utils.py:99: FutureWarning: Please use atoms.calc = calc
  atoms.set_calculator(calculator)
/storage/home/hcoda1/7/hjiang378/MSP_PSO/scripts/pso_local.py:218: UserWarning: Optimize has reached max steps: 51
  optimized_state = ts.optimize(
2025-12-30 02:36:39,436 - root - INFO - Using PyTorch automatic mixed-precision
2025-12-30 02:36:39,437 - root - INFO - GPU is available: True, Quantity: None
2025-12-30 02:36:39,437 - root - INFO - Dataset(s) used:
2025-12-30 02:36:39,438 - root - INFO - Dataset length: ('full', 24677)
2025-12-30 02:36:39,438 - root - INFO - Dataset length: ('train', 22209)
2025-12-30 02:36:39,439 - root - INFO - Dataset length: ('val', 1233)
2025-12-30 02:36:39,439 - root - INFO - Dataset length: ('test', 1233)
2025-12-30 03:32:58,467 - root - INFO - Using PyTorch automatic mixed-precision
2025-12-30 03:32:58,467 - root - INFO - GPU is available: True, Quantity: None
2025-12-30 03:32:58,468 - root - INFO - Dataset(s) used:
2025-12-30 03:32:58,468 - root - INFO - Dataset length: ('full', 24677)
2025-12-30 03:32:58,469 - root - INFO - Dataset length: ('train', 22209)
2025-12-30 03:32:58,469 - root - INFO - Dataset length: ('val', 1233)
2025-12-30 03:32:58,469 - root - INFO - Dataset length: ('test', 1233)
2025-12-30 04:22:30,475 - root - INFO - Using PyTorch automatic mixed-precision
2025-12-30 04:22:30,476 - root - INFO - GPU is available: True, Quantity: None
2025-12-30 04:22:30,477 - root - INFO - Dataset(s) used:
2025-12-30 04:22:30,477 - root - INFO - Dataset length: ('full', 24677)
2025-12-30 04:22:30,477 - root - INFO - Dataset length: ('train', 22209)
2025-12-30 04:22:30,478 - root - INFO - Dataset length: ('val', 1233)
2025-12-30 04:22:30,478 - root - INFO - Dataset length: ('test', 1233)
cuequivariance or cuequivariance_torch is not available. Cuequivariance acceleration will be disabled.
Attempting to load checkpoint...
model loaded successfully
loaded from ../ensemble_model/torchmd-1/checkpoint_0/best_checkpoint.pt,../ensemble_model/torchmd-2/checkpoint_0/best_checkpoint.pt,../ensemble_model/torchmd-3/checkpoint_0/best_checkpoint.pt,../ensemble_model/torchmd-4/checkpoint_0/best_checkpoint.pt,../ensemble_model/torchmd-5/checkpoint_0/best_checkpoint.pt
Recent checkpoint loaded successfully.
Iteration 3: Ground Truth: -60.07633590698242, Best Cost = -50.69490432739258, Time Taken: 32.72 s
Iteration 2: Ground Truth: -60.07633590698242, Best Cost = -50.69490432739258, Time Taken: 31.22 s
Iteration 3: Ground Truth: -60.07633590698242, Best Cost = -50.69490432739258, Time Taken: 31.27 s
Iteration 4: Ground Truth: -60.07633590698242, Best Cost = -50.69490432739258, Time Taken: 31.30 s
Iteration 5: Ground Truth: -60.07633590698242, Best Cost = -50.69490432739258, Time Taken: 31.27 s
Iteration 6: Ground Truth: -60.07633590698242, Best Cost = -50.69490432739258, Time Taken: 31.38 s
Iteration 7: Ground Truth: -60.07633590698242, Best Cost = -50.69490432739258, Time Taken: 31.31 s
Iteration 8: Ground Truth: -60.07633590698242, Best Cost = -50.69490432739258, Time Taken: 31.31 s
Iteration 9: Ground Truth: -60.07633590698242, Best Cost = -50.69490432739258, Time Taken: 31.10 s
Iteration 10: Ground Truth: -60.07633590698242, Best Cost = -50.69490432739258, Time Taken: 31.30 s
Iteration 11: Ground Truth: -60.07633590698242, Best Cost = -50.69490432739258, Time Taken: 31.46 s
Iteration 12: Ground Truth: -60.07633590698242, Best Cost = -50.69490432739258, Time Taken: 31.39 s
Iteration 13: Ground Truth: -60.07633590698242, Best Cost = -50.69490432739258, Time Taken: 31.54 s
Iteration 14: Ground Truth: -60.07633590698242, Best Cost = -50.69490432739258, Time Taken: 31.36 s
Iteration 15: Ground Truth: -60.07633590698242, Best Cost = -50.69490432739258, Time Taken: 31.17 s
Iteration 16: Ground Truth: -60.07633590698242, Best Cost = -50.69490432739258, Time Taken: 31.41 s
Iteration 17: Ground Truth: -60.07633590698242, Best Cost = -50.69490432739258, Time Taken: 30.92 s
Iteration 18: Ground Truth: -60.07633590698242, Best Cost = -50.69490432739258, Time Taken: 31.00 s
Iteration 19: Ground Truth: -60.07633590698242, Best Cost = -50.69490432739258, Time Taken: 30.91 s
Iteration 20: Ground Truth: -60.07633590698242, Best Cost = -50.69490432739258, Time Taken: 30.96 s
Iteration 21: Ground Truth: -60.07633590698242, Best Cost = -50.69490432739258, Time Taken: 30.86 s
Iteration 22: Ground Truth: -60.07633590698242, Best Cost = -50.69490432739258, Time Taken: 30.76 s
Iteration 23: Ground Truth: -60.07633590698242, Best Cost = -50.69490432739258, Time Taken: 30.72 s
Iteration 24: Ground Truth: -60.07633590698242, Best Cost = -50.69490432739258, Time Taken: 30.99 s
Iteration 25: Ground Truth: -60.07633590698242, Best Cost = -50.69490432739258, Time Taken: 30.64 s
Iteration 26: Ground Truth: -60.07633590698242, Best Cost = -50.69490432739258, Time Taken: 30.53 s
Iteration 27: Ground Truth: -60.07633590698242, Best Cost = -50.69490432739258, Time Taken: 30.68 s
Iteration 28: Ground Truth: -60.07633590698242, Best Cost = -50.69490432739258, Time Taken: 30.62 s
Iteration 29: Ground Truth: -60.07633590698242, Best Cost = -50.69490432739258, Time Taken: 30.49 s
Iteration 30: Ground Truth: -60.07633590698242, Best Cost = -50.69490432739258, Time Taken: 30.62 s
Iteration 31: Ground Truth: -60.07633590698242, Best Cost = -50.69490432739258, Time Taken: 30.65 s
Iteration 32: Ground Truth: -60.07633590698242, Best Cost = -50.69490432739258, Time Taken: 30.36 s
Iteration 33: Ground Truth: -60.07633590698242, Best Cost = -50.69490432739258, Time Taken: 30.51 s
Iteration 34: Ground Truth: -60.07633590698242, Best Cost = -50.69490432739258, Time Taken: 30.50 s
Iteration 35: Ground Truth: -60.07633590698242, Best Cost = -50.69490432739258, Time Taken: 30.40 s
Iteration 36: Ground Truth: -60.07633590698242, Best Cost = -50.69490432739258, Time Taken: 30.25 s
Iteration 37: Ground Truth: -60.07633590698242, Best Cost = -50.69490432739258, Time Taken: 30.10 s
Iteration 38: Ground Truth: -60.07633590698242, Best Cost = -50.69490432739258, Time Taken: 30.75 s
Iteration 39: Ground Truth: -60.07633590698242, Best Cost = -50.69490432739258, Time Taken: 30.22 s
Iteration 40: Ground Truth: -60.07633590698242, Best Cost = -50.69490432739258, Time Taken: 30.39 s
Iteration 41: Ground Truth: -60.07633590698242, Best Cost = -50.69490432739258, Time Taken: 30.31 s
Iteration 42: Ground Truth: -60.07633590698242, Best Cost = -50.69490432739258, Time Taken: 30.33 s
Iteration 43: Ground Truth: -60.07633590698242, Best Cost = -50.69490432739258, Time Taken: 30.29 s
Iteration 44: Ground Truth: -60.07633590698242, Best Cost = -50.69490432739258, Time Taken: 30.38 s
Iteration 45: Ground Truth: -60.07633590698242, Best Cost = -50.69490432739258, Time Taken: 30.09 s
Iteration 46: Ground Truth: -60.07633590698242, Best Cost = -50.69490432739258, Time Taken: 30.79 s
Iteration 47: Ground Truth: -60.07633590698242, Best Cost = -50.69490432739258, Time Taken: 30.47 s
Iteration 48: Ground Truth: -60.07633590698242, Best Cost = -50.69490432739258, Time Taken: 30.37 s
Iteration 49: Ground Truth: -60.07633590698242, Best Cost = -50.69490432739258, Time Taken: 30.09 s
Iteration 50: Ground Truth: -60.07633590698242, Best Cost = -50.69490432739258, Time Taken: 30.29 s
Iteration 51: Ground Truth: -60.07633590698242, Best Cost = -50.69490432739258, Time Taken: 30.05 s
Iteration 52: Ground Truth: -60.07633590698242, Best Cost = -50.69490432739258, Time Taken: 29.56 s
Iteration 53: Ground Truth: -60.07633590698242, Best Cost = -50.69490432739258, Time Taken: 30.22 s
Iteration 54: Ground Truth: -60.07633590698242, Best Cost = -50.69490432739258, Time Taken: 30.70 s
Iteration 55: Ground Truth: -60.07633590698242, Best Cost = -50.69490432739258, Time Taken: 30.01 s
Iteration 56: Ground Truth: -60.07633590698242, Best Cost = -50.69490432739258, Time Taken: 30.46 s
Iteration 57: Ground Truth: -60.07633590698242, Best Cost = -50.69490432739258, Time Taken: 30.30 s
Iteration 58: Ground Truth: -60.07633590698242, Best Cost = -50.69490432739258, Time Taken: 30.22 s
Iteration 59: Ground Truth: -60.07633590698242, Best Cost = -50.69490432739258, Time Taken: 30.36 s
Iteration 60: Ground Truth: -60.07633590698242, Best Cost = -50.69490432739258, Time Taken: 30.46 s
Iteration 61: Ground Truth: -60.07633590698242, Best Cost = -50.69490432739258, Time Taken: 30.18 s
Iteration 62: Ground Truth: -60.07633590698242, Best Cost = -50.69490432739258, Time Taken: 30.54 s
Iteration 63: Ground Truth: -60.07633590698242, Best Cost = -50.69490432739258, Time Taken: 30.26 s
Iteration 64: Ground Truth: -60.07633590698242, Best Cost = -50.69490432739258, Time Taken: 30.07 s
Iteration 65: Ground Truth: -60.07633590698242, Best Cost = -50.69490432739258, Time Taken: 30.74 s
Iteration 66: Ground Truth: -60.07633590698242, Best Cost = -50.69490432739258, Time Taken: 30.62 s
Iteration 67: Ground Truth: -60.07633590698242, Best Cost = -50.69490432739258, Time Taken: 30.32 s
Iteration 68: Ground Truth: -60.07633590698242, Best Cost = -50.69490432739258, Time Taken: 30.76 s
Iteration 69: Ground Truth: -60.07633590698242, Best Cost = -50.69490432739258, Time Taken: 30.22 s
Iteration 70: Ground Truth: -60.07633590698242, Best Cost = -50.69490432739258, Time Taken: 30.15 s
Iteration 71: Ground Truth: -60.07633590698242, Best Cost = -50.69490432739258, Time Taken: 30.07 s
Iteration 72: Ground Truth: -60.07633590698242, Best Cost = -50.69490432739258, Time Taken: 30.50 s
Iteration 73: Ground Truth: -60.07633590698242, Best Cost = -50.69490432739258, Time Taken: 29.86 s
Iteration 74: Ground Truth: -60.07633590698242, Best Cost = -50.69490432739258, Time Taken: 30.62 s
Iteration 75: Ground Truth: -60.07633590698242, Best Cost = -50.69490432739258, Time Taken: 30.17 s
Iteration 76: Ground Truth: -60.07633590698242, Best Cost = -50.69490432739258, Time Taken: 30.24 s
Iteration 77: Ground Truth: -60.07633590698242, Best Cost = -50.69490432739258, Time Taken: 30.21 s
Iteration 78: Ground Truth: -60.07633590698242, Best Cost = -50.69490432739258, Time Taken: 30.36 s
Iteration 79: Ground Truth: -60.07633590698242, Best Cost = -50.69490432739258, Time Taken: 30.15 s
Iteration 80: Ground Truth: -60.07633590698242, Best Cost = -50.69490432739258, Time Taken: 30.69 s
Iteration 81: Ground Truth: -60.07633590698242, Best Cost = -50.69490432739258, Time Taken: 30.46 s
Iteration 82: Ground Truth: -60.07633590698242, Best Cost = -50.69490432739258, Time Taken: 30.41 s
Iteration 83: Ground Truth: -60.07633590698242, Best Cost = -50.69490432739258, Time Taken: 30.39 s
Iteration 84: Ground Truth: -60.07633590698242, Best Cost = -50.69490432739258, Time Taken: 30.24 s
Iteration 85: Ground Truth: -60.07633590698242, Best Cost = -50.69490432739258, Time Taken: 30.31 s
Iteration 86: Ground Truth: -60.07633590698242, Best Cost = -50.69490432739258, Time Taken: 31.05 s
Iteration 87: Ground Truth: -60.07633590698242, Best Cost = -50.69490432739258, Time Taken: 30.18 s
Iteration 88: Ground Truth: -60.07633590698242, Best Cost = -50.69490432739258, Time Taken: 30.41 s
Iteration 89: Ground Truth: -60.07633590698242, Best Cost = -50.69490432739258, Time Taken: 30.32 s
Iteration 90: Ground Truth: -60.07633590698242, Best Cost = -50.69490432739258, Time Taken: 30.33 s
Iteration 91: Ground Truth: -60.07633590698242, Best Cost = -50.69490432739258, Time Taken: 30.43 s
Iteration 92: Ground Truth: -60.07633590698242, Best Cost = -50.69490432739258, Time Taken: 30.18 s
Iteration 93: Ground Truth: -60.07633590698242, Best Cost = -50.69490432739258, Time Taken: 30.90 s
Iteration 94: Ground Truth: -60.07633590698242, Best Cost = -50.69490432739258, Time Taken: 30.85 s
Iteration 95: Ground Truth: -60.07633590698242, Best Cost = -50.69490432739258, Time Taken: 30.27 s
Iteration 96: Ground Truth: -60.07633590698242, Best Cost = -50.69490432739258, Time Taken: 30.58 s
Iteration 97: Ground Truth: -60.07633590698242, Best Cost = -50.69490432739258, Time Taken: 30.27 s
Iteration 98: Ground Truth: -60.07633590698242, Best Cost = -50.69490432739258, Time Taken: 30.44 s
Iteration 99: Ground Truth: -60.07633590698242, Best Cost = -50.69490432739258, Time Taken: 30.58 s
Iteration 100: Ground Truth: -60.07633590698242, Best Cost = -50.69490432739258, Time Taken: 30.36 s
No match for mp-1025448: RMSD = 0.452, ΔE = 7.459 eV
mp-1025448 match: [False]
Attempting to load checkpoint...
model loaded successfully
loaded from ../ensemble_model/torchmd-1/checkpoint_0/best_checkpoint.pt,../ensemble_model/torchmd-2/checkpoint_0/best_checkpoint.pt,../ensemble_model/torchmd-3/checkpoint_0/best_checkpoint.pt,../ensemble_model/torchmd-4/checkpoint_0/best_checkpoint.pt,../ensemble_model/torchmd-5/checkpoint_0/best_checkpoint.pt
Recent checkpoint loaded successfully.
Iteration 1: Ground Truth: -132.36593627929688, Best Cost = -50.411380767822266, Time Taken: 33.22 s
Iteration 2: Ground Truth: -132.36593627929688, Best Cost = -50.411380767822266, Time Taken: 32.87 s
Warning: LJ correction failed to fix close contacts
Iteration 3: Ground Truth: -132.36593627929688, Best Cost = -50.411380767822266, Time Taken: 33.28 s
Iteration 4: Ground Truth: -132.36593627929688, Best Cost = -50.411380767822266, Time Taken: 34.05 s
Iteration 5: Ground Truth: -132.36593627929688, Best Cost = -50.411380767822266, Time Taken: 32.26 s
Iteration 6: Ground Truth: -132.36593627929688, Best Cost = -50.411380767822266, Time Taken: 33.02 s
Iteration 7: Ground Truth: -132.36593627929688, Best Cost = -50.411380767822266, Time Taken: 32.61 s
Iteration 8: Ground Truth: -132.36593627929688, Best Cost = -50.411380767822266, Time Taken: 32.19 s
Iteration 9: Ground Truth: -132.36593627929688, Best Cost = -50.411380767822266, Time Taken: 32.17 s
Iteration 10: Ground Truth: -132.36593627929688, Best Cost = -50.411380767822266, Time Taken: 31.64 s
Warning: LJ correction failed to fix close contacts
Iteration 11: Ground Truth: -132.36593627929688, Best Cost = -50.411380767822266, Time Taken: 32.75 s
Iteration 12: Ground Truth: -132.36593627929688, Best Cost = -62.95027160644531, Time Taken: 31.69 s
Iteration 13: Ground Truth: -132.36593627929688, Best Cost = -62.95027160644531, Time Taken: 31.43 s
Iteration 14: Ground Truth: -132.36593627929688, Best Cost = -62.95027160644531, Time Taken: 31.66 s
Iteration 15: Ground Truth: -132.36593627929688, Best Cost = -62.95027160644531, Time Taken: 31.70 s
Iteration 16: Ground Truth: -132.36593627929688, Best Cost = -77.7174072265625, Time Taken: 31.14 s
Iteration 17: Ground Truth: -132.36593627929688, Best Cost = -77.7174072265625, Time Taken: 31.15 s
Iteration 18: Ground Truth: -132.36593627929688, Best Cost = -77.7174072265625, Time Taken: 31.80 s
Iteration 19: Ground Truth: -132.36593627929688, Best Cost = -77.7174072265625, Time Taken: 31.42 s
Iteration 20: Ground Truth: -132.36593627929688, Best Cost = -77.7174072265625, Time Taken: 31.43 s
Iteration 21: Ground Truth: -132.36593627929688, Best Cost = -77.7174072265625, Time Taken: 31.18 s
Iteration 22: Ground Truth: -132.36593627929688, Best Cost = -77.7174072265625, Time Taken: 31.34 s
Iteration 23: Ground Truth: -132.36593627929688, Best Cost = -77.7174072265625, Time Taken: 31.42 s
Iteration 24: Ground Truth: -132.36593627929688, Best Cost = -77.7174072265625, Time Taken: 31.30 s
Iteration 25: Ground Truth: -132.36593627929688, Best Cost = -77.7174072265625, Time Taken: 30.86 s
Iteration 26: Ground Truth: -132.36593627929688, Best Cost = -77.7174072265625, Time Taken: 31.28 s
Iteration 27: Ground Truth: -132.36593627929688, Best Cost = -77.7174072265625, Time Taken: 31.24 s
Iteration 28: Ground Truth: -132.36593627929688, Best Cost = -77.7174072265625, Time Taken: 30.88 s
Iteration 29: Ground Truth: -132.36593627929688, Best Cost = -77.7174072265625, Time Taken: 31.37 s
Iteration 30: Ground Truth: -132.36593627929688, Best Cost = -77.7174072265625, Time Taken: 30.80 s
Iteration 31: Ground Truth: -132.36593627929688, Best Cost = -77.7174072265625, Time Taken: 31.40 s
Iteration 32: Ground Truth: -132.36593627929688, Best Cost = -77.7174072265625, Time Taken: 31.50 s
Iteration 33: Ground Truth: -132.36593627929688, Best Cost = -77.7174072265625, Time Taken: 31.16 s
Iteration 34: Ground Truth: -132.36593627929688, Best Cost = -77.7174072265625, Time Taken: 30.90 s
Iteration 35: Ground Truth: -132.36593627929688, Best Cost = -77.7174072265625, Time Taken: 30.82 s
Iteration 36: Ground Truth: -132.36593627929688, Best Cost = -77.7174072265625, Time Taken: 30.95 s
Iteration 37: Ground Truth: -132.36593627929688, Best Cost = -77.7174072265625, Time Taken: 31.11 s
Iteration 38: Ground Truth: -132.36593627929688, Best Cost = -77.7174072265625, Time Taken: 31.01 s
Iteration 39: Ground Truth: -132.36593627929688, Best Cost = -77.7174072265625, Time Taken: 30.70 s
Warning: LJ correction failed to fix close contacts
Iteration 40: Ground Truth: -132.36593627929688, Best Cost = -77.7174072265625, Time Taken: 31.11 s
Iteration 41: Ground Truth: -132.36593627929688, Best Cost = -77.7174072265625, Time Taken: 31.99 s
Iteration 42: Ground Truth: -132.36593627929688, Best Cost = -77.7174072265625, Time Taken: 31.18 s
Iteration 43: Ground Truth: -132.36593627929688, Best Cost = -77.7174072265625, Time Taken: 30.95 s
Iteration 44: Ground Truth: -132.36593627929688, Best Cost = -77.7174072265625, Time Taken: 30.66 s
Iteration 45: Ground Truth: -132.36593627929688, Best Cost = -77.7174072265625, Time Taken: 31.05 s
Iteration 46: Ground Truth: -132.36593627929688, Best Cost = -77.7174072265625, Time Taken: 30.75 s
Iteration 47: Ground Truth: -132.36593627929688, Best Cost = -77.7174072265625, Time Taken: 30.66 s
Iteration 48: Ground Truth: -132.36593627929688, Best Cost = -77.7174072265625, Time Taken: 30.72 s
Iteration 49: Ground Truth: -132.36593627929688, Best Cost = -77.7174072265625, Time Taken: 30.62 s
Iteration 50: Ground Truth: -132.36593627929688, Best Cost = -77.7174072265625, Time Taken: 31.28 s
Iteration 51: Ground Truth: -132.36593627929688, Best Cost = -77.7174072265625, Time Taken: 30.59 s
Iteration 52: Ground Truth: -132.36593627929688, Best Cost = -77.7174072265625, Time Taken: 30.63 s
Iteration 53: Ground Truth: -132.36593627929688, Best Cost = -77.7174072265625, Time Taken: 31.20 s
Iteration 54: Ground Truth: -132.36593627929688, Best Cost = -77.7174072265625, Time Taken: 30.88 s
Iteration 55: Ground Truth: -132.36593627929688, Best Cost = -77.7174072265625, Time Taken: 30.51 s
Iteration 56: Ground Truth: -132.36593627929688, Best Cost = -77.7174072265625, Time Taken: 30.75 s
Iteration 57: Ground Truth: -132.36593627929688, Best Cost = -77.7174072265625, Time Taken: 30.51 s
Iteration 58: Ground Truth: -132.36593627929688, Best Cost = -77.7174072265625, Time Taken: 30.39 s
Iteration 59: Ground Truth: -132.36593627929688, Best Cost = -77.7174072265625, Time Taken: 30.48 s
Iteration 60: Ground Truth: -132.36593627929688, Best Cost = -77.7174072265625, Time Taken: 30.68 s
Iteration 61: Ground Truth: -132.36593627929688, Best Cost = -77.7174072265625, Time Taken: 30.65 s
Iteration 62: Ground Truth: -132.36593627929688, Best Cost = -77.7174072265625, Time Taken: 30.67 s
Iteration 63: Ground Truth: -132.36593627929688, Best Cost = -77.7174072265625, Time Taken: 30.95 s
Iteration 64: Ground Truth: -132.36593627929688, Best Cost = -77.7174072265625, Time Taken: 30.70 s
Iteration 65: Ground Truth: -132.36593627929688, Best Cost = -81.8830795288086, Time Taken: 30.80 s
Iteration 66: Ground Truth: -132.36593627929688, Best Cost = -81.8830795288086, Time Taken: 31.14 s
Iteration 67: Ground Truth: -132.36593627929688, Best Cost = -81.8830795288086, Time Taken: 30.96 s
Iteration 68: Ground Truth: -132.36593627929688, Best Cost = -81.8830795288086, Time Taken: 30.93 s
Iteration 69: Ground Truth: -132.36593627929688, Best Cost = -81.8830795288086, Time Taken: 32.06 s
Iteration 70: Ground Truth: -132.36593627929688, Best Cost = -81.8830795288086, Time Taken: 31.97 s
Warning: LJ correction failed to fix close contacts
Iteration 71: Ground Truth: -132.36593627929688, Best Cost = -81.8830795288086, Time Taken: 31.47 s
Iteration 72: Ground Truth: -132.36593627929688, Best Cost = -81.8830795288086, Time Taken: 31.41 s
Iteration 73: Ground Truth: -132.36593627929688, Best Cost = -85.6489486694336, Time Taken: 30.57 s
Iteration 74: Ground Truth: -132.36593627929688, Best Cost = -85.6489486694336, Time Taken: 30.61 s
Iteration 75: Ground Truth: -132.36593627929688, Best Cost = -85.6489486694336, Time Taken: 30.58 s
Iteration 76: Ground Truth: -132.36593627929688, Best Cost = -85.6489486694336, Time Taken: 31.02 s
Iteration 77: Ground Truth: -132.36593627929688, Best Cost = -85.6489486694336, Time Taken: 31.06 s
Iteration 78: Ground Truth: -132.36593627929688, Best Cost = -85.6489486694336, Time Taken: 31.15 s
Iteration 79: Ground Truth: -132.36593627929688, Best Cost = -85.6489486694336, Time Taken: 30.69 s
Warning: LJ correction failed to fix close contacts
Iteration 80: Ground Truth: -132.36593627929688, Best Cost = -85.6489486694336, Time Taken: 30.45 s
Iteration 81: Ground Truth: -132.36593627929688, Best Cost = -85.6489486694336, Time Taken: 30.20 s
Iteration 82: Ground Truth: -132.36593627929688, Best Cost = -85.6489486694336, Time Taken: 31.25 s
Iteration 83: Ground Truth: -132.36593627929688, Best Cost = -85.6489486694336, Time Taken: 30.84 s
Iteration 84: Ground Truth: -132.36593627929688, Best Cost = -85.6489486694336, Time Taken: 30.75 s
Iteration 85: Ground Truth: -132.36593627929688, Best Cost = -85.6489486694336, Time Taken: 30.17 s
Iteration 86: Ground Truth: -132.36593627929688, Best Cost = -85.6489486694336, Time Taken: 30.45 s
Iteration 87: Ground Truth: -132.36593627929688, Best Cost = -85.6489486694336, Time Taken: 30.46 s
Iteration 88: Ground Truth: -132.36593627929688, Best Cost = -85.6489486694336, Time Taken: 30.36 s
Iteration 89: Ground Truth: -132.36593627929688, Best Cost = -85.6489486694336, Time Taken: 30.62 s
Iteration 90: Ground Truth: -132.36593627929688, Best Cost = -85.6489486694336, Time Taken: 30.60 s
Iteration 91: Ground Truth: -132.36593627929688, Best Cost = -85.6489486694336, Time Taken: 30.24 s
Iteration 92: Ground Truth: -132.36593627929688, Best Cost = -85.6489486694336, Time Taken: 30.31 s
Iteration 93: Ground Truth: -132.36593627929688, Best Cost = -85.6489486694336, Time Taken: 30.25 s
Iteration 94: Ground Truth: -132.36593627929688, Best Cost = -85.6489486694336, Time Taken: 30.14 s
Iteration 95: Ground Truth: -132.36593627929688, Best Cost = -85.6489486694336, Time Taken: 30.31 s
Iteration 96: Ground Truth: -132.36593627929688, Best Cost = -85.6489486694336, Time Taken: 30.10 s
Iteration 97: Ground Truth: -132.36593627929688, Best Cost = -85.6489486694336, Time Taken: 30.68 s
Iteration 98: Ground Truth: -132.36593627929688, Best Cost = -85.6489486694336, Time Taken: 30.45 s
Iteration 99: Ground Truth: -132.36593627929688, Best Cost = -85.6489486694336, Time Taken: 30.74 s
Iteration 100: Ground Truth: -132.36593627929688, Best Cost = -85.6489486694336, Time Taken: 30.09 s
No match for mp-1105996: RMSD = 5.154, ΔE = 35.433 eV
mp-1105996 match: [False]
Attempting to load checkpoint...
model loaded successfully
loaded from ../ensemble_model/torchmd-1/checkpoint_0/best_checkpoint.pt,../ensemble_model/torchmd-2/checkpoint_0/best_checkpoint.pt,../ensemble_model/torchmd-3/checkpoint_0/best_checkpoint.pt,../ensemble_model/torchmd-4/checkpoint_0/best_checkpoint.pt,../ensemble_model/torchmd-5/checkpoint_0/best_checkpoint.pt
Recent checkpoint loaded successfully.
Iteration 3: Ground Truth: -90.41752624511719, Best Cost = -93.3514633178711, Time Taken: 29.88 s
Iteration 2: Ground Truth: -90.41752624511719, Best Cost = -93.3514633178711, Time Taken: 29.45 s
Iteration 3: Ground Truth: -90.41752624511719, Best Cost = -93.3514633178711, Time Taken: 29.16 s
Iteration 4: Ground Truth: -90.41752624511719, Best Cost = -93.3514633178711, Time Taken: 29.30 s
Iteration 5: Ground Truth: -90.41752624511719, Best Cost = -93.3514633178711, Time Taken: 29.47 s
Iteration 6: Ground Truth: -90.41752624511719, Best Cost = -93.3514633178711, Time Taken: 29.20 s
Iteration 7: Ground Truth: -90.41752624511719, Best Cost = -93.3514633178711, Time Taken: 29.50 s
Iteration 8: Ground Truth: -90.41752624511719, Best Cost = -93.3514633178711, Time Taken: 29.71 s
Iteration 9: Ground Truth: -90.41752624511719, Best Cost = -93.3514633178711, Time Taken: 29.49 s
Iteration 10: Ground Truth: -90.41752624511719, Best Cost = -93.3514633178711, Time Taken: 29.45 s
Iteration 11: Ground Truth: -90.41752624511719, Best Cost = -93.3514633178711, Time Taken: 29.29 s
Iteration 12: Ground Truth: -90.41752624511719, Best Cost = -93.3514633178711, Time Taken: 29.32 s
Iteration 13: Ground Truth: -90.41752624511719, Best Cost = -93.3514633178711, Time Taken: 29.33 s
Iteration 14: Ground Truth: -90.41752624511719, Best Cost = -93.3514633178711, Time Taken: 29.38 s
Iteration 15: Ground Truth: -90.41752624511719, Best Cost = -93.3514633178711, Time Taken: 29.54 s
Iteration 16: Ground Truth: -90.41752624511719, Best Cost = -93.3514633178711, Time Taken: 29.59 s
Iteration 17: Ground Truth: -90.41752624511719, Best Cost = -93.3514633178711, Time Taken: 29.34 s
Iteration 18: Ground Truth: -90.41752624511719, Best Cost = -93.3514633178711, Time Taken: 29.26 s
Iteration 19: Ground Truth: -90.41752624511719, Best Cost = -93.3514633178711, Time Taken: 29.42 s
Iteration 20: Ground Truth: -90.41752624511719, Best Cost = -93.3514633178711, Time Taken: 29.76 s
Iteration 21: Ground Truth: -90.41752624511719, Best Cost = -93.3514633178711, Time Taken: 29.42 s
Iteration 22: Ground Truth: -90.41752624511719, Best Cost = -93.3514633178711, Time Taken: 29.73 s
Iteration 23: Ground Truth: -90.41752624511719, Best Cost = -93.3514633178711, Time Taken: 29.49 s
Iteration 24: Ground Truth: -90.41752624511719, Best Cost = -93.3514633178711, Time Taken: 29.46 s
Iteration 25: Ground Truth: -90.41752624511719, Best Cost = -93.3514633178711, Time Taken: 29.53 s
Iteration 26: Ground Truth: -90.41752624511719, Best Cost = -93.3514633178711, Time Taken: 29.54 s
Iteration 27: Ground Truth: -90.41752624511719, Best Cost = -93.3514633178711, Time Taken: 29.54 s
Iteration 28: Ground Truth: -90.41752624511719, Best Cost = -93.3514633178711, Time Taken: 29.01 s
Iteration 29: Ground Truth: -90.41752624511719, Best Cost = -93.3514633178711, Time Taken: 29.66 s
Iteration 30: Ground Truth: -90.41752624511719, Best Cost = -93.3514633178711, Time Taken: 29.51 s2025-12-30 05:13:03,328 - root - INFO - Using PyTorch automatic mixed-precision
2025-12-30 05:13:03,329 - root - INFO - GPU is available: True, Quantity: None
2025-12-30 05:13:03,330 - root - INFO - Dataset(s) used:
2025-12-30 05:13:03,330 - root - INFO - Dataset length: ('full', 24677)
2025-12-30 05:13:03,330 - root - INFO - Dataset length: ('train', 22209)
2025-12-30 05:13:03,331 - root - INFO - Dataset length: ('val', 1233)
2025-12-30 05:13:03,331 - root - INFO - Dataset length: ('test', 1233)
2025-12-30 06:07:52,409 - root - INFO - Using PyTorch automatic mixed-precision
2025-12-30 06:07:52,409 - root - INFO - GPU is available: True, Quantity: None
2025-12-30 06:07:52,410 - root - INFO - Dataset(s) used:
2025-12-30 06:07:52,410 - root - INFO - Dataset length: ('full', 24677)
2025-12-30 06:07:52,411 - root - INFO - Dataset length: ('train', 22209)
2025-12-30 06:07:52,411 - root - INFO - Dataset length: ('val', 1233)
2025-12-30 06:07:52,412 - root - INFO - Dataset length: ('test', 1233)

Iteration 31: Ground Truth: -90.41752624511719, Best Cost = -93.3514633178711, Time Taken: 29.53 s
Iteration 32: Ground Truth: -90.41752624511719, Best Cost = -93.3514633178711, Time Taken: 29.70 s
Iteration 33: Ground Truth: -90.41752624511719, Best Cost = -93.3514633178711, Time Taken: 29.43 s
Iteration 34: Ground Truth: -90.41752624511719, Best Cost = -93.3514633178711, Time Taken: 29.52 s
Iteration 35: Ground Truth: -90.41752624511719, Best Cost = -93.3514633178711, Time Taken: 29.37 s
Iteration 36: Ground Truth: -90.41752624511719, Best Cost = -93.3514633178711, Time Taken: 29.63 s
Iteration 37: Ground Truth: -90.41752624511719, Best Cost = -93.3514633178711, Time Taken: 29.70 s
Iteration 38: Ground Truth: -90.41752624511719, Best Cost = -93.3514633178711, Time Taken: 29.65 s
Iteration 39: Ground Truth: -90.41752624511719, Best Cost = -93.3514633178711, Time Taken: 29.70 s
Iteration 40: Ground Truth: -90.41752624511719, Best Cost = -93.3514633178711, Time Taken: 29.90 s
Iteration 41: Ground Truth: -90.41752624511719, Best Cost = -93.3514633178711, Time Taken: 29.22 s
Iteration 42: Ground Truth: -90.41752624511719, Best Cost = -93.3514633178711, Time Taken: 29.28 s
Iteration 43: Ground Truth: -90.41752624511719, Best Cost = -93.3514633178711, Time Taken: 29.05 s
Iteration 44: Ground Truth: -90.41752624511719, Best Cost = -93.3514633178711, Time Taken: 29.48 s
Iteration 45: Ground Truth: -90.41752624511719, Best Cost = -93.3514633178711, Time Taken: 29.58 s
Iteration 46: Ground Truth: -90.41752624511719, Best Cost = -93.3514633178711, Time Taken: 29.38 s
Iteration 47: Ground Truth: -90.41752624511719, Best Cost = -93.3514633178711, Time Taken: 29.29 s
Iteration 48: Ground Truth: -90.41752624511719, Best Cost = -93.3514633178711, Time Taken: 29.62 s
Iteration 49: Ground Truth: -90.41752624511719, Best Cost = -93.3514633178711, Time Taken: 29.44 s
Iteration 50: Ground Truth: -90.41752624511719, Best Cost = -93.3514633178711, Time Taken: 29.39 s
Iteration 51: Ground Truth: -90.41752624511719, Best Cost = -93.3514633178711, Time Taken: 29.25 s
Iteration 52: Ground Truth: -90.41752624511719, Best Cost = -93.3514633178711, Time Taken: 29.02 s
Iteration 53: Ground Truth: -90.41752624511719, Best Cost = -93.3514633178711, Time Taken: 29.63 s
Iteration 54: Ground Truth: -90.41752624511719, Best Cost = -93.3514633178711, Time Taken: 29.35 s
Iteration 55: Ground Truth: -90.41752624511719, Best Cost = -93.3514633178711, Time Taken: 29.38 s
Iteration 56: Ground Truth: -90.41752624511719, Best Cost = -93.3514633178711, Time Taken: 29.33 s
Iteration 57: Ground Truth: -90.41752624511719, Best Cost = -93.3514633178711, Time Taken: 29.21 s
Iteration 58: Ground Truth: -90.41752624511719, Best Cost = -93.3514633178711, Time Taken: 29.64 s
Iteration 59: Ground Truth: -90.41752624511719, Best Cost = -93.3514633178711, Time Taken: 29.00 s
Iteration 60: Ground Truth: -90.41752624511719, Best Cost = -93.3514633178711, Time Taken: 29.77 s
Iteration 61: Ground Truth: -90.41752624511719, Best Cost = -93.3514633178711, Time Taken: 29.29 s
Iteration 62: Ground Truth: -90.41752624511719, Best Cost = -93.3514633178711, Time Taken: 29.52 s
Iteration 63: Ground Truth: -90.41752624511719, Best Cost = -93.3514633178711, Time Taken: 29.49 s
Iteration 64: Ground Truth: -90.41752624511719, Best Cost = -93.3514633178711, Time Taken: 29.20 s
Iteration 65: Ground Truth: -90.41752624511719, Best Cost = -93.3514633178711, Time Taken: 29.51 s
Iteration 66: Ground Truth: -90.41752624511719, Best Cost = -93.3514633178711, Time Taken: 29.72 s
Iteration 67: Ground Truth: -90.41752624511719, Best Cost = -93.3514633178711, Time Taken: 29.84 s
Iteration 68: Ground Truth: -90.41752624511719, Best Cost = -93.3514633178711, Time Taken: 28.98 s
Iteration 69: Ground Truth: -90.41752624511719, Best Cost = -93.3514633178711, Time Taken: 29.27 s
Iteration 70: Ground Truth: -90.41752624511719, Best Cost = -93.3514633178711, Time Taken: 29.02 s
Iteration 71: Ground Truth: -90.41752624511719, Best Cost = -93.3514633178711, Time Taken: 29.24 s
Iteration 72: Ground Truth: -90.41752624511719, Best Cost = -93.3514633178711, Time Taken: 29.71 s
Iteration 73: Ground Truth: -90.41752624511719, Best Cost = -93.3514633178711, Time Taken: 29.48 s
Iteration 74: Ground Truth: -90.41752624511719, Best Cost = -93.3514633178711, Time Taken: 29.58 s
Iteration 75: Ground Truth: -90.41752624511719, Best Cost = -93.3514633178711, Time Taken: 28.98 s
Iteration 76: Ground Truth: -90.41752624511719, Best Cost = -93.3514633178711, Time Taken: 29.72 s
Iteration 77: Ground Truth: -90.41752624511719, Best Cost = -93.3514633178711, Time Taken: 29.34 s
Iteration 78: Ground Truth: -90.41752624511719, Best Cost = -93.3514633178711, Time Taken: 29.38 s
Iteration 79: Ground Truth: -90.41752624511719, Best Cost = -93.3514633178711, Time Taken: 29.29 s
Iteration 80: Ground Truth: -90.41752624511719, Best Cost = -93.3514633178711, Time Taken: 29.40 s
Iteration 81: Ground Truth: -90.41752624511719, Best Cost = -93.3514633178711, Time Taken: 29.32 s
Iteration 82: Ground Truth: -90.41752624511719, Best Cost = -93.3514633178711, Time Taken: 29.42 s
Iteration 83: Ground Truth: -90.41752624511719, Best Cost = -93.3514633178711, Time Taken: 29.56 s
Iteration 84: Ground Truth: -90.41752624511719, Best Cost = -93.3514633178711, Time Taken: 29.71 s
Iteration 85: Ground Truth: -90.41752624511719, Best Cost = -93.3514633178711, Time Taken: 29.36 s
Iteration 86: Ground Truth: -90.41752624511719, Best Cost = -93.3514633178711, Time Taken: 29.53 s
Iteration 87: Ground Truth: -90.41752624511719, Best Cost = -93.3514633178711, Time Taken: 29.39 s
Iteration 88: Ground Truth: -90.41752624511719, Best Cost = -93.3514633178711, Time Taken: 29.58 s
Iteration 89: Ground Truth: -90.41752624511719, Best Cost = -93.3514633178711, Time Taken: 29.83 s
Iteration 90: Ground Truth: -90.41752624511719, Best Cost = -93.3514633178711, Time Taken: 29.04 s
Iteration 91: Ground Truth: -90.41752624511719, Best Cost = -93.3514633178711, Time Taken: 29.46 s
Iteration 92: Ground Truth: -90.41752624511719, Best Cost = -93.3514633178711, Time Taken: 28.86 s
Iteration 93: Ground Truth: -90.41752624511719, Best Cost = -93.3514633178711, Time Taken: 29.46 s
Iteration 94: Ground Truth: -90.41752624511719, Best Cost = -93.3514633178711, Time Taken: 29.47 s
Iteration 95: Ground Truth: -90.41752624511719, Best Cost = -93.3514633178711, Time Taken: 29.68 s
Iteration 96: Ground Truth: -90.41752624511719, Best Cost = -93.3514633178711, Time Taken: 29.80 s
Iteration 97: Ground Truth: -90.41752624511719, Best Cost = -93.3514633178711, Time Taken: 29.47 s
Iteration 98: Ground Truth: -90.41752624511719, Best Cost = -93.3514633178711, Time Taken: 29.74 s
Iteration 99: Ground Truth: -90.41752624511719, Best Cost = -93.3514633178711, Time Taken: 30.11 s
Iteration 100: Ground Truth: -90.41752624511719, Best Cost = -93.3514633178711, Time Taken: 29.55 s
No match for mp-1208453: RMSD = 0.488, ΔE = 11.471 eV
mp-1208453 match: [False]
Attempting to load checkpoint...
model loaded successfully
loaded from ../ensemble_model/torchmd-1/checkpoint_0/best_checkpoint.pt,../ensemble_model/torchmd-2/checkpoint_0/best_checkpoint.pt,../ensemble_model/torchmd-3/checkpoint_0/best_checkpoint.pt,../ensemble_model/torchmd-4/checkpoint_0/best_checkpoint.pt,../ensemble_model/torchmd-5/checkpoint_0/best_checkpoint.pt
Recent checkpoint loaded successfully.
Iteration 3: Ground Truth: -18.836360931396484, Best Cost = -13.256940841674805, Time Taken: 29.98 s
Iteration 2: Ground Truth: -18.836360931396484, Best Cost = -17.02798843383789, Time Taken: 29.87 s
Iteration 3: Ground Truth: -18.836360931396484, Best Cost = -17.02798843383789, Time Taken: 29.99 s
Iteration 4: Ground Truth: -18.836360931396484, Best Cost = -17.574481964111328, Time Taken: 29.95 s
Iteration 5: Ground Truth: -18.836360931396484, Best Cost = -17.574481964111328, Time Taken: 28.82 s
Iteration 6: Ground Truth: -18.836360931396484, Best Cost = -17.574481964111328, Time Taken: 30.24 s
Iteration 7: Ground Truth: -18.836360931396484, Best Cost = -17.574481964111328, Time Taken: 29.61 s
Iteration 8: Ground Truth: -18.836360931396484, Best Cost = -17.574481964111328, Time Taken: 30.47 s
Iteration 9: Ground Truth: -18.836360931396484, Best Cost = -17.574481964111328, Time Taken: 30.09 s
Iteration 10: Ground Truth: -18.836360931396484, Best Cost = -17.574481964111328, Time Taken: 28.85 s
Iteration 11: Ground Truth: -18.836360931396484, Best Cost = -17.574481964111328, Time Taken: 29.99 s
Iteration 12: Ground Truth: -18.836360931396484, Best Cost = -17.574481964111328, Time Taken: 29.57 s
Iteration 13: Ground Truth: -18.836360931396484, Best Cost = -17.574481964111328, Time Taken: 29.69 s
Iteration 14: Ground Truth: -18.836360931396484, Best Cost = -17.574481964111328, Time Taken: 30.04 s
Iteration 15: Ground Truth: -18.836360931396484, Best Cost = -17.574481964111328, Time Taken: 29.73 s
Iteration 16: Ground Truth: -18.836360931396484, Best Cost = -17.574481964111328, Time Taken: 29.07 s
Iteration 17: Ground Truth: -18.836360931396484, Best Cost = -17.574481964111328, Time Taken: 29.78 s
Iteration 18: Ground Truth: -18.836360931396484, Best Cost = -17.574481964111328, Time Taken: 30.35 s
Iteration 19: Ground Truth: -18.836360931396484, Best Cost = -17.574481964111328, Time Taken: 30.06 s
Iteration 20: Ground Truth: -18.836360931396484, Best Cost = -17.574481964111328, Time Taken: 29.70 s
Iteration 21: Ground Truth: -18.836360931396484, Best Cost = -17.574481964111328, Time Taken: 29.20 s
Iteration 22: Ground Truth: -18.836360931396484, Best Cost = -17.574481964111328, Time Taken: 29.53 s
Iteration 23: Ground Truth: -18.836360931396484, Best Cost = -17.574481964111328, Time Taken: 30.19 s
Iteration 24: Ground Truth: -18.836360931396484, Best Cost = -17.574481964111328, Time Taken: 30.56 s
Iteration 25: Ground Truth: -18.836360931396484, Best Cost = -17.574481964111328, Time Taken: 29.10 s
Iteration 26: Ground Truth: -18.836360931396484, Best Cost = -17.574481964111328, Time Taken: 28.90 s
Iteration 27: Ground Truth: -18.836360931396484, Best Cost = -17.574481964111328, Time Taken: 30.20 s
Iteration 28: Ground Truth: -18.836360931396484, Best Cost = -17.574481964111328, Time Taken: 29.63 s
Iteration 29: Ground Truth: -18.836360931396484, Best Cost = -17.574481964111328, Time Taken: 30.77 s
Iteration 30: Ground Truth: -18.836360931396484, Best Cost = -17.574481964111328, Time Taken: 29.75 s
Warning: LJ correction failed to fix close contacts
Iteration 31: Ground Truth: -18.836360931396484, Best Cost = -17.574481964111328, Time Taken: 30.75 s
Iteration 32: Ground Truth: -18.836360931396484, Best Cost = -17.574481964111328, Time Taken: 30.49 s
Iteration 33: Ground Truth: -18.836360931396484, Best Cost = -17.574481964111328, Time Taken: 30.33 s
Iteration 34: Ground Truth: -18.836360931396484, Best Cost = -17.574481964111328, Time Taken: 30.05 s
Iteration 35: Ground Truth: -18.836360931396484, Best Cost = -17.574481964111328, Time Taken: 30.14 s
Iteration 36: Ground Truth: -18.836360931396484, Best Cost = -17.574481964111328, Time Taken: 28.94 s
Iteration 37: Ground Truth: -18.836360931396484, Best Cost = -17.574481964111328, Time Taken: 29.94 s
Iteration 38: Ground Truth: -18.836360931396484, Best Cost = -17.574481964111328, Time Taken: 30.57 s
Iteration 39: Ground Truth: -18.836360931396484, Best Cost = -17.574481964111328, Time Taken: 30.23 s
Iteration 40: Ground Truth: -18.836360931396484, Best Cost = -17.574481964111328, Time Taken: 29.94 s
Iteration 41: Ground Truth: -18.836360931396484, Best Cost = -17.574481964111328, Time Taken: 30.59 s
Iteration 42: Ground Truth: -18.836360931396484, Best Cost = -17.574481964111328, Time Taken: 30.08 s
Iteration 43: Ground Truth: -18.836360931396484, Best Cost = -17.574481964111328, Time Taken: 30.29 s
Iteration 44: Ground Truth: -18.836360931396484, Best Cost = -17.574481964111328, Time Taken: 30.42 s
Iteration 45: Ground Truth: -18.836360931396484, Best Cost = -17.574481964111328, Time Taken: 30.74 s
Iteration 46: Ground Truth: -18.836360931396484, Best Cost = -17.574481964111328, Time Taken: 29.19 s
Iteration 47: Ground Truth: -18.836360931396484, Best Cost = -17.574481964111328, Time Taken: 30.07 s
Iteration 48: Ground Truth: -18.836360931396484, Best Cost = -17.574481964111328, Time Taken: 29.73 s
Iteration 49: Ground Truth: -18.836360931396484, Best Cost = -17.574481964111328, Time Taken: 29.68 s
Iteration 50: Ground Truth: -18.836360931396484, Best Cost = -17.574481964111328, Time Taken: 30.41 s
Iteration 51: Ground Truth: -18.836360931396484, Best Cost = -17.574481964111328, Time Taken: 28.76 s
Iteration 52: Ground Truth: -18.836360931396484, Best Cost = -17.574481964111328, Time Taken: 30.22 s
Iteration 53: Ground Truth: -18.836360931396484, Best Cost = -17.574481964111328, Time Taken: 30.33 s
Iteration 54: Ground Truth: -18.836360931396484, Best Cost = -17.574481964111328, Time Taken: 29.12 s
Iteration 55: Ground Truth: -18.836360931396484, Best Cost = -17.574481964111328, Time Taken: 29.70 s
Iteration 56: Ground Truth: -18.836360931396484, Best Cost = -17.574481964111328, Time Taken: 29.22 s
Iteration 57: Ground Truth: -18.836360931396484, Best Cost = -17.574481964111328, Time Taken: 30.38 s
Iteration 58: Ground Truth: -18.836360931396484, Best Cost = -17.574481964111328, Time Taken: 30.59 s
Iteration 59: Ground Truth: -18.836360931396484, Best Cost = -17.574481964111328, Time Taken: 30.10 s
Iteration 60: Ground Truth: -18.836360931396484, Best Cost = -17.574481964111328, Time Taken: 29.39 s
Iteration 61: Ground Truth: -18.836360931396484, Best Cost = -17.574481964111328, Time Taken: 29.45 s
Iteration 62: Ground Truth: -18.836360931396484, Best Cost = -17.574481964111328, Time Taken: 30.04 s
Iteration 63: Ground Truth: -18.836360931396484, Best Cost = -17.574481964111328, Time Taken: 29.81 s
Iteration 64: Ground Truth: -18.836360931396484, Best Cost = -17.574481964111328, Time Taken: 30.05 s
Iteration 65: Ground Truth: -18.836360931396484, Best Cost = -17.574481964111328, Time Taken: 29.93 s
Warning: LJ correction failed to fix close contacts
Iteration 66: Ground Truth: -18.836360931396484, Best Cost = -17.574481964111328, Time Taken: 30.51 s
Iteration 67: Ground Truth: -18.836360931396484, Best Cost = -17.574481964111328, Time Taken: 29.99 s
Iteration 68: Ground Truth: -18.836360931396484, Best Cost = -17.574481964111328, Time Taken: 29.99 s
Iteration 69: Ground Truth: -18.836360931396484, Best Cost = -17.574481964111328, Time Taken: 29.83 s
Iteration 70: Ground Truth: -18.836360931396484, Best Cost = -17.574481964111328, Time Taken: 29.09 s
Iteration 71: Ground Truth: -18.836360931396484, Best Cost = -17.574481964111328, Time Taken: 29.71 s
Iteration 72: Ground Truth: -18.836360931396484, Best Cost = -17.574481964111328, Time Taken: 29.64 s
Iteration 73: Ground Truth: -18.836360931396484, Best Cost = -17.574481964111328, Time Taken: 30.23 s
Iteration 74: Ground Truth: -18.836360931396484, Best Cost = -17.574481964111328, Time Taken: 30.53 s
Warning: LJ correction failed to fix close contacts
Iteration 75: Ground Truth: -18.836360931396484, Best Cost = -17.574481964111328, Time Taken: 30.22 s
Iteration 76: Ground Truth: -18.836360931396484, Best Cost = -17.574481964111328, Time Taken: 30.80 s
Iteration 77: Ground Truth: -18.836360931396484, Best Cost = -17.574481964111328, Time Taken: 28.71 s
Iteration 78: Ground Truth: -18.836360931396484, Best Cost = -17.574481964111328, Time Taken: 29.60 s
Iteration 79: Ground Truth: -18.836360931396484, Best Cost = -17.574481964111328, Time Taken: 29.93 s
Iteration 80: Ground Truth: -18.836360931396484, Best Cost = -17.574481964111328, Time Taken: 29.13 s
Iteration 81: Ground Truth: -18.836360931396484, Best Cost = -17.574481964111328, Time Taken: 29.66 s
Iteration 82: Ground Truth: -18.836360931396484, Best Cost = -17.574481964111328, Time Taken: 30.01 s
Iteration 83: Ground Truth: -18.836360931396484, Best Cost = -17.574481964111328, Time Taken: 29.63 s
Iteration 84: Ground Truth: -18.836360931396484, Best Cost = -17.574481964111328, Time Taken: 30.04 s
Iteration 85: Ground Truth: -18.836360931396484, Best Cost = -17.574481964111328, Time Taken: 30.53 s
Iteration 86: Ground Truth: -18.836360931396484, Best Cost = -17.574481964111328, Time Taken: 29.28 s
Iteration 87: Ground Truth: -18.836360931396484, Best Cost = -17.574481964111328, Time Taken: 29.21 s
Iteration 88: Ground Truth: -18.836360931396484, Best Cost = -17.574481964111328, Time Taken: 30.20 s
Iteration 89: Ground Truth: -18.836360931396484, Best Cost = -17.574481964111328, Time Taken: 29.71 s
Iteration 90: Ground Truth: -18.836360931396484, Best Cost = -17.574481964111328, Time Taken: 29.67 s
Iteration 91: Ground Truth: -18.836360931396484, Best Cost = -17.574481964111328, Time Taken: 29.49 s
Iteration 92: Ground Truth: -18.836360931396484, Best Cost = -17.574481964111328, Time Taken: 30.57 s
Warning: LJ correction failed to fix close contacts
Iteration 93: Ground Truth: -18.836360931396484, Best Cost = -17.574481964111328, Time Taken: 30.13 s
Iteration 94: Ground Truth: -18.836360931396484, Best Cost = -17.574481964111328, Time Taken: 30.49 s
Iteration 95: Ground Truth: -18.836360931396484, Best Cost = -17.574481964111328, Time Taken: 30.53 s
Warning: LJ correction failed to fix close contacts
Iteration 96: Ground Truth: -18.836360931396484, Best Cost = -17.574481964111328, Time Taken: 29.74 s
Iteration 97: Ground Truth: -18.836360931396484, Best Cost = -17.574481964111328, Time Taken: 29.74 s
Iteration 98: Ground Truth: -18.836360931396484, Best Cost = -17.574481964111328, Time Taken: 30.13 s
Iteration 99: Ground Truth: -18.836360931396484, Best Cost = -17.574481964111328, Time Taken: 29.98 s
Iteration 100: Ground Truth: -18.836360931396484, Best Cost = -17.574481964111328, Time Taken: 29.71 s
No match for mp-1221936: RMSD = 1.584, ΔE = 0.161 eV
mp-1221936 match: [False]
Attempting to load checkpoint...
model loaded successfully
loaded from ../ensemble_model/torchmd-1/checkpoint_0/best_checkpoint.pt,../ensemble_model/torchmd-2/checkpoint_0/best_checkpoint.pt,../ensemble_model/torchmd-3/checkpoint_0/best_checkpoint.pt,../ensemble_model/torchmd-4/checkpoint_0/best_checkpoint.pt,../ensemble_model/torchmd-5/checkpoint_0/best_checkpoint.pt
Recent checkpoint loaded successfully.
Iteration 1: Ground Truth: -141.57432556152344, Best Cost = -67.93489074707031, Time Taken: 33.06 s
Iteration 2: Ground Truth: -141.57432556152344, Best Cost = -67.93489074707031, Time Taken: 32.99 s
Iteration 3: Ground Truth: -141.57432556152344, Best Cost = -67.93489074707031, Time Taken: 32.57 s
Warning: LJ correction failed to fix close contacts
Iteration 4: Ground Truth: -141.57432556152344, Best Cost = -67.93489074707031, Time Taken: 32.43 s
Iteration 5: Ground Truth: -141.57432556152344, Best Cost = -78.90608215332031, Time Taken: 32.33 s
Iteration 6: Ground Truth: -141.57432556152344, Best Cost = -120.16749572753906, Time Taken: 32.30 s
Iteration 7: Ground Truth: -141.57432556152344, Best Cost = -120.16749572753906, Time Taken: 32.37 s
Warning: LJ correction failed to fix close contacts
Iteration 8: Ground Truth: -141.57432556152344, Best Cost = -120.16749572753906, Time Taken: 31.87 s
Iteration 9: Ground Truth: -141.57432556152344, Best Cost = -120.16749572753906, Time Taken: 32.26 s
Iteration 10: Ground Truth: -141.57432556152344, Best Cost = -120.16749572753906, Time Taken: 32.37 s
Iteration 11: Ground Truth: -141.57432556152344, Best Cost = -120.16749572753906, Time Taken: 32.48 s
Warning: LJ correction failed to fix close contacts
Iteration 12: Ground Truth: -141.57432556152344, Best Cost = -120.16749572753906, Time Taken: 32.03 s
Iteration 13: Ground Truth: -141.57432556152344, Best Cost = -120.16749572753906, Time Taken: 32.31 s
Iteration 14: Ground Truth: -141.57432556152344, Best Cost = -120.16749572753906, Time Taken: 32.11 s
Iteration 15: Ground Truth: -141.57432556152344, Best Cost = -120.16749572753906, Time Taken: 32.34 s
Iteration 16: Ground Truth: -141.57432556152344, Best Cost = -120.16749572753906, Time Taken: 32.12 s
Iteration 17: Ground Truth: -141.57432556152344, Best Cost = -120.16749572753906, Time Taken: 32.07 s
Iteration 18: Ground Truth: -141.57432556152344, Best Cost = -120.16749572753906, Time Taken: 32.09 s
Warning: LJ correction failed to fix close contacts
Iteration 19: Ground Truth: -141.57432556152344, Best Cost = -120.16749572753906, Time Taken: 31.97 s
Iteration 20: Ground Truth: -141.57432556152344, Best Cost = -129.7060089111328, Time Taken: 32.13 s
Iteration 21: Ground Truth: -141.57432556152344, Best Cost = -129.7060089111328, Time Taken: 32.42 s
Iteration 22: Ground Truth: -141.57432556152344, Best Cost = -129.7060089111328, Time Taken: 32.01 s
Warning: LJ correction failed to fix close contacts
Iteration 23: Ground Truth: -141.57432556152344, Best Cost = -129.7060089111328, Time Taken: 32.32 s
Iteration 24: Ground Truth: -141.57432556152344, Best Cost = -129.7060089111328, Time Taken: 31.91 s
Iteration 25: Ground Truth: -141.57432556152344, Best Cost = -129.7060089111328, Time Taken: 32.30 s
Iteration 26: Ground Truth: -141.57432556152344, Best Cost = -129.7060089111328, Time Taken: 32.14 s
Iteration 27: Ground Truth: -141.57432556152344, Best Cost = -129.7060089111328, Time Taken: 32.00 s
Iteration 28: Ground Truth: -141.57432556152344, Best Cost = -129.7060089111328, Time Taken: 31.79 s
Iteration 29: Ground Truth: -141.57432556152344, Best Cost = -129.7060089111328, Time Taken: 31.96 s
Warning: LJ correction failed to fix close contacts
Iteration 30: Ground Truth: -141.57432556152344, Best Cost = -129.7060089111328, Time Taken: 31.75 s
Warning: LJ correction failed to fix close contacts
Iteration 31: Ground Truth: -141.57432556152344, Best Cost = -129.7060089111328, Time Taken: 31.40 s
Iteration 32: Ground Truth: -141.57432556152344, Best Cost = -129.7060089111328, Time Taken: 32.10 s
Warning: LJ correction failed to fix close contacts
Iteration 33: Ground Truth: -141.57432556152344, Best Cost = -129.7060089111328, Time Taken: 31.65 s
Iteration 34: Ground Truth: -141.57432556152344, Best Cost = -129.7060089111328, Time Taken: 31.82 s
Iteration 35: Ground Truth: -141.57432556152344, Best Cost = -129.7060089111328, Time Taken: 32.39 s
Warning: LJ correction failed to fix close contacts
Warning: LJ correction failed to fix close contacts
Iteration 36: Ground Truth: -141.57432556152344, Best Cost = -129.7060089111328, Time Taken: 32.11 s
Iteration 37: Ground Truth: -141.57432556152344, Best Cost = -129.7060089111328, Time Taken: 32.02 s
Iteration 38: Ground Truth: -141.57432556152344, Best Cost = -129.7060089111328, Time Taken: 32.07 s
Iteration 39: Ground Truth: -141.57432556152344, Best Cost = -129.7060089111328, Time Taken: 31.73 s
Warning: LJ correction failed to fix close contacts
Iteration 40: Ground Truth: -141.57432556152344, Best Cost = -129.7060089111328, Time Taken: 31.77 s
Iteration 41: Ground Truth: -141.57432556152344, Best Cost = -129.7060089111328, Time Taken: 32.03 s
Iteration 42: Ground Truth: -141.57432556152344, Best Cost = -129.7060089111328, Time Taken: 32.20 s
Warning: LJ correction failed to fix close contacts
Iteration 43: Ground Truth: -141.57432556152344, Best Cost = -129.7060089111328, Time Taken: 32.23 s
Iteration 44: Ground Truth: -141.57432556152344, Best Cost = -129.7060089111328, Time Taken: 32.14 s
Iteration 45: Ground Truth: -141.57432556152344, Best Cost = -129.7060089111328, Time Taken: 32.24 s
Iteration 46: Ground Truth: -141.57432556152344, Best Cost = -129.7060089111328, Time Taken: 32.10 s
Iteration 47: Ground Truth: -141.57432556152344, Best Cost = -129.7060089111328, Time Taken: 31.99 s
Iteration 48: Ground Truth: -141.57432556152344, Best Cost = -129.7060089111328, Time Taken: 32.05 s
Warning: LJ correction failed to fix close contacts
Warning: LJ correction failed to fix close contacts
Iteration 49: Ground Truth: -141.57432556152344, Best Cost = -129.7060089111328, Time Taken: 32.22 s
Iteration 50: Ground Truth: -141.57432556152344, Best Cost = -129.7060089111328, Time Taken: 32.04 s
Iteration 51: Ground Truth: -141.57432556152344, Best Cost = -129.7060089111328, Time Taken: 32.02 s
Iteration 52: Ground Truth: -141.57432556152344, Best Cost = -129.7060089111328, Time Taken: 32.23 s
Iteration 53: Ground Truth: -141.57432556152344, Best Cost = -129.7060089111328, Time Taken: 32.29 s
Warning: LJ correction failed to fix close contacts
Iteration 54: Ground Truth: -141.57432556152344, Best Cost = -129.7060089111328, Time Taken: 32.00 s
Iteration 55: Ground Truth: -141.57432556152344, Best Cost = -129.7060089111328, Time Taken: 32.00 s/storage/home/hcoda1/7/hjiang378/conda_envs/torchsim/lib/python3.11/site-packages/pymatgen/io/cif.py:1221: UserWarning: Issues encountered while parsing CIF: 20 fractional coordinates rounded to ideal values to avoid issues with finite precision.
  warnings.warn("Issues encountered while parsing CIF: " + "\n".join(self.warnings))
2025-12-30 06:59:20,831 - root - INFO - Using PyTorch automatic mixed-precision
2025-12-30 06:59:20,831 - root - INFO - GPU is available: True, Quantity: None
2025-12-30 06:59:20,832 - root - INFO - Dataset(s) used:
2025-12-30 06:59:20,832 - root - INFO - Dataset length: ('full', 24677)
2025-12-30 06:59:20,832 - root - INFO - Dataset length: ('train', 22209)
2025-12-30 06:59:20,833 - root - INFO - Dataset length: ('val', 1233)
2025-12-30 06:59:20,833 - root - INFO - Dataset length: ('test', 1233)
2025-12-30 08:33:46,539 - root - INFO - Using PyTorch automatic mixed-precision
2025-12-30 08:33:46,540 - root - INFO - GPU is available: True, Quantity: None
2025-12-30 08:33:46,540 - root - INFO - Dataset(s) used:
2025-12-30 08:33:46,541 - root - INFO - Dataset length: ('full', 24677)
2025-12-30 08:33:46,541 - root - INFO - Dataset length: ('train', 22209)
2025-12-30 08:33:46,542 - root - INFO - Dataset length: ('val', 1233)
2025-12-30 08:33:46,542 - root - INFO - Dataset length: ('test', 1233)

Iteration 56: Ground Truth: -141.57432556152344, Best Cost = -129.7060089111328, Time Taken: 31.94 s
Iteration 57: Ground Truth: -141.57432556152344, Best Cost = -129.7060089111328, Time Taken: 32.25 s
Iteration 58: Ground Truth: -141.57432556152344, Best Cost = -129.7060089111328, Time Taken: 31.82 s
Warning: LJ correction failed to fix close contacts
Iteration 59: Ground Truth: -141.57432556152344, Best Cost = -129.7060089111328, Time Taken: 32.11 s
Iteration 60: Ground Truth: -141.57432556152344, Best Cost = -129.7060089111328, Time Taken: 32.08 s
Iteration 61: Ground Truth: -141.57432556152344, Best Cost = -129.7060089111328, Time Taken: 32.05 s
Warning: LJ correction failed to fix close contacts
Iteration 62: Ground Truth: -141.57432556152344, Best Cost = -129.7060089111328, Time Taken: 32.15 s
Iteration 63: Ground Truth: -141.57432556152344, Best Cost = -129.7060089111328, Time Taken: 32.41 s
Iteration 64: Ground Truth: -141.57432556152344, Best Cost = -129.7060089111328, Time Taken: 31.68 s
Iteration 65: Ground Truth: -141.57432556152344, Best Cost = -129.7060089111328, Time Taken: 31.88 s
Iteration 66: Ground Truth: -141.57432556152344, Best Cost = -129.7060089111328, Time Taken: 31.83 s
Iteration 67: Ground Truth: -141.57432556152344, Best Cost = -129.7060089111328, Time Taken: 32.12 s
Iteration 68: Ground Truth: -141.57432556152344, Best Cost = -129.7060089111328, Time Taken: 31.96 s
Iteration 69: Ground Truth: -141.57432556152344, Best Cost = -129.7060089111328, Time Taken: 32.04 s
Warning: LJ correction failed to fix close contacts
Iteration 70: Ground Truth: -141.57432556152344, Best Cost = -129.7060089111328, Time Taken: 31.82 s
Iteration 71: Ground Truth: -141.57432556152344, Best Cost = -129.7060089111328, Time Taken: 32.12 s
Warning: LJ correction failed to fix close contacts
Iteration 72: Ground Truth: -141.57432556152344, Best Cost = -129.7060089111328, Time Taken: 32.02 s
Iteration 73: Ground Truth: -141.57432556152344, Best Cost = -129.7060089111328, Time Taken: 32.33 s
Iteration 74: Ground Truth: -141.57432556152344, Best Cost = -129.7060089111328, Time Taken: 32.30 s
Iteration 75: Ground Truth: -141.57432556152344, Best Cost = -129.7060089111328, Time Taken: 32.13 s
Iteration 76: Ground Truth: -141.57432556152344, Best Cost = -129.7060089111328, Time Taken: 32.15 s
Iteration 77: Ground Truth: -141.57432556152344, Best Cost = -129.7060089111328, Time Taken: 32.13 s
Warning: LJ correction failed to fix close contacts
Iteration 78: Ground Truth: -141.57432556152344, Best Cost = -129.7060089111328, Time Taken: 31.95 s
Iteration 79: Ground Truth: -141.57432556152344, Best Cost = -129.7060089111328, Time Taken: 32.08 s
Iteration 80: Ground Truth: -141.57432556152344, Best Cost = -129.7060089111328, Time Taken: 31.93 s
Warning: LJ correction failed to fix close contacts
Iteration 81: Ground Truth: -141.57432556152344, Best Cost = -129.7060089111328, Time Taken: 32.35 s
Warning: LJ correction failed to fix close contacts
Iteration 82: Ground Truth: -141.57432556152344, Best Cost = -129.7060089111328, Time Taken: 32.13 s
Iteration 83: Ground Truth: -141.57432556152344, Best Cost = -129.7060089111328, Time Taken: 32.26 s
Iteration 84: Ground Truth: -141.57432556152344, Best Cost = -129.7060089111328, Time Taken: 31.96 s
Iteration 85: Ground Truth: -141.57432556152344, Best Cost = -129.7060089111328, Time Taken: 32.43 s
Warning: LJ correction failed to fix close contacts
Iteration 86: Ground Truth: -141.57432556152344, Best Cost = -129.7060089111328, Time Taken: 31.56 s
Iteration 87: Ground Truth: -141.57432556152344, Best Cost = -129.7060089111328, Time Taken: 32.26 s
Iteration 88: Ground Truth: -141.57432556152344, Best Cost = -129.7060089111328, Time Taken: 31.46 s
Iteration 89: Ground Truth: -141.57432556152344, Best Cost = -129.7060089111328, Time Taken: 31.78 s
Iteration 90: Ground Truth: -141.57432556152344, Best Cost = -129.7060089111328, Time Taken: 31.79 s
Iteration 91: Ground Truth: -141.57432556152344, Best Cost = -129.7060089111328, Time Taken: 32.40 s
Iteration 92: Ground Truth: -141.57432556152344, Best Cost = -129.7060089111328, Time Taken: 31.63 s
Iteration 93: Ground Truth: -141.57432556152344, Best Cost = -129.7060089111328, Time Taken: 32.02 s
Iteration 94: Ground Truth: -141.57432556152344, Best Cost = -129.7060089111328, Time Taken: 31.99 s
Iteration 95: Ground Truth: -141.57432556152344, Best Cost = -129.7060089111328, Time Taken: 31.97 s
Iteration 96: Ground Truth: -141.57432556152344, Best Cost = -129.7060089111328, Time Taken: 32.25 s
Iteration 97: Ground Truth: -141.57432556152344, Best Cost = -129.7060089111328, Time Taken: 32.09 s
Iteration 98: Ground Truth: -141.57432556152344, Best Cost = -129.7060089111328, Time Taken: 32.14 s
Iteration 99: Ground Truth: -141.57432556152344, Best Cost = -129.7060089111328, Time Taken: 31.83 s
Iteration 100: Ground Truth: -141.57432556152344, Best Cost = -129.7060089111328, Time Taken: 31.98 s
No match for mp-1520601: RMSD = 3.280, ΔE = 19.788 eV
mp-1520601 match: [False]
Attempting to load checkpoint...
model loaded successfully
loaded from ../ensemble_model/torchmd-1/checkpoint_0/best_checkpoint.pt,../ensemble_model/torchmd-2/checkpoint_0/best_checkpoint.pt,../ensemble_model/torchmd-3/checkpoint_0/best_checkpoint.pt,../ensemble_model/torchmd-4/checkpoint_0/best_checkpoint.pt,../ensemble_model/torchmd-5/checkpoint_0/best_checkpoint.pt
Recent checkpoint loaded successfully.
Iteration 3: Ground Truth: -73.32367706298828, Best Cost = -62.80537796020508, Time Taken: 29.80 s
Iteration 2: Ground Truth: -73.32367706298828, Best Cost = -62.80537796020508, Time Taken: 29.62 s
Iteration 3: Ground Truth: -73.32367706298828, Best Cost = -62.80537796020508, Time Taken: 30.17 s
Iteration 4: Ground Truth: -73.32367706298828, Best Cost = -62.80537796020508, Time Taken: 29.73 s
Iteration 5: Ground Truth: -73.32367706298828, Best Cost = -62.80537796020508, Time Taken: 30.18 s
Iteration 6: Ground Truth: -73.32367706298828, Best Cost = -62.80537796020508, Time Taken: 30.13 s
Iteration 7: Ground Truth: -73.32367706298828, Best Cost = -62.80537796020508, Time Taken: 30.12 s
Iteration 8: Ground Truth: -73.32367706298828, Best Cost = -62.80537796020508, Time Taken: 30.13 s
Iteration 9: Ground Truth: -73.32367706298828, Best Cost = -62.80537796020508, Time Taken: 29.74 s
Iteration 10: Ground Truth: -73.32367706298828, Best Cost = -62.80537796020508, Time Taken: 30.48 s
Iteration 11: Ground Truth: -73.32367706298828, Best Cost = -62.80537796020508, Time Taken: 30.47 s
Iteration 12: Ground Truth: -73.32367706298828, Best Cost = -62.80537796020508, Time Taken: 30.31 s
Iteration 13: Ground Truth: -73.32367706298828, Best Cost = -62.80537796020508, Time Taken: 29.79 s
Iteration 14: Ground Truth: -73.32367706298828, Best Cost = -62.80537796020508, Time Taken: 30.16 s
Iteration 15: Ground Truth: -73.32367706298828, Best Cost = -62.80537796020508, Time Taken: 30.25 s
Iteration 16: Ground Truth: -73.32367706298828, Best Cost = -62.80537796020508, Time Taken: 30.03 s
Iteration 17: Ground Truth: -73.32367706298828, Best Cost = -62.80537796020508, Time Taken: 30.22 s
Iteration 18: Ground Truth: -73.32367706298828, Best Cost = -62.80537796020508, Time Taken: 30.00 s
Iteration 19: Ground Truth: -73.32367706298828, Best Cost = -62.80537796020508, Time Taken: 30.20 s
Iteration 20: Ground Truth: -73.32367706298828, Best Cost = -62.80537796020508, Time Taken: 30.26 s
Iteration 21: Ground Truth: -73.32367706298828, Best Cost = -62.80537796020508, Time Taken: 30.10 s
Iteration 22: Ground Truth: -73.32367706298828, Best Cost = -62.80537796020508, Time Taken: 30.15 s
Iteration 23: Ground Truth: -73.32367706298828, Best Cost = -62.80537796020508, Time Taken: 30.04 s
Iteration 24: Ground Truth: -73.32367706298828, Best Cost = -62.80537796020508, Time Taken: 30.05 s
Iteration 25: Ground Truth: -73.32367706298828, Best Cost = -62.80537796020508, Time Taken: 29.90 s
Iteration 26: Ground Truth: -73.32367706298828, Best Cost = -62.80537796020508, Time Taken: 29.70 s
Iteration 27: Ground Truth: -73.32367706298828, Best Cost = -62.80537796020508, Time Taken: 30.11 s
Iteration 28: Ground Truth: -73.32367706298828, Best Cost = -62.80537796020508, Time Taken: 29.72 s
Iteration 29: Ground Truth: -73.32367706298828, Best Cost = -62.80537796020508, Time Taken: 30.38 s
Iteration 30: Ground Truth: -73.32367706298828, Best Cost = -62.80537796020508, Time Taken: 30.06 s
Iteration 31: Ground Truth: -73.32367706298828, Best Cost = -62.80537796020508, Time Taken: 29.99 s
Iteration 32: Ground Truth: -73.32367706298828, Best Cost = -62.80537796020508, Time Taken: 29.90 s
Iteration 33: Ground Truth: -73.32367706298828, Best Cost = -62.80537796020508, Time Taken: 29.94 s
Iteration 34: Ground Truth: -73.32367706298828, Best Cost = -62.80537796020508, Time Taken: 30.17 s
Iteration 35: Ground Truth: -73.32367706298828, Best Cost = -62.80537796020508, Time Taken: 29.80 s
Iteration 36: Ground Truth: -73.32367706298828, Best Cost = -62.80537796020508, Time Taken: 29.80 s
Iteration 37: Ground Truth: -73.32367706298828, Best Cost = -72.4590072631836, Time Taken: 30.32 s
Iteration 38: Ground Truth: -73.32367706298828, Best Cost = -72.4590072631836, Time Taken: 30.23 s
Iteration 39: Ground Truth: -73.32367706298828, Best Cost = -72.4590072631836, Time Taken: 29.89 s
Iteration 40: Ground Truth: -73.32367706298828, Best Cost = -72.4590072631836, Time Taken: 30.12 s
Iteration 41: Ground Truth: -73.32367706298828, Best Cost = -72.4590072631836, Time Taken: 30.18 s
Iteration 42: Ground Truth: -73.32367706298828, Best Cost = -72.4590072631836, Time Taken: 30.25 s
Iteration 43: Ground Truth: -73.32367706298828, Best Cost = -72.4590072631836, Time Taken: 30.29 s
Iteration 44: Ground Truth: -73.32367706298828, Best Cost = -72.4590072631836, Time Taken: 30.19 s
Iteration 45: Ground Truth: -73.32367706298828, Best Cost = -72.4590072631836, Time Taken: 30.04 s
Iteration 46: Ground Truth: -73.32367706298828, Best Cost = -72.4590072631836, Time Taken: 30.16 s
Iteration 47: Ground Truth: -73.32367706298828, Best Cost = -72.4590072631836, Time Taken: 30.14 s
Iteration 48: Ground Truth: -73.32367706298828, Best Cost = -72.4590072631836, Time Taken: 29.90 s
Iteration 49: Ground Truth: -73.32367706298828, Best Cost = -72.4590072631836, Time Taken: 29.99 s
Iteration 50: Ground Truth: -73.32367706298828, Best Cost = -72.4590072631836, Time Taken: 30.34 s
Iteration 51: Ground Truth: -73.32367706298828, Best Cost = -72.4590072631836, Time Taken: 30.32 s
Iteration 52: Ground Truth: -73.32367706298828, Best Cost = -72.4590072631836, Time Taken: 29.92 s
Iteration 53: Ground Truth: -73.32367706298828, Best Cost = -72.4590072631836, Time Taken: 30.39 s
Iteration 54: Ground Truth: -73.32367706298828, Best Cost = -72.4590072631836, Time Taken: 30.02 s
Iteration 55: Ground Truth: -73.32367706298828, Best Cost = -72.4590072631836, Time Taken: 30.33 s
Iteration 56: Ground Truth: -73.32367706298828, Best Cost = -72.4590072631836, Time Taken: 30.36 s
Iteration 57: Ground Truth: -73.32367706298828, Best Cost = -72.4590072631836, Time Taken: 30.62 s
Iteration 58: Ground Truth: -73.32367706298828, Best Cost = -72.4590072631836, Time Taken: 30.02 s
Iteration 59: Ground Truth: -73.32367706298828, Best Cost = -72.4590072631836, Time Taken: 30.28 s
Iteration 60: Ground Truth: -73.32367706298828, Best Cost = -72.4590072631836, Time Taken: 29.91 s
Iteration 61: Ground Truth: -73.32367706298828, Best Cost = -72.4590072631836, Time Taken: 30.50 s
Iteration 62: Ground Truth: -73.32367706298828, Best Cost = -72.4590072631836, Time Taken: 30.49 s
Iteration 63: Ground Truth: -73.32367706298828, Best Cost = -72.4590072631836, Time Taken: 30.36 s
Iteration 64: Ground Truth: -73.32367706298828, Best Cost = -72.4590072631836, Time Taken: 30.42 s
Iteration 65: Ground Truth: -73.32367706298828, Best Cost = -72.4590072631836, Time Taken: 30.36 s
Iteration 66: Ground Truth: -73.32367706298828, Best Cost = -72.4590072631836, Time Taken: 30.45 s
Iteration 67: Ground Truth: -73.32367706298828, Best Cost = -72.4590072631836, Time Taken: 30.45 s
Iteration 68: Ground Truth: -73.32367706298828, Best Cost = -72.4590072631836, Time Taken: 30.59 s
Iteration 69: Ground Truth: -73.32367706298828, Best Cost = -72.4590072631836, Time Taken: 30.84 s
Iteration 70: Ground Truth: -73.32367706298828, Best Cost = -72.4590072631836, Time Taken: 30.25 s
Iteration 71: Ground Truth: -73.32367706298828, Best Cost = -72.4590072631836, Time Taken: 29.90 s
Iteration 72: Ground Truth: -73.32367706298828, Best Cost = -72.4590072631836, Time Taken: 30.59 s
Iteration 73: Ground Truth: -73.32367706298828, Best Cost = -72.4590072631836, Time Taken: 30.60 s
Iteration 74: Ground Truth: -73.32367706298828, Best Cost = -72.4590072631836, Time Taken: 30.57 s
Iteration 75: Ground Truth: -73.32367706298828, Best Cost = -72.4590072631836, Time Taken: 30.43 s
Iteration 76: Ground Truth: -73.32367706298828, Best Cost = -72.4590072631836, Time Taken: 30.64 s
Iteration 77: Ground Truth: -73.32367706298828, Best Cost = -72.4590072631836, Time Taken: 31.09 s
Iteration 78: Ground Truth: -73.32367706298828, Best Cost = -72.4590072631836, Time Taken: 30.59 s
Iteration 79: Ground Truth: -73.32367706298828, Best Cost = -72.4590072631836, Time Taken: 30.51 s
Iteration 80: Ground Truth: -73.32367706298828, Best Cost = -72.4590072631836, Time Taken: 30.66 s
Iteration 81: Ground Truth: -73.32367706298828, Best Cost = -72.4590072631836, Time Taken: 30.23 s
Iteration 82: Ground Truth: -73.32367706298828, Best Cost = -72.4590072631836, Time Taken: 30.28 s
Iteration 83: Ground Truth: -73.32367706298828, Best Cost = -72.4590072631836, Time Taken: 30.20 s
Iteration 84: Ground Truth: -73.32367706298828, Best Cost = -72.4590072631836, Time Taken: 30.86 s
Iteration 85: Ground Truth: -73.32367706298828, Best Cost = -72.4590072631836, Time Taken: 30.19 s
Iteration 86: Ground Truth: -73.32367706298828, Best Cost = -72.4590072631836, Time Taken: 30.89 s
Iteration 87: Ground Truth: -73.32367706298828, Best Cost = -72.4590072631836, Time Taken: 30.63 s
Iteration 88: Ground Truth: -73.32367706298828, Best Cost = -72.4590072631836, Time Taken: 30.51 s
Iteration 89: Ground Truth: -73.32367706298828, Best Cost = -72.4590072631836, Time Taken: 30.54 s
Iteration 90: Ground Truth: -73.32367706298828, Best Cost = -72.4590072631836, Time Taken: 30.37 s
Iteration 91: Ground Truth: -73.32367706298828, Best Cost = -72.4590072631836, Time Taken: 30.56 s
Iteration 92: Ground Truth: -73.32367706298828, Best Cost = -72.4590072631836, Time Taken: 30.59 s
Iteration 93: Ground Truth: -73.32367706298828, Best Cost = -72.4590072631836, Time Taken: 30.38 s
Iteration 94: Ground Truth: -73.32367706298828, Best Cost = -72.4590072631836, Time Taken: 29.90 s
Iteration 95: Ground Truth: -73.32367706298828, Best Cost = -72.4590072631836, Time Taken: 30.59 s
Iteration 96: Ground Truth: -73.32367706298828, Best Cost = -72.4590072631836, Time Taken: 29.90 s
Iteration 97: Ground Truth: -73.32367706298828, Best Cost = -72.4590072631836, Time Taken: 30.46 s
Iteration 98: Ground Truth: -73.32367706298828, Best Cost = -72.4590072631836, Time Taken: 30.34 s
Iteration 99: Ground Truth: -73.32367706298828, Best Cost = -72.4590072631836, Time Taken: 30.28 s
Iteration 100: Ground Truth: -73.32367706298828, Best Cost = -72.4590072631836, Time Taken: 30.18 s
No match for mp-16371: RMSD = 3.002, ΔE = 6.322 eV
mp-16371 match: [False]
Attempting to load checkpoint...
model loaded successfully
loaded from ../ensemble_model/torchmd-1/checkpoint_0/best_checkpoint.pt,../ensemble_model/torchmd-2/checkpoint_0/best_checkpoint.pt,../ensemble_model/torchmd-3/checkpoint_0/best_checkpoint.pt,../ensemble_model/torchmd-4/checkpoint_0/best_checkpoint.pt,../ensemble_model/torchmd-5/checkpoint_0/best_checkpoint.pt
Recent checkpoint loaded successfully.
Iteration 1: Ground Truth: -193.64393615722656, Best Cost = 273.5087890625, Time Taken: 55.14 s
Iteration 2: Ground Truth: -193.64393615722656, Best Cost = 273.5087890625, Time Taken: 49.58 s
Iteration 3: Ground Truth: -193.64393615722656, Best Cost = 273.5087890625, Time Taken: 47.47 s
Iteration 4: Ground Truth: -193.64393615722656, Best Cost = 273.5087890625, Time Taken: 50.69 s
Iteration 5: Ground Truth: -193.64393615722656, Best Cost = 273.5087890625, Time Taken: 48.27 s
Iteration 6: Ground Truth: -193.64393615722656, Best Cost = 273.5087890625, Time Taken: 48.38 s
Iteration 7: Ground Truth: -193.64393615722656, Best Cost = 273.5087890625, Time Taken: 50.41 s
Iteration 8: Ground Truth: -193.64393615722656, Best Cost = 273.5087890625, Time Taken: 49.19 s
Iteration 9: Ground Truth: -193.64393615722656, Best Cost = 273.5087890625, Time Taken: 47.87 s
Iteration 10: Ground Truth: -193.64393615722656, Best Cost = 273.5087890625, Time Taken: 46.07 s
Iteration 11: Ground Truth: -193.64393615722656, Best Cost = 273.5087890625, Time Taken: 48.94 s
Iteration 12: Ground Truth: -193.64393615722656, Best Cost = 162.07423400878906, Time Taken: 48.21 s
Iteration 13: Ground Truth: -193.64393615722656, Best Cost = 134.59625244140625, Time Taken: 48.08 s
Iteration 14: Ground Truth: -193.64393615722656, Best Cost = 134.59625244140625, Time Taken: 48.00 s
Iteration 15: Ground Truth: -193.64393615722656, Best Cost = 93.41896057128906, Time Taken: 47.46 s
Iteration 16: Ground Truth: -193.64393615722656, Best Cost = 93.41896057128906, Time Taken: 47.29 s
Iteration 17: Ground Truth: -193.64393615722656, Best Cost = 93.41896057128906, Time Taken: 50.01 s
Iteration 18: Ground Truth: -193.64393615722656, Best Cost = 93.41896057128906, Time Taken: 53.29 s
Iteration 19: Ground Truth: -193.64393615722656, Best Cost = 93.41896057128906, Time Taken: 53.16 s
Iteration 20: Ground Truth: -193.64393615722656, Best Cost = 64.61589050292969, Time Taken: 49.35 s
Iteration 21: Ground Truth: -193.64393615722656, Best Cost = 64.61589050292969, Time Taken: 50.97 s
Iteration 22: Ground Truth: -193.64393615722656, Best Cost = 64.61589050292969, Time Taken: 51.30 s
Iteration 23: Ground Truth: -193.64393615722656, Best Cost = 29.786386489868164, Time Taken: 48.16 s
Iteration 24: Ground Truth: -193.64393615722656, Best Cost = 29.786386489868164, Time Taken: 44.95 s
Iteration 25: Ground Truth: -193.64393615722656, Best Cost = 29.786386489868164, Time Taken: 44.81 s
Iteration 26: Ground Truth: -193.64393615722656, Best Cost = 29.786386489868164, Time Taken: 43.83 s
Iteration 27: Ground Truth: -193.64393615722656, Best Cost = 29.786386489868164, Time Taken: 49.77 s
Iteration 28: Ground Truth: -193.64393615722656, Best Cost = 29.786386489868164, Time Taken: 48.41 s
Iteration 29: Ground Truth: -193.64393615722656, Best Cost = 29.786386489868164, Time Taken: 44.48 s
Iteration 30: Ground Truth: -193.64393615722656, Best Cost = 29.786386489868164, Time Taken: 46.67 s
Iteration 31: Ground Truth: -193.64393615722656, Best Cost = 29.786386489868164, Time Taken: 49.40 s
Iteration 32: Ground Truth: -193.64393615722656, Best Cost = 29.786386489868164, Time Taken: 45.19 s
Iteration 33: Ground Truth: -193.64393615722656, Best Cost = 29.786386489868164, Time Taken: 44.52 s
Iteration 34: Ground Truth: -193.64393615722656, Best Cost = 29.786386489868164, Time Taken: 45.38 s
Iteration 35: Ground Truth: -193.64393615722656, Best Cost = 29.786386489868164, Time Taken: 47.00 s
Iteration 36: Ground Truth: -193.64393615722656, Best Cost = 29.786386489868164, Time Taken: 45.10 s
Iteration 37: Ground Truth: -193.64393615722656, Best Cost = 29.786386489868164, Time Taken: 43.64 s
Iteration 38: Ground Truth: -193.64393615722656, Best Cost = 29.786386489868164, Time Taken: 42.18 s
Iteration 39: Ground Truth: -193.64393615722656, Best Cost = 29.786386489868164, Time Taken: 42.90 s
Iteration 40: Ground Truth: -193.64393615722656, Best Cost = 29.786386489868164, Time Taken: 41.91 s
Iteration 41: Ground Truth: -193.64393615722656, Best Cost = 29.786386489868164, Time Taken: 40.53 s
Iteration 42: Ground Truth: -193.64393615722656, Best Cost = 29.786386489868164, Time Taken: 47.16 s
Iteration 43: Ground Truth: -193.64393615722656, Best Cost = 13.318778991699219, Time Taken: 44.01 s
Iteration 44: Ground Truth: -193.64393615722656, Best Cost = 13.318778991699219, Time Taken: 43.11 s
Iteration 45: Ground Truth: -193.64393615722656, Best Cost = 13.318778991699219, Time Taken: 44.71 s
Iteration 46: Ground Truth: -193.64393615722656, Best Cost = -13.689881324768066, Time Taken: 42.42 s
Iteration 47: Ground Truth: -193.64393615722656, Best Cost = -13.689881324768066, Time Taken: 48.45 s
Iteration 48: Ground Truth: -193.64393615722656, Best Cost = -13.689881324768066, Time Taken: 44.98 s
Iteration 49: Ground Truth: -193.64393615722656, Best Cost = -16.5159969329834, Time Taken: 44.75 s
Iteration 50: Ground Truth: -193.64393615722656, Best Cost = -16.5159969329834, Time Taken: 44.96 s
Iteration 51: Ground Truth: -193.64393615722656, Best Cost = -16.5159969329834, Time Taken: 45.07 s
Iteration 52: Ground Truth: -193.64393615722656, Best Cost = -16.5159969329834, Time Taken: 42.81 s
Iteration 53: Ground Truth: -193.64393615722656, Best Cost = -16.5159969329834, Time Taken: 43.70 s
Iteration 54: Ground Truth: -193.64393615722656, Best Cost = -36.05625915527344, Time Taken: 42.09 s
Iteration 55: Ground Truth: -193.64393615722656, Best Cost = -45.35657501220703, Time Taken: 43.46 s
Iteration 56: Ground Truth: -193.64393615722656, Best Cost = -45.35657501220703, Time Taken: 41.86 s
Iteration 57: Ground Truth: -193.64393615722656, Best Cost = -45.35657501220703, Time Taken: 41.96 s
Iteration 58: Ground Truth: -193.64393615722656, Best Cost = -80.28594970703125, Time Taken: 42.81 s
Iteration 59: Ground Truth: -193.64393615722656, Best Cost = -80.28594970703125, Time Taken: 41.47 s
Iteration 60: Ground Truth: -193.64393615722656, Best Cost = -80.28594970703125, Time Taken: 44.23 s
Iteration 61: Ground Truth: -193.64393615722656, Best Cost = -80.28594970703125, Time Taken: 44.00 s
Iteration 62: Ground Truth: -193.64393615722656, Best Cost = -80.28594970703125, Time Taken: 44.69 s
Iteration 63: Ground Truth: -193.64393615722656, Best Cost = -80.28594970703125, Time Taken: 44.04 s
Iteration 64: Ground Truth: -193.64393615722656, Best Cost = -80.28594970703125, Time Taken: 43.13 s
Iteration 65: Ground Truth: -193.64393615722656, Best Cost = -80.28594970703125, Time Taken: 45.09 s
Iteration 66: Ground Truth: -193.64393615722656, Best Cost = -80.28594970703125, Time Taken: 43.87 s
Iteration 67: Ground Truth: -193.64393615722656, Best Cost = -80.28594970703125, Time Taken: 42.50 s
Iteration 68: Ground Truth: -193.64393615722656, Best Cost = -80.28594970703125, Time Taken: 44.89 s
Iteration 69: Ground Truth: -193.64393615722656, Best Cost = -80.28594970703125, Time Taken: 44.59 s
Iteration 70: Ground Truth: -193.64393615722656, Best Cost = -80.28594970703125, Time Taken: 42.65 s
Iteration 71: Ground Truth: -193.64393615722656, Best Cost = -81.33041381835938, Time Taken: 41.63 s
Iteration 72: Ground Truth: -193.64393615722656, Best Cost = -81.33041381835938, Time Taken: 41.38 s
Iteration 73: Ground Truth: -193.64393615722656, Best Cost = -81.33041381835938, Time Taken: 41.09 s
Iteration 74: Ground Truth: -193.64393615722656, Best Cost = -81.33041381835938, Time Taken: 42.07 s
Iteration 75: Ground Truth: -193.64393615722656, Best Cost = -81.33041381835938, Time Taken: 42.32 s
Iteration 76: Ground Truth: -193.64393615722656, Best Cost = -81.33041381835938, Time Taken: 41.46 s
Iteration 77: Ground Truth: -193.64393615722656, Best Cost = -81.33041381835938, Time Taken: 43.58 s
Iteration 78: Ground Truth: -193.64393615722656, Best Cost = -81.33041381835938, Time Taken: 41.43 s
Iteration 79: Ground Truth: -193.64393615722656, Best Cost = -81.33041381835938, Time Taken: 42.27 s
Iteration 80: Ground Truth: -193.64393615722656, Best Cost = -81.33041381835938, Time Taken: 42.45 s
Iteration 81: Ground Truth: -193.64393615722656, Best Cost = -81.33041381835938, Time Taken: 42.68 s
Iteration 82: Ground Truth: -193.64393615722656, Best Cost = -86.74714660644531, Time Taken: 42.18 s
Iteration 83: Ground Truth: -193.64393615722656, Best Cost = -86.74714660644531, Time Taken: 41.63 s
Iteration 84: Ground Truth: -193.64393615722656, Best Cost = -86.74714660644531, Time Taken: 40.83 s
Iteration 85: Ground Truth: -193.64393615722656, Best Cost = -86.74714660644531, Time Taken: 42.04 s
Iteration 86: Ground Truth: -193.64393615722656, Best Cost = -86.74714660644531, Time Taken: 42.03 s
Iteration 87: Ground Truth: -193.64393615722656, Best Cost = -86.74714660644531, Time Taken: 42.17 s
Iteration 88: Ground Truth: -193.64393615722656, Best Cost = -86.74714660644531, Time Taken: 41.32 s2025-12-30 09:26:14,091 - root - INFO - Using PyTorch automatic mixed-precision
2025-12-30 09:26:14,092 - root - INFO - GPU is available: True, Quantity: None
2025-12-30 09:26:14,092 - root - INFO - Dataset(s) used:
2025-12-30 09:26:14,093 - root - INFO - Dataset length: ('full', 24677)
2025-12-30 09:26:14,093 - root - INFO - Dataset length: ('train', 22209)
2025-12-30 09:26:14,094 - root - INFO - Dataset length: ('val', 1233)
2025-12-30 09:26:14,094 - root - INFO - Dataset length: ('test', 1233)
/storage/home/hcoda1/7/hjiang378/conda_envs/torchsim/lib/python3.11/site-packages/pymatgen/io/cif.py:1221: UserWarning: Issues encountered while parsing CIF: 18 fractional coordinates rounded to ideal values to avoid issues with finite precision.
  warnings.warn("Issues encountered while parsing CIF: " + "\n".join(self.warnings))
2025-12-30 10:23:09,819 - root - INFO - Using PyTorch automatic mixed-precision
2025-12-30 10:23:09,820 - root - INFO - GPU is available: True, Quantity: None
2025-12-30 10:23:09,821 - root - INFO - Dataset(s) used:
2025-12-30 10:23:09,821 - root - INFO - Dataset length: ('full', 24677)
2025-12-30 10:23:09,821 - root - INFO - Dataset length: ('train', 22209)
2025-12-30 10:23:09,822 - root - INFO - Dataset length: ('val', 1233)
2025-12-30 10:23:09,822 - root - INFO - Dataset length: ('test', 1233)

Iteration 89: Ground Truth: -193.64393615722656, Best Cost = -86.74714660644531, Time Taken: 41.85 s
Iteration 90: Ground Truth: -193.64393615722656, Best Cost = -86.74714660644531, Time Taken: 46.38 s
Iteration 91: Ground Truth: -193.64393615722656, Best Cost = -90.1056900024414, Time Taken: 41.97 s
Iteration 92: Ground Truth: -193.64393615722656, Best Cost = -90.1056900024414, Time Taken: 41.59 s
Iteration 93: Ground Truth: -193.64393615722656, Best Cost = -90.1056900024414, Time Taken: 42.19 s
Iteration 94: Ground Truth: -193.64393615722656, Best Cost = -90.1056900024414, Time Taken: 42.66 s
Iteration 95: Ground Truth: -193.64393615722656, Best Cost = -91.80937194824219, Time Taken: 41.78 s
Iteration 96: Ground Truth: -193.64393615722656, Best Cost = -91.80937194824219, Time Taken: 41.34 s
Iteration 97: Ground Truth: -193.64393615722656, Best Cost = -91.80937194824219, Time Taken: 42.15 s
Iteration 98: Ground Truth: -193.64393615722656, Best Cost = -91.80937194824219, Time Taken: 41.58 s
Iteration 99: Ground Truth: -193.64393615722656, Best Cost = -91.80937194824219, Time Taken: 41.48 s
Iteration 100: Ground Truth: -193.64393615722656, Best Cost = -91.80937194824219, Time Taken: 42.50 s
No match for mp-23290: RMSD = 6.017, ΔE = 67.403 eV
mp-23290 match: [False]
Attempting to load checkpoint...
model loaded successfully
loaded from ../ensemble_model/torchmd-1/checkpoint_0/best_checkpoint.pt,../ensemble_model/torchmd-2/checkpoint_0/best_checkpoint.pt,../ensemble_model/torchmd-3/checkpoint_0/best_checkpoint.pt,../ensemble_model/torchmd-4/checkpoint_0/best_checkpoint.pt,../ensemble_model/torchmd-5/checkpoint_0/best_checkpoint.pt
Recent checkpoint loaded successfully.
Iteration 1: Ground Truth: -28.901588439941406, Best Cost = 18.75748062133789, Time Taken: 30.68 s
Iteration 2: Ground Truth: -28.901588439941406, Best Cost = -16.925195693969727, Time Taken: 30.94 s
Iteration 3: Ground Truth: -28.901588439941406, Best Cost = -18.716279983520508, Time Taken: 30.69 s
Iteration 4: Ground Truth: -28.901588439941406, Best Cost = -18.716279983520508, Time Taken: 30.71 s
Iteration 5: Ground Truth: -28.901588439941406, Best Cost = -18.716279983520508, Time Taken: 30.95 s
Iteration 6: Ground Truth: -28.901588439941406, Best Cost = -18.716279983520508, Time Taken: 31.21 s
Iteration 7: Ground Truth: -28.901588439941406, Best Cost = -18.716279983520508, Time Taken: 30.80 s
Iteration 8: Ground Truth: -28.901588439941406, Best Cost = -18.716279983520508, Time Taken: 30.85 s
Iteration 9: Ground Truth: -28.901588439941406, Best Cost = -18.716279983520508, Time Taken: 30.25 s
Iteration 10: Ground Truth: -28.901588439941406, Best Cost = -18.716279983520508, Time Taken: 30.58 s
Iteration 11: Ground Truth: -28.901588439941406, Best Cost = -18.716279983520508, Time Taken: 30.67 s
Iteration 12: Ground Truth: -28.901588439941406, Best Cost = -18.716279983520508, Time Taken: 30.91 s
Iteration 13: Ground Truth: -28.901588439941406, Best Cost = -18.716279983520508, Time Taken: 30.93 s
Iteration 14: Ground Truth: -28.901588439941406, Best Cost = -18.716279983520508, Time Taken: 30.86 s
Iteration 15: Ground Truth: -28.901588439941406, Best Cost = -18.716279983520508, Time Taken: 30.72 s
Iteration 16: Ground Truth: -28.901588439941406, Best Cost = -18.716279983520508, Time Taken: 30.43 s
Iteration 17: Ground Truth: -28.901588439941406, Best Cost = -18.716279983520508, Time Taken: 30.83 s
Iteration 18: Ground Truth: -28.901588439941406, Best Cost = -18.716279983520508, Time Taken: 30.98 s
Iteration 19: Ground Truth: -28.901588439941406, Best Cost = -18.716279983520508, Time Taken: 30.95 s
Iteration 20: Ground Truth: -28.901588439941406, Best Cost = -22.449413299560547, Time Taken: 30.84 s
Iteration 21: Ground Truth: -28.901588439941406, Best Cost = -22.449413299560547, Time Taken: 30.82 s
Iteration 22: Ground Truth: -28.901588439941406, Best Cost = -22.449413299560547, Time Taken: 30.92 s
Iteration 23: Ground Truth: -28.901588439941406, Best Cost = -22.449413299560547, Time Taken: 30.80 s
Iteration 24: Ground Truth: -28.901588439941406, Best Cost = -22.449413299560547, Time Taken: 30.93 s
Iteration 25: Ground Truth: -28.901588439941406, Best Cost = -22.449413299560547, Time Taken: 30.78 s
Iteration 26: Ground Truth: -28.901588439941406, Best Cost = -22.449413299560547, Time Taken: 30.51 s
Iteration 27: Ground Truth: -28.901588439941406, Best Cost = -22.449413299560547, Time Taken: 30.81 s
Iteration 28: Ground Truth: -28.901588439941406, Best Cost = -22.449413299560547, Time Taken: 30.64 s
Iteration 29: Ground Truth: -28.901588439941406, Best Cost = -22.449413299560547, Time Taken: 31.02 s
Iteration 30: Ground Truth: -28.901588439941406, Best Cost = -22.449413299560547, Time Taken: 30.69 s
Iteration 31: Ground Truth: -28.901588439941406, Best Cost = -22.449413299560547, Time Taken: 30.88 s
Iteration 32: Ground Truth: -28.901588439941406, Best Cost = -22.449413299560547, Time Taken: 30.83 s
Iteration 33: Ground Truth: -28.901588439941406, Best Cost = -22.449413299560547, Time Taken: 30.81 s
Iteration 34: Ground Truth: -28.901588439941406, Best Cost = -22.449413299560547, Time Taken: 30.81 s
Iteration 35: Ground Truth: -28.901588439941406, Best Cost = -22.449413299560547, Time Taken: 31.13 s
Iteration 36: Ground Truth: -28.901588439941406, Best Cost = -22.449413299560547, Time Taken: 30.65 s
Iteration 37: Ground Truth: -28.901588439941406, Best Cost = -22.449413299560547, Time Taken: 30.63 s
Iteration 38: Ground Truth: -28.901588439941406, Best Cost = -22.449413299560547, Time Taken: 30.60 s
Iteration 39: Ground Truth: -28.901588439941406, Best Cost = -22.449413299560547, Time Taken: 30.77 s
Iteration 40: Ground Truth: -28.901588439941406, Best Cost = -22.449413299560547, Time Taken: 30.68 s
Iteration 41: Ground Truth: -28.901588439941406, Best Cost = -22.449413299560547, Time Taken: 30.83 s
Iteration 42: Ground Truth: -28.901588439941406, Best Cost = -22.449413299560547, Time Taken: 30.57 s
Iteration 43: Ground Truth: -28.901588439941406, Best Cost = -22.449413299560547, Time Taken: 30.37 s
Iteration 44: Ground Truth: -28.901588439941406, Best Cost = -22.449413299560547, Time Taken: 30.95 s
Iteration 45: Ground Truth: -28.901588439941406, Best Cost = -22.449413299560547, Time Taken: 30.85 s
Iteration 46: Ground Truth: -28.901588439941406, Best Cost = -22.449413299560547, Time Taken: 30.80 s
Iteration 47: Ground Truth: -28.901588439941406, Best Cost = -22.449413299560547, Time Taken: 30.90 s
Iteration 48: Ground Truth: -28.901588439941406, Best Cost = -22.449413299560547, Time Taken: 30.64 s
Iteration 49: Ground Truth: -28.901588439941406, Best Cost = -22.449413299560547, Time Taken: 30.87 s
Iteration 50: Ground Truth: -28.901588439941406, Best Cost = -22.449413299560547, Time Taken: 31.04 s
Iteration 51: Ground Truth: -28.901588439941406, Best Cost = -22.449413299560547, Time Taken: 30.84 s
Iteration 52: Ground Truth: -28.901588439941406, Best Cost = -22.449413299560547, Time Taken: 30.90 s
Iteration 53: Ground Truth: -28.901588439941406, Best Cost = -22.449413299560547, Time Taken: 30.71 s
Iteration 54: Ground Truth: -28.901588439941406, Best Cost = -22.449413299560547, Time Taken: 30.86 s
Iteration 55: Ground Truth: -28.901588439941406, Best Cost = -22.449413299560547, Time Taken: 30.82 s
Iteration 56: Ground Truth: -28.901588439941406, Best Cost = -22.449413299560547, Time Taken: 30.81 s
Iteration 57: Ground Truth: -28.901588439941406, Best Cost = -22.449413299560547, Time Taken: 30.81 s
Iteration 58: Ground Truth: -28.901588439941406, Best Cost = -22.449413299560547, Time Taken: 30.82 s
Iteration 59: Ground Truth: -28.901588439941406, Best Cost = -22.449413299560547, Time Taken: 30.78 s
Iteration 60: Ground Truth: -28.901588439941406, Best Cost = -22.449413299560547, Time Taken: 30.65 s
Iteration 61: Ground Truth: -28.901588439941406, Best Cost = -22.449413299560547, Time Taken: 30.46 s
Iteration 62: Ground Truth: -28.901588439941406, Best Cost = -22.449413299560547, Time Taken: 30.24 s
Iteration 63: Ground Truth: -28.901588439941406, Best Cost = -22.449413299560547, Time Taken: 30.76 s
Iteration 64: Ground Truth: -28.901588439941406, Best Cost = -22.449413299560547, Time Taken: 30.89 s
Iteration 65: Ground Truth: -28.901588439941406, Best Cost = -22.449413299560547, Time Taken: 30.84 s
Iteration 66: Ground Truth: -28.901588439941406, Best Cost = -22.449413299560547, Time Taken: 30.74 s
Iteration 67: Ground Truth: -28.901588439941406, Best Cost = -22.449413299560547, Time Taken: 30.71 s
Iteration 68: Ground Truth: -28.901588439941406, Best Cost = -22.449413299560547, Time Taken: 30.73 s
Iteration 69: Ground Truth: -28.901588439941406, Best Cost = -22.449413299560547, Time Taken: 30.63 s
Iteration 70: Ground Truth: -28.901588439941406, Best Cost = -22.449413299560547, Time Taken: 30.93 s
Iteration 71: Ground Truth: -28.901588439941406, Best Cost = -22.449413299560547, Time Taken: 31.05 s
Iteration 72: Ground Truth: -28.901588439941406, Best Cost = -22.449413299560547, Time Taken: 30.73 s
Iteration 73: Ground Truth: -28.901588439941406, Best Cost = -22.449413299560547, Time Taken: 30.84 s
Iteration 74: Ground Truth: -28.901588439941406, Best Cost = -22.449413299560547, Time Taken: 30.47 s
Iteration 75: Ground Truth: -28.901588439941406, Best Cost = -22.449413299560547, Time Taken: 30.55 s
Iteration 76: Ground Truth: -28.901588439941406, Best Cost = -22.449413299560547, Time Taken: 30.42 s
Iteration 77: Ground Truth: -28.901588439941406, Best Cost = -22.449413299560547, Time Taken: 30.85 s
Iteration 78: Ground Truth: -28.901588439941406, Best Cost = -22.449413299560547, Time Taken: 30.66 s
Iteration 79: Ground Truth: -28.901588439941406, Best Cost = -22.449413299560547, Time Taken: 30.52 s
Iteration 80: Ground Truth: -28.901588439941406, Best Cost = -22.449413299560547, Time Taken: 30.48 s
Iteration 81: Ground Truth: -28.901588439941406, Best Cost = -22.449413299560547, Time Taken: 31.28 s
Iteration 82: Ground Truth: -28.901588439941406, Best Cost = -22.449413299560547, Time Taken: 30.71 s
Iteration 83: Ground Truth: -28.901588439941406, Best Cost = -22.449413299560547, Time Taken: 30.67 s
Iteration 84: Ground Truth: -28.901588439941406, Best Cost = -22.449413299560547, Time Taken: 30.80 s
Iteration 85: Ground Truth: -28.901588439941406, Best Cost = -22.449413299560547, Time Taken: 30.65 s
Iteration 86: Ground Truth: -28.901588439941406, Best Cost = -22.449413299560547, Time Taken: 30.75 s
Iteration 87: Ground Truth: -28.901588439941406, Best Cost = -22.449413299560547, Time Taken: 30.83 s
Iteration 88: Ground Truth: -28.901588439941406, Best Cost = -22.449413299560547, Time Taken: 30.86 s
Iteration 89: Ground Truth: -28.901588439941406, Best Cost = -22.449413299560547, Time Taken: 30.64 s
Iteration 90: Ground Truth: -28.901588439941406, Best Cost = -22.449413299560547, Time Taken: 30.83 s
Iteration 91: Ground Truth: -28.901588439941406, Best Cost = -22.449413299560547, Time Taken: 30.23 s
Iteration 92: Ground Truth: -28.901588439941406, Best Cost = -22.449413299560547, Time Taken: 30.88 s
Iteration 93: Ground Truth: -28.901588439941406, Best Cost = -22.449413299560547, Time Taken: 30.90 s
Iteration 94: Ground Truth: -28.901588439941406, Best Cost = -22.449413299560547, Time Taken: 30.62 s
Iteration 95: Ground Truth: -28.901588439941406, Best Cost = -22.449413299560547, Time Taken: 30.59 s
Iteration 96: Ground Truth: -28.901588439941406, Best Cost = -22.449413299560547, Time Taken: 30.79 s
Iteration 97: Ground Truth: -28.901588439941406, Best Cost = -22.449413299560547, Time Taken: 30.81 s
Iteration 98: Ground Truth: -28.901588439941406, Best Cost = -22.449413299560547, Time Taken: 30.76 s
Iteration 99: Ground Truth: -28.901588439941406, Best Cost = -22.449413299560547, Time Taken: 30.99 s
Iteration 100: Ground Truth: -28.901588439941406, Best Cost = -22.449413299560547, Time Taken: 30.63 s
No match for mp-510564: RMSD = 2.693, ΔE = 3.037 eV
mp-510564 match: [False]
Attempting to load checkpoint...
model loaded successfully
loaded from ../ensemble_model/torchmd-1/checkpoint_0/best_checkpoint.pt,../ensemble_model/torchmd-2/checkpoint_0/best_checkpoint.pt,../ensemble_model/torchmd-3/checkpoint_0/best_checkpoint.pt,../ensemble_model/torchmd-4/checkpoint_0/best_checkpoint.pt,../ensemble_model/torchmd-5/checkpoint_0/best_checkpoint.pt
Recent checkpoint loaded successfully.
Iteration 3: Ground Truth: -148.43397521972656, Best Cost = -9.42650032043457, Time Taken: 46.62 s
Iteration 2: Ground Truth: -148.43397521972656, Best Cost = -56.140281677246094, Time Taken: 40.75 s
Iteration 3: Ground Truth: -148.43397521972656, Best Cost = -56.140281677246094, Time Taken: 37.01 s
Iteration 4: Ground Truth: -148.43397521972656, Best Cost = -56.140281677246094, Time Taken: 36.38 s
Iteration 5: Ground Truth: -148.43397521972656, Best Cost = -56.140281677246094, Time Taken: 35.81 s
Iteration 6: Ground Truth: -148.43397521972656, Best Cost = -63.99140548706055, Time Taken: 35.39 s
Iteration 7: Ground Truth: -148.43397521972656, Best Cost = -63.99140548706055, Time Taken: 34.95 s
Iteration 8: Ground Truth: -148.43397521972656, Best Cost = -79.24362182617188, Time Taken: 34.76 s
Iteration 9: Ground Truth: -148.43397521972656, Best Cost = -79.24362182617188, Time Taken: 34.72 s
Iteration 10: Ground Truth: -148.43397521972656, Best Cost = -86.72355651855469, Time Taken: 34.55 s
Iteration 11: Ground Truth: -148.43397521972656, Best Cost = -86.72355651855469, Time Taken: 34.30 s
Iteration 12: Ground Truth: -148.43397521972656, Best Cost = -86.72355651855469, Time Taken: 34.30 s
Iteration 13: Ground Truth: -148.43397521972656, Best Cost = -86.72355651855469, Time Taken: 33.76 s
Iteration 14: Ground Truth: -148.43397521972656, Best Cost = -86.72355651855469, Time Taken: 33.85 s
Iteration 15: Ground Truth: -148.43397521972656, Best Cost = -86.72355651855469, Time Taken: 33.89 s
Iteration 16: Ground Truth: -148.43397521972656, Best Cost = -86.72355651855469, Time Taken: 33.77 s
Iteration 17: Ground Truth: -148.43397521972656, Best Cost = -86.72355651855469, Time Taken: 33.78 s
Iteration 18: Ground Truth: -148.43397521972656, Best Cost = -86.72355651855469, Time Taken: 33.88 s
Iteration 19: Ground Truth: -148.43397521972656, Best Cost = -86.72355651855469, Time Taken: 33.91 s
Iteration 20: Ground Truth: -148.43397521972656, Best Cost = -86.72355651855469, Time Taken: 33.59 s
Iteration 21: Ground Truth: -148.43397521972656, Best Cost = -86.72355651855469, Time Taken: 33.63 s
Iteration 22: Ground Truth: -148.43397521972656, Best Cost = -86.72355651855469, Time Taken: 33.90 s
Iteration 23: Ground Truth: -148.43397521972656, Best Cost = -86.72355651855469, Time Taken: 33.62 s
Iteration 24: Ground Truth: -148.43397521972656, Best Cost = -86.72355651855469, Time Taken: 33.50 s
Iteration 25: Ground Truth: -148.43397521972656, Best Cost = -86.72355651855469, Time Taken: 33.43 s
Iteration 26: Ground Truth: -148.43397521972656, Best Cost = -86.72355651855469, Time Taken: 33.49 s
Iteration 27: Ground Truth: -148.43397521972656, Best Cost = -86.72355651855469, Time Taken: 33.28 s
Iteration 28: Ground Truth: -148.43397521972656, Best Cost = -86.72355651855469, Time Taken: 33.39 s
Iteration 29: Ground Truth: -148.43397521972656, Best Cost = -86.72355651855469, Time Taken: 33.38 s
Iteration 30: Ground Truth: -148.43397521972656, Best Cost = -86.72355651855469, Time Taken: 33.30 s
Iteration 31: Ground Truth: -148.43397521972656, Best Cost = -86.72355651855469, Time Taken: 33.25 s
Iteration 32: Ground Truth: -148.43397521972656, Best Cost = -86.72355651855469, Time Taken: 33.31 s
Iteration 33: Ground Truth: -148.43397521972656, Best Cost = -86.72355651855469, Time Taken: 33.59 s
Iteration 34: Ground Truth: -148.43397521972656, Best Cost = -86.72355651855469, Time Taken: 33.35 s
Iteration 35: Ground Truth: -148.43397521972656, Best Cost = -86.72355651855469, Time Taken: 33.53 s
Iteration 36: Ground Truth: -148.43397521972656, Best Cost = -86.72355651855469, Time Taken: 33.48 s
Iteration 37: Ground Truth: -148.43397521972656, Best Cost = -86.72355651855469, Time Taken: 33.46 s
Iteration 38: Ground Truth: -148.43397521972656, Best Cost = -86.72355651855469, Time Taken: 33.29 s
Iteration 39: Ground Truth: -148.43397521972656, Best Cost = -86.72355651855469, Time Taken: 33.11 s
Iteration 40: Ground Truth: -148.43397521972656, Best Cost = -86.72355651855469, Time Taken: 33.33 s
Iteration 41: Ground Truth: -148.43397521972656, Best Cost = -86.72355651855469, Time Taken: 33.18 s
Iteration 42: Ground Truth: -148.43397521972656, Best Cost = -86.72355651855469, Time Taken: 33.26 s
Iteration 43: Ground Truth: -148.43397521972656, Best Cost = -86.72355651855469, Time Taken: 33.27 s
Iteration 44: Ground Truth: -148.43397521972656, Best Cost = -86.72355651855469, Time Taken: 33.33 s
Iteration 45: Ground Truth: -148.43397521972656, Best Cost = -86.72355651855469, Time Taken: 33.25 s
Iteration 46: Ground Truth: -148.43397521972656, Best Cost = -87.68228912353516, Time Taken: 33.15 s
Iteration 47: Ground Truth: -148.43397521972656, Best Cost = -87.68228912353516, Time Taken: 33.09 s
Iteration 48: Ground Truth: -148.43397521972656, Best Cost = -87.68228912353516, Time Taken: 33.24 s
Iteration 49: Ground Truth: -148.43397521972656, Best Cost = -87.68228912353516, Time Taken: 33.05 s
Iteration 50: Ground Truth: -148.43397521972656, Best Cost = -87.68228912353516, Time Taken: 33.00 s
Iteration 51: Ground Truth: -148.43397521972656, Best Cost = -87.68228912353516, Time Taken: 33.22 s
Iteration 52: Ground Truth: -148.43397521972656, Best Cost = -87.68228912353516, Time Taken: 33.32 s
Iteration 53: Ground Truth: -148.43397521972656, Best Cost = -87.68228912353516, Time Taken: 33.28 s
Iteration 54: Ground Truth: -148.43397521972656, Best Cost = -87.68228912353516, Time Taken: 33.95 s
Iteration 55: Ground Truth: -148.43397521972656, Best Cost = -87.68228912353516, Time Taken: 33.23 s
Iteration 56: Ground Truth: -148.43397521972656, Best Cost = -87.68228912353516, Time Taken: 33.28 s
Iteration 57: Ground Truth: -148.43397521972656, Best Cost = -87.68228912353516, Time Taken: 33.03 s
Iteration 58: Ground Truth: -148.43397521972656, Best Cost = -87.68228912353516, Time Taken: 33.17 s
Iteration 59: Ground Truth: -148.43397521972656, Best Cost = -87.68228912353516, Time Taken: 33.15 s
Iteration 60: Ground Truth: -148.43397521972656, Best Cost = -87.68228912353516, Time Taken: 33.14 s
Iteration 61: Ground Truth: -148.43397521972656, Best Cost = -87.68228912353516, Time Taken: 33.09 s
Iteration 62: Ground Truth: -148.43397521972656, Best Cost = -87.68228912353516, Time Taken: 33.31 s
Iteration 63: Ground Truth: -148.43397521972656, Best Cost = -87.68228912353516, Time Taken: 33.18 s
Iteration 64: Ground Truth: -148.43397521972656, Best Cost = -87.68228912353516, Time Taken: 33.40 s
Iteration 65: Ground Truth: -148.43397521972656, Best Cost = -87.68228912353516, Time Taken: 33.27 s
Iteration 66: Ground Truth: -148.43397521972656, Best Cost = -87.68228912353516, Time Taken: 33.05 s
Iteration 67: Ground Truth: -148.43397521972656, Best Cost = -87.68228912353516, Time Taken: 33.21 s
Iteration 68: Ground Truth: -148.43397521972656, Best Cost = -87.68228912353516, Time Taken: 33.45 s
Iteration 69: Ground Truth: -148.43397521972656, Best Cost = -87.68228912353516, Time Taken: 33.33 s
Iteration 70: Ground Truth: -148.43397521972656, Best Cost = -87.68228912353516, Time Taken: 33.63 s
Iteration 71: Ground Truth: -148.43397521972656, Best Cost = -87.68228912353516, Time Taken: 33.29 s
Iteration 72: Ground Truth: -148.43397521972656, Best Cost = -87.68228912353516, Time Taken: 33.34 s
Iteration 73: Ground Truth: -148.43397521972656, Best Cost = -87.68228912353516, Time Taken: 33.29 s
Iteration 74: Ground Truth: -148.43397521972656, Best Cost = -87.68228912353516, Time Taken: 33.34 s
Iteration 75: Ground Truth: -148.43397521972656, Best Cost = -87.68228912353516, Time Taken: 33.26 s
Iteration 76: Ground Truth: -148.43397521972656, Best Cost = -87.68228912353516, Time Taken: 33.04 s
Iteration 77: Ground Truth: -148.43397521972656, Best Cost = -87.68228912353516, Time Taken: 33.07 s
Iteration 78: Ground Truth: -148.43397521972656, Best Cost = -87.68228912353516, Time Taken: 33.19 s
Iteration 79: Ground Truth: -148.43397521972656, Best Cost = -87.68228912353516, Time Taken: 33.17 s
Iteration 80: Ground Truth: -148.43397521972656, Best Cost = -87.68228912353516, Time Taken: 33.48 s
Iteration 81: Ground Truth: -148.43397521972656, Best Cost = -87.68228912353516, Time Taken: 33.13 s
Iteration 82: Ground Truth: -148.43397521972656, Best Cost = -87.68228912353516, Time Taken: 33.34 s
Iteration 83: Ground Truth: -148.43397521972656, Best Cost = -87.68228912353516, Time Taken: 33.92 s
Iteration 84: Ground Truth: -148.43397521972656, Best Cost = -87.68228912353516, Time Taken: 33.53 s
Iteration 85: Ground Truth: -148.43397521972656, Best Cost = -87.68228912353516, Time Taken: 33.32 s
Iteration 86: Ground Truth: -148.43397521972656, Best Cost = -87.68228912353516, Time Taken: 33.49 s
Iteration 87: Ground Truth: -148.43397521972656, Best Cost = -87.68228912353516, Time Taken: 33.46 s
Iteration 88: Ground Truth: -148.43397521972656, Best Cost = -87.68228912353516, Time Taken: 33.50 s
Iteration 89: Ground Truth: -148.43397521972656, Best Cost = -87.68228912353516, Time Taken: 33.40 s
Iteration 90: Ground Truth: -148.43397521972656, Best Cost = -87.68228912353516, Time Taken: 33.29 s
Iteration 91: Ground Truth: -148.43397521972656, Best Cost = -87.68228912353516, Time Taken: 33.34 s
Iteration 92: Ground Truth: -148.43397521972656, Best Cost = -87.68228912353516, Time Taken: 33.29 s
Iteration 93: Ground Truth: -148.43397521972656, Best Cost = -87.68228912353516, Time Taken: 33.15 s
Iteration 94: Ground Truth: -148.43397521972656, Best Cost = -87.68228912353516, Time Taken: 33.40 s
Iteration 95: Ground Truth: -148.43397521972656, Best Cost = -87.68228912353516, Time Taken: 32.94 s
Iteration 96: Ground Truth: -148.43397521972656, Best Cost = -87.68228912353516, Time Taken: 33.32 s
Iteration 97: Ground Truth: -148.43397521972656, Best Cost = -87.68228912353516, Time Taken: 33.19 s
Iteration 98: Ground Truth: -148.43397521972656, Best Cost = -87.68228912353516, Time Taken: 33.18 s
Iteration 99: Ground Truth: -148.43397521972656, Best Cost = -87.68228912353516, Time Taken: 33.18 s
Iteration 100: Ground Truth: -148.43397521972656, Best Cost = -87.68228912353516, Time Taken: 33.42 s
No match for mp-7572: RMSD = 3.568, ΔE = 36.330 eV
mp-7572 match: [False]
Attempting to load checkpoint...
model loaded successfully
loaded from ../ensemble_model/torchmd-1/checkpoint_0/best_checkpoint.pt,../ensemble_model/torchmd-2/checkpoint_0/best_checkpoint.pt,../ensemble_model/torchmd-3/checkpoint_0/best_checkpoint.pt,../ensemble_model/torchmd-4/checkpoint_0/best_checkpoint.pt,../ensemble_model/torchmd-5/checkpoint_0/best_checkpoint.pt
Recent checkpoint loaded successfully.
Iteration 1: Ground Truth: -69.36095428466797, Best Cost = -33.165428161621094, Time Taken: 29.65 s
Iteration 2: Ground Truth: -69.36095428466797, Best Cost = -40.154212951660156, Time Taken: 29.49 s
Iteration 3: Ground Truth: -69.36095428466797, Best Cost = -40.154212951660156, Time Taken: 29.48 s
Iteration 4: Ground Truth: -69.36095428466797, Best Cost = -41.709896087646484, Time Taken: 29.39 s
Iteration 5: Ground Truth: -69.36095428466797, Best Cost = -46.9830322265625, Time Taken: 29.26 s
Iteration 6: Ground Truth: -69.36095428466797, Best Cost = -46.9830322265625, Time Taken: 29.45 s
Iteration 7: Ground Truth: -69.36095428466797, Best Cost = -46.9830322265625, Time Taken: 29.39 s
Iteration 8: Ground Truth: -69.36095428466797, Best Cost = -46.9830322265625, Time Taken: 29.23 s
Iteration 9: Ground Truth: -69.36095428466797, Best Cost = -46.9830322265625, Time Taken: 29.34 s
Iteration 10: Ground Truth: -69.36095428466797, Best Cost = -46.9830322265625, Time Taken: 29.43 s
Iteration 11: Ground Truth: -69.36095428466797, Best Cost = -46.9830322265625, Time Taken: 29.27 s
Iteration 12: Ground Truth: -69.36095428466797, Best Cost = -46.9830322265625, Time Taken: 29.41 s
Iteration 13: Ground Truth: -69.36095428466797, Best Cost = -46.9830322265625, Time Taken: 29.35 s
Iteration 14: Ground Truth: -69.36095428466797, Best Cost = -46.9830322265625, Time Taken: 29.31 s
Iteration 15: Ground Truth: -69.36095428466797, Best Cost = -46.9830322265625, Time Taken: 29.11 s
Iteration 16: Ground Truth: -69.36095428466797, Best Cost = -46.9830322265625, Time Taken: 29.42 s
Iteration 17: Ground Truth: -69.36095428466797, Best Cost = -46.9830322265625, Time Taken: 29.11 s
Iteration 18: Ground Truth: -69.36095428466797, Best Cost = -46.9830322265625, Time Taken: 29.60 s
Iteration 19: Ground Truth: -69.36095428466797, Best Cost = -46.9830322265625, Time Taken: 29.27 s
Iteration 20: Ground Truth: -69.36095428466797, Best Cost = -46.9830322265625, Time Taken: 29.07 s
Iteration 21: Ground Truth: -69.36095428466797, Best Cost = -46.9830322265625, Time Taken: 29.14 s
Iteration 22: Ground Truth: -69.36095428466797, Best Cost = -46.9830322265625, Time Taken: 29.17 s
Iteration 23: Ground Truth: -69.36095428466797, Best Cost = -46.9830322265625, Time Taken: 29.17 s
Iteration 24: Ground Truth: -69.36095428466797, Best Cost = -46.9830322265625, Time Taken: 29.32 s
Iteration 25: Ground Truth: -69.36095428466797, Best Cost = -46.9830322265625, Time Taken: 29.33 s
Iteration 26: Ground Truth: -69.36095428466797, Best Cost = -46.9830322265625, Time Taken: 29.34 s
Iteration 27: Ground Truth: -69.36095428466797, Best Cost = -46.9830322265625, Time Taken: 29.11 s
Iteration 28: Ground Truth: -69.36095428466797, Best Cost = -46.9830322265625, Time Taken: 29.25 s
Iteration 29: Ground Truth: -69.36095428466797, Best Cost = -46.9830322265625, Time Taken: 29.08 s
Iteration 30: Ground Truth: -69.36095428466797, Best Cost = -46.9830322265625, Time Taken: 29.11 s
Iteration 31: Ground Truth: -69.36095428466797, Best Cost = -46.9830322265625, Time Taken: 29.15 s
Iteration 32: Ground Truth: -69.36095428466797, Best Cost = -46.9830322265625, Time Taken: 29.47 s
Iteration 33: Ground Truth: -69.36095428466797, Best Cost = -46.9830322265625, Time Taken: 29.32 s
Iteration 34: Ground Truth: -69.36095428466797, Best Cost = -46.9830322265625, Time Taken: 29.76 s
Iteration 35: Ground Truth: -69.36095428466797, Best Cost = -46.9830322265625, Time Taken: 29.49 s
Iteration 36: Ground Truth: -69.36095428466797, Best Cost = -46.9830322265625, Time Taken: 29.07 s
Iteration 37: Ground Truth: -69.36095428466797, Best Cost = -46.9830322265625, Time Taken: 29.02 s
Iteration 38: Ground Truth: -69.36095428466797, Best Cost = -46.9830322265625, Time Taken: 29.21 s
Iteration 39: Ground Truth: -69.36095428466797, Best Cost = -46.9830322265625, Time Taken: 29.09 s
Iteration 40: Ground Truth: -69.36095428466797, Best Cost = -46.9830322265625, Time Taken: 29.14 s
Iteration 41: Ground Truth: -69.36095428466797, Best Cost = -46.9830322265625, Time Taken: 29.06 s
Iteration 42: Ground Truth: -69.36095428466797, Best Cost = -46.9830322265625, Time Taken: 29.04 s
Iteration 43: Ground Truth: -69.36095428466797, Best Cost = -46.9830322265625, Time Taken: 29.05 s
Iteration 44: Ground Truth: -69.36095428466797, Best Cost = -46.9830322265625, Time Taken: 29.33 s
Iteration 45: Ground Truth: -69.36095428466797, Best Cost = -46.9830322265625, Time Taken: 29.00 s
Iteration 46: Ground Truth: -69.36095428466797, Best Cost = -46.9830322265625, Time Taken: 29.18 s
Iteration 47: Ground Truth: -69.36095428466797, Best Cost = -46.9830322265625, Time Taken: 29.28 s
Iteration 48: Ground Truth: -69.36095428466797, Best Cost = -46.9830322265625, Time Taken: 29.41 s
Iteration 49: Ground Truth: -69.36095428466797, Best Cost = -46.9830322265625, Time Taken: 29.04 s
Iteration 50: Ground Truth: -69.36095428466797, Best Cost = -46.9830322265625, Time Taken: 29.04 s
Iteration 51: Ground Truth: -69.36095428466797, Best Cost = -46.9830322265625, Time Taken: 29.31 s
Iteration 52: Ground Truth: -69.36095428466797, Best Cost = -46.9830322265625, Time Taken: 29.07 s
Iteration 53: Ground Truth: -69.36095428466797, Best Cost = -46.9830322265625, Time Taken: 29.32 s
Iteration 54: Ground Truth: -69.36095428466797, Best Cost = -46.9830322265625, Time Taken: 29.17 s
Iteration 55: Ground Truth: -69.36095428466797, Best Cost = -46.9830322265625, Time Taken: 28.82 s
Iteration 56: Ground Truth: -69.36095428466797, Best Cost = -46.9830322265625, Time Taken: 29.20 s
Iteration 57: Ground Truth: -69.36095428466797, Best Cost = -46.9830322265625, Time Taken: 29.28 s
Iteration 58: Ground Truth: -69.36095428466797, Best Cost = -46.9830322265625, Time Taken: 29.36 s
Iteration 59: Ground Truth: -69.36095428466797, Best Cost = -46.9830322265625, Time Taken: 29.45 s
Iteration 60: Ground Truth: -69.36095428466797, Best Cost = -46.9830322265625, Time Taken: 29.40 s
Iteration 61: Ground Truth: -69.36095428466797, Best Cost = -46.9830322265625, Time Taken: 29.44 s
Iteration 62: Ground Truth: -69.36095428466797, Best Cost = -46.9830322265625, Time Taken: 29.31 s
Iteration 63: Ground Truth: -69.36095428466797, Best Cost = -46.9830322265625, Time Taken: 29.20 s
Iteration 64: Ground Truth: -69.36095428466797, Best Cost = -46.9830322265625, Time Taken: 29.88 s
Iteration 65: Ground Truth: -69.36095428466797, Best Cost = -46.9830322265625, Time Taken: 29.51 s
Iteration 66: Ground Truth: -69.36095428466797, Best Cost = -46.9830322265625, Time Taken: 29.44 s
Iteration 67: Ground Truth: -69.36095428466797, Best Cost = -46.9830322265625, Time Taken: 29.26 s
Iteration 68: Ground Truth: -69.36095428466797, Best Cost = -46.9830322265625, Time Taken: 29.26 s
Iteration 69: Ground Truth: -69.36095428466797, Best Cost = -46.9830322265625, Time Taken: 29.34 s
Iteration 70: Ground Truth: -69.36095428466797, Best Cost = -46.9830322265625, Time Taken: 29.20 s
Iteration 71: Ground Truth: -69.36095428466797, Best Cost = -46.9830322265625, Time Taken: 29.38 s
Iteration 72: Ground Truth: -69.36095428466797, Best Cost = -46.9830322265625, Time Taken: 29.35 s
Iteration 73: Ground Truth: -69.36095428466797, Best Cost = -46.9830322265625, Time Taken: 29.35 s
Iteration 74: Ground Truth: -69.36095428466797, Best Cost = -46.9830322265625, Time Taken: 29.31 s
Iteration 75: Ground Truth: -69.36095428466797, Best Cost = -46.9830322265625, Time Taken: 29.55 s
Iteration 76: Ground Truth: -69.36095428466797, Best Cost = -46.9830322265625, Time Taken: 29.39 s
Iteration 77: Ground Truth: -69.36095428466797, Best Cost = -46.9830322265625, Time Taken: 29.27 s
Iteration 78: Ground Truth: -69.36095428466797, Best Cost = -46.9830322265625, Time Taken: 29.34 s
Iteration 79: Ground Truth: -69.36095428466797, Best Cost = -46.9830322265625, Time Taken: 29.47 s
Iteration 80: Ground Truth: -69.36095428466797, Best Cost = -46.9830322265625, Time Taken: 29.30 s
Iteration 81: Ground Truth: -69.36095428466797, Best Cost = -46.9830322265625, Time Taken: 29.42 s
Iteration 82: Ground Truth: -69.36095428466797, Best Cost = -46.9830322265625, Time Taken: 29.27 s
Iteration 83: Ground Truth: -69.36095428466797, Best Cost = -46.9830322265625, Time Taken: 29.41 s
Iteration 84: Ground Truth: -69.36095428466797, Best Cost = -46.9830322265625, Time Taken: 29.36 s
Iteration 85: Ground Truth: -69.36095428466797, Best Cost = -46.9830322265625, Time Taken: 29.24 s
Iteration 86: Ground Truth: -69.36095428466797, Best Cost = -46.9830322265625, Time Taken: 29.26 s
Iteration 87: Ground Truth: -69.36095428466797, Best Cost = -46.9830322265625, Time Taken: 29.41 s
Iteration 88: Ground Truth: -69.36095428466797, Best Cost = -46.9830322265625, Time Taken: 29.31 s
Iteration 89: Ground Truth: -69.36095428466797, Best Cost = -46.9830322265625, Time Taken: 29.15 s
Iteration 90: Ground Truth: -69.36095428466797, Best Cost = -46.9830322265625, Time Taken: 29.52 s
Iteration 91: Ground Truth: -69.36095428466797, Best Cost = -46.9830322265625, Time Taken: 29.37 s
Iteration 92: Ground Truth: -69.36095428466797, Best Cost = -46.9830322265625, Time Taken: 29.07 s
Iteration 93: Ground Truth: -69.36095428466797, Best Cost = -46.9830322265625, Time Taken: 29.62 s
Iteration 94: Ground Truth: -69.36095428466797, Best Cost = -46.9830322265625, Time Taken: 28.99 s
Iteration 95: Ground Truth: -69.36095428466797, Best Cost = -46.9830322265625, Time Taken: 29.01 s
Iteration 96: Ground Truth: -69.36095428466797, Best Cost = -46.9830322265625, Time Taken: 29.44 s
Iteration 97: Ground Truth: -69.36095428466797, Best Cost = -46.9830322265625, Time Taken: 29.38 s
Iteration 98: Ground Truth: -69.36095428466797, Best Cost = -46.9830322265625, Time Taken: 29.32 s
Iteration 99: Ground Truth: -69.36095428466797, Best Cost = -46.9830322265625, Time Taken: 29.34 s
Iteration 100: Ground Truth: -69.36095428466797, Best Cost = -46.9830322265625, Time Taken: 29.24 s
No match for mp-999265: RMSD = 2.796, ΔE = 7.431 eV
mp-999265 match: [False]
Distance and Energy Differences:
[(0.4524111848824135, 7.4589577), (5.154360032447765, 35.433052), (0.48814946285241256, 11.470947), (1.5835602093598427, 0.16119003), (3.2801706949819205, 19.787598), (3.001794019117883, 6.3217545), (6.017081785157577, 67.40299), (2.692719971278458, 3.0366402), (3.567801276243109, 36.329575), (2.795978510334269, 7.4313965)]

Matched 0/10 structures.
Match ratio: 0.00
---------------------------------------
Begin Slurm Epilog: Dec-30-2025 11:12:41
Job ID:        3107078
User ID:       hjiang378
Account:       gts-vfung3
Job name:      pso_local
Resources:     cpu=12,gres/gpu:v100=1,mem=48G,node=1
Rsrc Used:     cput=4-17:43:24,vmem=0,walltime=09:28:37,mem=2232520K,energy_used=0
Partition:     gpu-v100
QOS:           inferno
Nodes:         atl1-1-02-011-35-0
---------------------------------------
